sgd,average,early_stopping,fit_intercept,loss,epsilon_insensitive,hinge,huber,log_loss,modified_huber,perceptron,squared_error,penalty,elasticnet,l1,l2,None,shuffle,warm_start,Performance
1,0,0,0,1,0,0,1,0,0,0,0,1,0,0,0,1,0,0,0.8973
1,1,1,1,1,0,0,0,0,0,1,0,1,0,1,0,0,1,1,0.0988
1,1,0,1,1,0,0,0,1,0,0,0,1,0,1,0,0,1,1,0.3237
1,0,0,1,1,0,0,0,1,0,0,0,1,1,0,0,0,1,0,0.9157
1,0,0,0,1,0,0,0,0,0,0,1,1,0,1,0,0,0,0,0.7414
1,1,1,1,1,0,0,0,0,0,0,1,1,1,0,0,0,1,1,0.8875
1,1,1,1,1,0,0,0,1,0,0,0,1,1,0,0,0,1,1,0.8751
1,0,0,0,1,0,0,1,0,0,0,0,1,0,1,0,0,1,1,0.405
1,0,0,0,1,0,0,1,0,0,0,0,1,0,0,1,0,1,1,0.9108
1,0,0,0,1,0,0,0,0,0,0,1,1,0,0,0,1,1,1,0.9179
1,1,1,1,1,0,0,0,0,0,1,0,1,0,0,0,1,1,1,0.9093
1,1,1,0,1,0,0,1,0,0,0,0,1,1,0,0,0,1,1,0.9055
1,0,0,0,1,0,1,0,0,0,0,0,1,0,0,1,0,1,0,0.6507
1,0,1,0,1,0,0,0,1,0,0,0,1,1,0,0,0,1,0,0.2378
1,0,0,0,1,0,0,0,0,0,0,1,1,0,0,1,0,0,0,0.8998
1,1,1,1,1,0,0,0,0,0,1,0,1,0,0,1,0,1,1,0.1005
1,0,0,0,1,0,0,0,1,0,0,0,1,0,0,1,0,0,0,0.9024
1,0,0,0,1,1,0,0,0,0,0,0,1,0,0,1,0,0,0,0.9062
1,0,0,0,1,0,0,0,0,0,1,0,1,0,0,1,0,0,0,0.9078
1,0,0,0,1,0,1,0,0,0,0,0,1,0,0,1,0,0,0,0.9038
1,1,1,1,1,0,1,0,0,0,0,0,1,1,0,0,0,1,1,0.8974
1,0,0,1,1,0,0,0,0,0,0,1,1,0,1,0,0,1,1,0.0971
1,1,0,1,1,0,1,0,0,0,0,0,1,0,1,0,0,1,1,0.9131
1,1,1,0,1,0,0,1,0,0,0,0,1,0,0,1,0,1,1,0.9058
1,0,0,0,1,0,0,0,0,1,0,0,1,0,0,1,0,0,0,0.9058
1,0,1,0,1,0,0,1,0,0,0,0,1,0,0,0,1,1,1,0.0964
1,1,1,0,1,0,0,1,0,0,0,0,1,0,0,0,1,1,1,0.0826
1,1,0,1,1,0,0,0,0,0,1,0,1,0,1,0,0,1,1,0.9103
1,0,0,0,1,1,0,0,0,0,0,0,1,0,0,0,1,1,1,0.1915
1,1,1,1,1,0,0,0,0,1,0,0,1,1,0,0,0,1,1,0.1037
1,0,0,0,1,0,1,0,0,0,0,0,1,0,0,0,1,1,1,0.3119
1,0,0,0,1,0,0,0,0,1,0,0,1,0,0,0,1,1,1,0.3836
1,0,0,0,1,0,0,1,0,0,0,0,1,0,1,0,0,1,0,0.8999
1,1,1,1,1,0,0,1,0,0,0,0,1,1,0,0,0,1,1,0.8875
1,0,1,0,1,0,0,0,0,0,1,0,1,0,0,1,0,1,1,0.9059
1,0,0,0,1,0,0,0,0,0,0,1,1,1,0,0,0,0,0,0.8998
1,0,1,0,1,0,0,0,0,1,0,0,1,0,0,1,0,1,1,0.8471
1,1,0,1,1,1,0,0,0,0,0,0,1,0,1,0,0,1,1,0.3494
1,0,0,0,1,0,0,0,0,0,0,1,1,0,0,0,1,0,0,0.7748
1,0,0,0,1,0,0,1,0,0,0,0,1,1,0,0,0,1,0,0.4483
1,1,0,0,1,0,0,0,1,0,0,0,1,1,0,0,0,1,0,0.8999
1,0,0,0,1,0,0,0,0,0,1,0,1,0,0,0,1,1,1,0.885
1,0,0,0,1,0,0,0,0,1,0,0,1,0,0,1,0,1,0,0.9114
1,0,0,1,1,0,0,0,1,0,0,0,1,1,0,0,0,0,1,0.9153
1,0,1,0,1,0,0,1,0,0,0,0,1,1,0,0,0,1,1,0.8875
1,1,1,1,1,1,0,0,0,0,0,0,1,1,0,0,0,1,1,0.915
1,1,0,1,1,0,0,0,0,1,0,0,1,0,1,0,0,1,1,0.1177
1,1,1,1,1,0,0,0,0,0,0,1,1,0,0,0,1,1,1,0.8847
1,0,1,0,1,0,0,0,1,0,0,0,1,1,0,0,0,0,1,0.1022
1,0,0,0,1,0,0,0,1,0,0,0,1,0,0,1,0,1,0,0.912
1,0,0,0,1,0,1,0,0,0,0,0,1,0,1,0,0,0,0,0.9056
1,1,1,1,1,0,0,0,0,1,0,0,1,0,0,1,0,1,1,0.9047
1,0,0,0,1,0,0,0,0,0,1,0,1,0,0,1,0,1,0,0.0888
1,0,0,0,1,0,0,0,0,1,0,0,1,0,0,1,0,1,1,0.9114
1,1,1,1,1,0,0,1,0,0,0,0,1,0,0,1,0,1,1,0.891
1,0,0,0,1,0,0,1,0,0,0,0,1,0,0,0,1,1,0,0.0126
1,1,1,1,1,0,0,0,1,0,0,0,1,0,0,1,0,1,1,0.9029
1,1,0,1,1,0,0,0,0,0,0,1,1,0,1,0,0,1,1,0.0971
1,1,0,0,1,0,0,0,1,0,0,0,1,1,0,0,0,0,1,0.0033
1,0,0,0,1,0,0,1,0,0,0,0,1,1,0,0,0,0,0,0.6661
1,0,1,0,1,0,1,0,0,0,0,0,1,0,0,1,0,1,1,0.1043
1,0,0,0,1,1,0,0,0,0,0,0,1,0,1,0,0,0,0,0.894
1,0,0,0,1,0,1,0,0,0,0,0,1,0,0,1,0,1,1,0.9108
1,1,1,1,1,0,1,0,0,0,0,0,1,0,0,1,0,1,1,0.221
1,0,0,0,1,0,0,1,0,0,0,0,1,1,0,0,0,0,1,0.9122
1,0,1,0,1,0,0,0,1,0,0,0,1,0,0,1,0,1,1,0.917
1,1,1,1,1,0,0,0,0,0,0,1,1,0,1,0,0,1,1,0.0962
1,0,1,1,1,1,0,0,0,0,0,0,1,0,1,0,0,1,1,0.8839
1,0,0,0,1,0,0,0,1,0,0,0,1,0,1,0,0,0,0,0.6462
1,1,1,1,1,1,0,0,0,0,0,0,1,0,0,1,0,1,1,0.9099
1,0,1,1,1,0,1,0,0,0,0,0,1,0,1,0,0,1,1,0.9038
1,0,0,0,1,0,0,0,0,0,1,0,1,0,0,1,0,1,1,0.916
1,1,0,0,1,0,0,0,0,0,0,1,1,0,1,0,0,1,1,0.8685
1,0,0,0,1,0,0,0,0,0,1,0,1,0,1,0,0,0,0,0.734
1,0,0,0,1,1,0,0,0,0,0,0,1,0,0,1,0,1,1,0.9136
1,0,0,0,1,0,0,0,0,0,0,1,1,0,0,1,0,1,1,0.1022
1,1,1,1,1,0,1,0,0,0,0,0,1,0,0,0,1,1,1,0.9093
1,1,1,1,1,1,0,0,0,0,0,0,1,0,0,0,1,1,1,0.8798
1,0,0,1,1,0,0,1,0,0,0,0,1,0,1,0,0,0,1,0.9022
1,1,1,1,1,0,0,1,0,0,0,0,1,0,0,1,0,0,1,0.8764
1,0,1,0,1,0,0,0,1,0,0,0,1,0,0,0,1,0,0,0.7992
1,0,0,1,1,0,0,0,1,0,0,0,1,0,0,0,1,0,0,0.9018
1,0,1,0,1,1,0,0,0,0,0,0,1,0,0,1,0,1,1,0.0994
1,0,0,0,1,0,0,0,0,0,0,1,1,0,0,1,0,1,0,0.7925
1,0,0,0,1,0,0,0,0,0,0,1,1,0,1,0,0,1,1,0.5138
1,1,1,1,1,0,0,0,1,0,0,0,1,0,0,0,1,1,1,0.8847
1,0,1,0,1,0,0,0,1,0,0,0,1,0,0,0,1,1,0,0.0927
1,1,1,1,1,0,0,1,0,0,0,0,1,0,0,0,1,1,1,0.1244
1,1,0,0,1,0,0,0,0,0,0,1,1,0,0,0,1,1,1,0.8685
1,0,1,1,1,1,0,0,0,0,0,0,1,0,0,1,0,1,0,0.8004
1,0,0,0,1,1,0,0,0,0,0,0,1,0,0,1,0,1,0,0.9098
1,0,0,0,1,0,1,0,0,0,0,0,1,0,1,0,0,1,1,0.6576
1,1,0,0,1,0,0,0,1,0,0,0,1,0,0,0,1,0,0,0.9041
1,0,0,0,1,0,0,0,0,1,0,0,1,0,1,0,0,0,0,0.7026
1,0,1,1,1,0,0,0,0,1,0,0,1,0,0,1,0,1,0,0.9076
1,1,0,0,1,0,0,0,1,0,0,0,1,0,0,0,1,1,0,0.9087
1,0,0,0,1,0,0,0,0,1,0,0,1,0,1,0,0,1,1,0.8989
1,1,1,1,1,0,0,1,0,0,0,0,1,0,1,0,0,1,1,0.0948
1,1,1,1,1,0,0,0,0,1,0,0,1,0,0,0,1,1,1,0.1045
1,0,0,0,1,0,1,0,0,0,0,0,1,0,0,0,1,0,0,0.9086
1,0,0,0,1,1,0,0,0,0,0,0,1,0,1,0,0,1,1,0.7176
1,0,1,1,1,0,0,0,0,0,1,0,1,0,1,0,0,1,1,0.7119
1,0,0,0,1,1,0,0,0,0,0,0,1,0,0,0,1,0,0,0.0853
1,1,1,1,1,0,0,1,0,0,0,0,1,1,0,0,0,0,1,0.8425
1,0,0,0,1,0,0,0,0,0,1,0,1,0,1,0,0,1,1,0.008
1,0,1,1,1,0,1,0,0,0,0,0,1,0,0,1,0,1,0,0.0039
1,0,1,1,1,0,0,1,0,0,0,0,1,1,0,0,0,0,1,0.8659
1,0,0,0,1,0,1,0,0,0,0,0,1,0,0,1,0,0,1,0.8875
1,0,0,0,1,0,0,0,0,0,1,0,1,0,0,0,1,0,0,0.8533
1,0,0,0,1,0,0,0,1,0,0,0,1,0,0,0,1,0,0,0.8999
1,0,0,0,1,0,0,0,0,1,0,0,1,1,0,0,0,1,1,0.9122
1,0,0,0,1,0,1,0,0,0,0,0,1,1,0,0,0,0,0,0.8998
1,0,0,0,1,0,0,1,0,0,0,0,1,0,0,0,1,1,1,0.1066
1,1,1,1,1,0,1,0,0,0,0,0,1,0,1,0,0,1,1,0.1201
1,0,0,0,1,0,0,0,0,1,0,0,1,0,0,0,1,0,0,0.7295
1,0,1,1,1,0,0,0,0,0,0,1,1,0,1,0,0,1,1,0.6418
1,1,1,1,1,0,0,0,0,0,1,0,1,1,0,0,0,1,1,0.4398
1,0,0,0,1,1,0,0,0,0,0,0,1,1,0,0,0,1,1,0.0024
1,1,1,1,1,0,0,0,0,1,0,0,1,0,1,0,0,1,1,0.9095
1,0,1,1,1,0,0,0,1,0,0,0,1,0,1,0,0,1,1,0.0103
1,0,0,0,1,0,0,0,0,0,0,1,1,0,0,1,0,0,1,0.7327
1,1,1,1,1,0,0,0,1,0,0,0,1,0,1,0,0,1,1,0.1
1,1,1,1,1,1,0,0,0,0,0,0,1,0,1,0,0,1,1,0.8004
1,1,1,1,1,0,0,1,0,0,0,0,1,0,0,0,1,0,1,0.0848
1,0,1,1,1,0,0,0,1,0,0,0,1,0,0,1,0,1,0,0.3819
1,0,0,1,1,0,0,0,1,0,0,0,1,0,0,0,1,1,0,0.8917
1,0,0,0,1,1,0,0,0,0,0,0,1,0,0,1,0,0,1,0.6563
1,0,1,1,1,0,0,0,0,1,0,0,1,0,1,0,0,1,1,0.4191
1,0,1,1,1,0,0,0,0,0,1,0,1,0,0,1,0,1,0,0.8764
1,0,1,1,1,0,0,0,1,0,0,0,1,0,0,1,0,0,1,0.9021
1,1,1,1,1,0,0,1,0,0,0,0,1,0,0,1,0,1,0,0.1096
1,1,1,1,1,0,0,0,0,0,0,1,1,0,0,1,0,1,1,0.9073
1,0,1,1,1,0,0,1,0,0,0,0,1,0,0,0,1,0,1,0.9036
1,0,1,1,1,1,0,0,0,0,0,0,1,0,0,1,0,0,1,0.1255
1,0,0,0,1,0,0,1,0,0,0,0,1,0,1,0,0,0,1,0.9132
1,0,0,0,1,0,0,1,0,0,0,0,1,0,0,1,0,0,0,0.8965
1,0,1,1,1,0,1,0,0,0,0,0,1,0,0,1,0,0,1,0.2084
1,0,0,0,1,0,0,0,0,0,1,0,1,0,0,1,0,0,1,0.8984
1,1,0,0,1,0,0,0,0,0,0,1,1,1,0,0,0,1,1,0.0385
1,1,1,1,1,0,0,0,0,1,0,0,1,0,1,0,0,0,1,0.907
1,0,0,0,1,0,0,0,0,1,0,0,1,1,0,0,0,0,0,0.9037
1,0,0,0,1,0,0,0,0,1,0,0,1,0,0,1,0,0,1,0.7421
1,1,1,1,1,0,0,0,0,0,0,1,1,0,1,0,0,1,0,0.8698
1,1,1,1,1,0,0,0,1,0,0,0,1,0,1,0,0,0,1,0.9031
1,0,1,0,1,0,0,1,0,0,0,0,1,0,1,0,0,1,1,0.4112
1,1,1,1,1,0,0,1,0,0,0,0,1,1,0,0,0,1,0,0.1032
1,1,1,1,1,0,0,1,0,0,0,0,1,0,0,0,1,1,0,0.8868
1,0,0,1,1,0,0,0,1,0,0,0,1,1,0,0,0,0,0,0.2378
1,0,1,1,1,0,0,0,0,0,1,0,1,0,0,1,0,0,1,0.5269
1,0,1,0,1,0,0,0,1,0,0,0,1,0,0,0,1,0,1,0.6965
1,0,0,0,1,0,0,0,0,0,0,1,1,1,0,0,0,1,1,0.0048
1,0,1,0,1,0,0,0,1,0,0,0,1,1,0,0,0,0,0,0.9043
1,0,1,1,1,0,0,0,0,1,0,0,1,0,0,1,0,0,1,0.2964
1,1,0,0,1,0,0,0,1,0,0,0,1,0,0,0,1,0,1,0.8988
1,0,0,0,1,0,0,0,0,0,1,0,1,1,0,0,0,1,1,0.7331
1,0,0,0,1,0,1,0,0,0,0,0,1,1,0,0,0,1,1,0.6607
1,1,0,0,1,0,0,0,1,0,0,0,1,1,0,0,0,0,0,0.8343
1,0,1,0,1,0,0,0,0,0,1,0,1,0,0,1,0,0,0,0.6591
1,0,1,0,1,0,0,0,0,0,0,1,1,0,0,1,0,0,0,0.9143
1,1,0,0,1,0,0,0,1,0,0,0,1,0,0,1,0,0,0,0.7026
1,0,1,1,1,0,0,1,0,0,0,0,1,1,0,0,0,1,0,0.9001
1,0,0,1,1,0,0,0,0,0,0,1,1,0,0,0,1,0,1,0.1087
1,0,1,1,1,0,0,1,0,0,0,0,1,0,1,0,0,0,1,0.5492
1,0,0,0,1,0,0,1,0,0,0,0,1,0,1,0,0,0,0,0.912
1,0,0,1,1,0,0,0,1,0,0,0,1,0,0,1,0,1,1,0.9114
1,1,1,1,1,0,0,0,0,0,1,0,1,0,1,0,0,1,0,0.835
1,0,0,0,1,0,0,0,0,0,1,0,1,1,0,0,0,0,0,0.8545
1,0,0,1,1,0,0,0,0,1,0,0,1,0,0,1,0,1,1,0.8876
1,0,0,0,1,0,0,0,1,0,0,0,1,1,0,0,0,0,0,0.9059
1,0,0,1,1,0,0,0,0,0,1,0,1,0,0,0,1,0,1,0.8092
1,0,0,1,1,0,0,0,0,0,1,0,1,0,0,1,0,1,1,0.8664
1,1,1,1,1,1,0,0,0,0,0,0,1,0,1,0,0,1,0,0.0062
1,0,0,1,1,1,0,0,0,0,0,0,1,0,0,1,0,1,1,0.717
1,0,0,1,1,0,1,0,0,0,0,0,1,1,0,0,0,0,1,0.4952
1,1,0,0,1,0,0,0,0,0,0,1,1,0,0,1,0,1,1,0.161
1,0,1,1,1,0,0,1,0,0,0,0,1,0,0,0,1,1,0,0.4952
1,0,0,1,1,0,1,0,0,0,0,0,1,0,0,1,0,1,1,0.8992
1,1,0,1,1,0,1,0,0,0,0,0,1,0,0,1,0,0,1,0.8992
1,1,1,1,1,0,1,0,0,0,0,0,1,0,1,0,0,0,1,0.9127
1,0,0,1,1,0,0,1,0,0,0,0,1,1,0,0,0,1,1,0.9143
1,1,1,1,1,1,0,0,0,0,0,0,1,0,1,0,0,0,1,0.4662
1,0,0,0,1,1,0,0,0,0,0,0,1,1,0,0,0,0,0,0.7411
1,0,1,0,1,0,0,0,0,1,0,0,1,0,0,1,0,0,0,0.9115
1,0,0,1,1,0,0,0,1,0,0,0,1,0,1,0,0,0,0,0.1137
1,0,0,0,1,0,0,1,0,0,0,0,1,1,0,0,0,1,1,0.405
1,0,1,0,1,0,0,0,1,0,0,0,1,0,0,1,0,1,0,0.8839
1,1,0,1,1,0,0,0,0,1,0,0,1,0,0,1,0,0,1,0.0994
1,0,0,1,1,1,0,0,0,0,0,0,1,0,1,0,0,0,1,0.4191
1,0,0,1,1,0,0,0,0,1,0,0,1,0,0,0,1,0,1,0.7719
1,1,0,0,1,0,0,0,1,0,0,0,1,0,0,1,0,1,0,0.8989
1,1,0,1,1,1,0,0,0,0,0,0,1,0,0,1,0,0,1,0.0067
1,1,1,1,1,0,1,0,0,0,0,0,1,0,1,0,0,1,0,0.0958
1,0,1,0,1,0,1,0,0,0,0,0,1,1,0,0,0,0,1,0.7393
1,0,1,1,1,0,0,1,0,0,0,0,1,0,0,1,0,1,1,0.9093
1,0,1,1,1,0,0,1,0,0,0,0,1,0,1,0,0,1,0,0.8046
1,0,1,0,1,0,0,0,0,0,1,0,1,0,0,0,1,0,1,0.916
1,0,1,0,1,1,0,0,0,0,0,0,1,0,0,1,0,0,0,0.0972
1,1,0,1,1,0,0,0,1,0,0,0,1,0,0,1,0,0,1,0.9113
1,0,1,0,1,0,1,0,0,0,0,0,1,0,0,1,0,0,0,0.0977
1,1,1,1,1,0,0,0,0,0,0,1,1,0,1,0,0,0,1,0.0852
1,1,0,0,1,0,0,0,1,0,0,0,1,0,0,1,0,0,1,0.0962
1,0,0,1,1,1,0,0,0,0,0,0,1,0,0,0,1,0,1,0.908
1,1,0,1,1,0,0,0,0,0,1,0,1,0,0,1,0,0,1,0.0953
1,1,0,0,1,0,0,0,0,0,1,0,1,0,0,1,0,0,0,0.835
1,1,1,1,1,0,0,0,0,0,1,0,1,0,1,0,0,0,1,0.1005
1,1,0,0,1,0,0,0,0,0,0,1,1,0,0,1,0,0,0,0.0808
1,0,0,1,1,0,0,1,0,0,0,0,1,0,0,0,1,1,1,0.0984
1,0,1,1,1,0,0,1,0,0,0,0,1,0,0,0,1,1,1,0.9005
1,1,0,0,1,0,0,0,0,1,0,0,1,0,0,1,0,0,0,0.6637
1,0,0,1,1,0,0,1,0,0,0,0,1,0,1,0,0,1,1,0.9083
1,0,1,0,1,0,0,0,0,1,0,0,1,0,0,0,1,0,1,0.6441
1,0,1,0,1,0,0,0,0,0,0,1,1,0,0,0,1,0,1,0.8972
1,1,1,1,1,0,0,0,0,1,0,0,1,0,1,0,0,1,0,0.1017
1,0,1,1,1,0,0,1,0,0,0,0,1,1,0,0,0,1,1,0.887
1,1,0,1,1,0,0,0,0,1,0,0,1,0,0,1,0,1,0,0.9062
1,1,0,0,1,0,1,0,0,0,0,0,1,0,0,1,0,0,0,0.9129
1,1,1,1,1,0,0,0,1,0,0,0,1,0,1,0,0,1,0,0.0984
1,1,0,1,1,0,0,1,0,0,0,0,1,1,0,0,0,1,1,0.9124
1,1,0,1,1,1,0,0,0,0,0,0,1,0,0,1,0,1,0,0.707
1,1,1,0,1,0,0,0,0,0,0,1,1,0,1,0,0,1,1,0.1105
1,0,0,1,1,0,0,1,0,0,0,0,1,1,0,0,0,0,1,0.7954
1,1,0,0,1,0,1,0,0,0,0,0,1,1,0,0,0,0,1,0.9181
1,1,0,1,1,0,0,0,0,0,1,0,1,0,0,1,0,1,0,0.8426
1,1,0,1,1,0,0,1,0,0,0,0,1,0,0,0,1,0,1,0.4723
1,1,0,1,1,0,1,0,0,0,0,0,1,0,0,1,0,1,0,0.8884
1,0,1,0,1,1,0,0,0,0,0,0,1,0,0,0,1,0,1,0.7108
1,1,0,0,1,0,0,0,0,0,0,1,1,0,0,0,1,0,1,0.9008
1,1,1,0,1,0,0,0,0,0,1,0,1,0,1,0,0,1,1,0.7748
1,1,0,0,1,0,0,0,0,0,1,0,1,0,0,0,1,0,1,0.8334
1,1,0,1,1,0,0,1,0,0,0,0,1,0,0,0,1,1,1,0.3235
1,1,1,0,1,0,0,0,0,1,0,0,1,0,1,0,0,1,1,0.0972
1,0,0,1,1,0,0,0,1,0,0,0,1,0,0,1,0,0,0,0.6661
1,1,0,1,1,0,0,0,1,0,0,0,1,0,0,1,0,1,0,0.8783
1,1,1,0,1,0,1,0,0,0,0,0,1,0,1,0,0,1,1,0.9093
1,1,0,1,1,0,0,1,0,0,0,0,1,1,0,0,0,0,1,0.0963
1,1,0,1,1,0,0,1,0,0,0,0,1,0,0,1,0,1,1,0.0126
1,0,1,0,1,0,0,0,0,0,0,1,1,0,0,1,0,1,1,0.1043
1,0,1,1,1,0,0,0,0,0,0,1,1,0,0,1,0,1,0,0.0102
1,1,1,0,1,0,0,0,1,0,0,0,1,0,1,0,0,1,1,0.7826
1,1,0,0,1,0,0,0,0,0,1,0,1,0,0,1,0,1,1,0.9139
1,0,1,0,1,0,0,1,0,0,0,0,1,1,0,0,0,0,1,0.0988
1,1,0,0,1,0,0,0,0,1,0,0,1,0,0,0,1,0,1,0.7719
1,1,0,0,1,1,0,0,0,0,0,0,1,0,0,1,0,0,0,0.9018
1,1,0,0,1,0,1,0,0,0,0,0,1,0,1,0,0,0,1,0.9075
1,1,1,0,1,1,0,0,0,0,0,0,1,0,1,0,0,1,1,0.5417
1,1,0,0,1,1,0,0,0,0,0,0,1,0,0,1,0,1,1,0.7303
1,1,0,0,1,0,0,0,0,1,0,0,1,1,0,0,0,0,1,0.9165
1,1,0,0,1,0,0,0,0,0,1,0,1,1,0,0,0,0,1,0.782
1,1,0,0,1,0,0,1,0,0,0,0,1,1,0,0,0,0,1,0.8997
1,0,0,0,1,0,1,0,0,0,0,0,1,0,1,0,0,1,0,0.6767
1,1,0,0,1,0,1,0,0,0,0,0,1,0,0,1,0,1,1,0.9095
1,0,0,1,1,0,0,0,0,0,0,1,1,0,0,1,0,0,0,0.7954
1,1,0,0,1,0,0,0,0,1,0,0,1,0,0,1,0,1,1,0.9127
1,1,1,0,1,0,1,0,0,0,0,0,1,0,0,0,1,1,1,0.9156
1,0,0,0,1,0,0,1,0,0,0,0,1,0,0,0,1,0,1,0.0939
1,1,0,1,1,0,0,1,0,0,0,0,1,0,0,0,1,1,0,0.1961
1,1,1,0,1,0,0,0,0,0,1,0,1,0,0,0,1,1,1,0.7649
1,1,0,0,1,0,0,0,1,0,0,0,1,0,0,1,0,1,1,0.9139
1,0,0,1,1,0,0,0,0,0,1,0,1,0,0,1,0,0,0,0.8884
1,1,1,0,1,1,0,0,0,0,0,0,1,0,0,0,1,1,1,0.91
1,0,0,1,1,0,0,0,0,1,0,0,1,0,0,1,0,0,0,0.0963
1,1,1,0,1,0,0,0,1,0,0,0,1,0,0,0,1,1,1,0.1001
1,0,0,1,1,1,0,0,0,0,0,0,1,0,0,1,0,0,0,0.9039
1,1,0,0,1,0,0,0,0,0,0,1,1,1,0,0,0,0,1,0.9158
1,0,0,0,1,0,1,0,0,0,0,0,1,0,1,0,0,0,1,0.7328
1,0,0,0,1,0,1,0,0,0,0,0,1,1,0,0,0,0,1,0.9176
1,1,1,0,1,0,0,0,0,0,0,1,1,0,0,0,1,1,1,0.9075
1,1,0,1,1,1,0,0,0,0,0,0,1,1,0,0,0,1,1,0.8331
1,1,0,1,1,1,0,0,0,0,0,0,1,0,0,1,0,1,1,0.7119
1,1,1,0,1,0,0,0,0,1,0,0,1,0,0,0,1,1,1,0.5538
1,0,1,0,1,0,1,0,0,0,0,0,1,0,1,0,0,0,0,0.6767
1,0,0,1,1,0,0,0,0,1,0,0,1,0,1,0,0,0,0,0.8735
1,1,0,0,1,1,0,0,0,0,0,0,1,0,0,0,1,0,1,0.88
1,0,0,1,1,0,0,0,0,0,1,0,1,0,1,0,0,0,0,0.6685
1,0,1,0,1,0,1,0,0,0,0,0,1,0,1,0,0,0,1,0.9127
1,0,0,1,1,1,0,0,0,0,0,0,1,0,1,0,0,0,0,0.7817
1,0,0,0,1,0,1,0,0,0,0,0,1,0,0,0,1,0,1,0.4112
1,1,0,1,1,0,1,0,0,0,0,0,1,1,0,0,0,1,1,0.8898
1,1,1,0,1,0,0,0,0,0,1,0,1,1,0,0,0,1,1,0.8909
1,0,0,1,1,0,0,0,0,0,0,1,1,0,1,0,0,0,0,0.6952
1,1,0,1,1,0,0,1,0,0,0,0,1,0,1,0,0,0,1,0.6623
1,1,1,0,1,0,0,0,1,0,0,0,1,1,0,0,0,1,1,0.9177
1,0,1,0,1,0,0,0,0,1,0,0,1,1,0,0,0,0,1,0.9038
1,0,1,0,1,0,0,0,0,0,0,1,1,1,0,0,0,0,1,0.8996
1,1,0,0,1,0,0,0,0,0,0,1,1,0,1,0,0,0,0,0.8046
1,0,1,0,1,0,0,0,0,0,1,0,1,1,0,0,0,0,1,0.8756
1,1,0,0,1,0,0,1,0,0,0,0,1,0,1,0,0,0,1,0.8682
1,1,0,0,1,1,0,0,0,0,0,0,1,0,1,0,0,0,1,0.9075
1,0,0,0,1,0,0,1,0,0,0,0,1,0,0,1,0,1,0,0.1035
1,1,0,1,1,0,0,1,0,0,0,0,1,1,0,0,0,1,0,0.8877
1,1,1,0,1,0,0,0,0,1,0,0,1,1,0,0,0,1,1,0.8993
1,1,0,1,1,0,1,0,0,0,0,0,1,0,0,1,0,1,1,0.9025
1,1,1,0,1,0,0,0,0,0,0,1,1,1,0,0,0,1,1,0.161
1,1,1,0,1,0,0,0,0,0,0,1,1,0,0,1,0,1,1,0.8972
1,0,0,0,1,0,1,0,0,0,0,0,1,0,0,0,1,1,0,0.0958
1,0,0,0,1,0,1,0,0,0,0,0,1,1,0,0,0,1,0,0.7381
1,1,1,0,1,0,0,0,0,0,1,0,1,0,0,1,0,0,1,0.008
1,1,0,0,1,1,0,0,0,0,0,0,1,0,1,0,0,0,0,0.8331
1,0,0,1,1,0,0,0,0,0,0,1,1,1,0,0,0,0,1,0.8038
1,1,0,0,1,0,0,0,0,0,1,0,1,0,1,0,0,0,0,0.6834
1,1,0,0,1,0,0,0,0,1,0,0,1,0,1,0,0,0,0,0.1001
1,1,1,0,1,0,0,0,0,0,1,0,1,0,0,1,0,1,1,0.8334
1,1,1,0,1,0,0,0,0,1,0,0,1,0,0,1,0,1,1,0.0853
1,0,0,1,1,0,0,0,0,0,1,0,1,1,0,0,0,0,1,0.1028
1,1,1,0,1,0,0,0,1,0,0,0,1,0,0,1,0,1,1,0.0086
1,0,0,0,1,0,0,0,0,0,1,0,1,0,1,0,0,1,0,0.8988
1,1,0,1,1,0,0,1,0,0,0,0,1,0,1,0,0,1,0,0.6341
1,1,1,0,1,0,0,0,1,0,0,0,1,0,0,1,0,0,1,0.9008
1,0,0,0,1,0,0,1,0,0,0,0,1,0,0,1,0,0,1,0.8965
1,0,1,1,1,0,0,0,0,0,0,1,1,0,0,1,0,0,1,0.0034
1,1,0,1,1,0,0,0,1,0,0,0,1,0,0,0,1,1,1,0.3151
1,1,0,1,1,0,0,0,0,0,0,1,1,0,0,0,1,1,1,0.8993
1,0,1,0,1,0,1,0,0,0,0,0,1,1,0,0,0,0,0,0.1008
1,0,0,0,1,0,0,0,0,0,0,1,1,0,1,0,0,1,0,0.6804
1,1,1,0,1,0,0,0,0,1,0,0,1,0,0,1,0,0,1,0.7377
1,0,0,0,1,0,0,0,0,1,0,0,1,0,1,0,0,1,0,0.8735
1,0,0,1,1,0,1,0,0,0,0,0,1,0,0,0,1,0,0,0.7347
1,1,1,0,1,1,0,0,0,0,0,0,1,1,0,0,0,1,1,0.9052
1,0,0,1,1,0,0,1,0,0,0,0,1,0,0,1,0,0,1,0.8918
1,1,0,0,1,0,0,1,0,0,0,0,1,0,0,0,1,1,1,0.0826
1,1,1,0,1,0,1,0,0,0,0,0,1,1,0,0,0,1,1,0.7544
1,0,0,1,1,0,1,0,0,0,0,0,1,0,1,0,0,0,1,0.0994
1,0,0,1,1,0,0,0,0,1,0,0,1,1,0,0,0,0,1,0.9008
1,1,0,1,1,0,0,0,0,0,1,0,1,0,0,0,1,1,1,0.5538
1,0,1,0,1,1,0,0,0,0,0,0,1,0,1,0,0,0,0,0.0108
1,0,1,0,1,1,0,0,0,0,0,0,1,0,1,0,0,0,1,0.8057
1,1,0,0,1,0,0,1,0,0,0,0,1,1,0,0,0,1,1,0.0039
1,0,0,0,1,0,0,0,0,0,0,1,1,0,1,0,0,0,1,0.0092
1,1,0,1,1,0,0,0,0,1,0,0,1,0,0,0,1,1,1,0.098
1,0,1,0,1,0,0,1,0,0,0,0,1,0,0,1,0,0,1,0.8996
1,0,0,0,1,0,0,0,0,0,1,0,1,0,1,0,0,0,1,0.1034
1,0,1,0,1,0,0,1,0,0,0,0,1,0,0,1,0,0,0,0.0926
1,0,1,1,1,0,0,0,0,0,0,1,1,0,0,0,1,1,1,0.7277
1,1,1,0,1,0,1,0,0,0,0,0,1,0,0,1,0,0,1,0.7991
1,0,1,1,1,0,0,0,0,1,0,0,1,0,0,0,1,1,1,0.911
1,1,1,0,1,0,1,0,0,0,0,0,1,0,0,1,0,1,1,0.9137
1,0,1,1,1,0,0,0,0,0,1,0,1,0,0,0,1,1,1,0.0958
1,0,0,1,1,0,0,0,0,0,1,0,1,0,1,0,0,0,1,0.0984
1,0,0,1,1,0,1,0,0,0,0,0,1,0,0,0,1,0,1,0.9109
1,0,0,1,1,0,1,0,0,0,0,0,1,1,0,0,0,0,0,0.7347
1,0,1,1,1,0,0,0,1,0,0,0,1,0,0,0,1,1,1,0.91
1,1,1,0,1,1,0,0,0,0,0,0,1,0,0,1,0,0,1,0.9181
1,1,1,0,1,0,0,0,0,0,1,0,1,0,0,1,0,1,0,0.0067
1,1,1,0,1,1,0,0,0,0,0,0,1,0,0,1,0,1,1,0.1105
1,1,1,1,1,0,0,0,0,0,1,0,1,0,0,0,1,0,1,0.3452
1,1,1,1,1,0,0,0,1,0,0,0,1,0,0,0,1,1,0,0.8918
1,1,0,0,1,0,0,1,0,0,0,0,1,0,1,0,0,1,1,0.4483
1,1,1,1,1,0,0,0,0,1,0,0,1,0,0,0,1,1,0,0.1045
1,0,0,1,1,0,0,0,0,0,0,1,1,0,1,0,0,0,1,0.9031
1,0,0,1,1,0,0,0,0,1,0,0,1,0,1,0,0,0,1,0.9132
1,0,0,1,1,1,0,0,0,0,0,0,1,1,0,0,0,0,1,0.9097
1,0,0,0,1,0,0,0,0,1,0,0,1,0,1,0,0,0,1,0.9084
1,1,1,1,1,0,0,0,0,0,0,1,1,0,0,0,1,0,1,0.9017
1,1,0,1,1,0,1,0,0,0,0,0,1,0,0,0,1,1,1,0.9032
1,0,1,0,1,0,0,0,0,1,0,0,1,0,1,0,0,0,1,0.8316
1,0,0,0,1,1,0,0,0,0,0,0,1,0,1,0,0,1,0,0.894
1,1,1,0,1,0,0,1,0,0,0,0,1,0,0,0,1,0,1,0.8426
1,1,0,0,1,0,1,0,0,0,0,0,1,0,0,0,1,0,0,0.91
1,0,1,0,1,0,0,0,0,0,0,1,1,0,1,0,0,0,0,0.7295
1,1,0,1,1,1,0,0,0,0,0,0,1,0,0,0,1,1,1,0.91
1,0,1,0,1,0,0,0,0,0,1,0,1,0,1,0,0,0,1,0.8005
1,0,1,0,1,1,0,0,0,0,0,0,1,1,0,0,0,0,1,0.4398
1,1,1,1,1,0,0,0,1,0,0,0,1,0,0,0,1,0,1,0.9032
1,0,0,1,1,0,0,0,0,0,0,1,1,0,0,1,0,1,1,0.885
1,0,1,1,1,1,0,0,0,0,0,0,1,0,0,0,1,1,1,0.9015
1,1,1,0,1,0,0,1,0,0,0,0,1,1,0,0,0,1,0,0.3007
1,1,1,1,1,0,0,0,0,0,1,0,1,0,0,0,1,1,0,0.0033
1,1,1,1,1,0,0,0,0,0,0,1,1,0,0,0,1,1,0,0.908
1,1,0,0,1,0,1,0,0,0,0,0,1,1,0,0,0,0,0,0.8798
1,1,0,0,1,0,0,1,0,0,0,0,1,0,0,1,0,0,0,0.6441
1,1,1,0,1,0,1,0,0,0,0,0,1,0,0,1,0,1,0,0.8695
1,0,1,0,1,0,1,0,0,0,0,0,1,0,0,0,1,0,0,0.9049
1,0,1,0,1,0,0,0,0,0,1,0,1,0,1,0,0,0,0,0.8875
1,0,1,0,1,0,0,0,0,1,0,0,1,0,1,0,0,0,0,0.8798
1,0,1,0,1,0,0,0,0,0,0,1,1,0,1,0,0,0,1,0.8504
1,0,0,0,1,1,0,0,0,0,0,0,1,0,1,0,0,0,1,0.4361
1,1,1,0,1,1,0,0,0,0,0,0,1,0,0,1,0,1,0,0.0971
1,1,1,0,1,0,0,0,0,1,0,0,1,0,0,1,0,1,0,0.1034
1,1,1,0,1,0,0,0,1,0,0,0,1,0,0,1,0,1,0,0.7381
1,0,1,0,1,0,1,0,0,0,0,0,1,0,0,0,1,0,1,0.87
1,0,1,1,1,0,1,0,0,0,0,0,1,0,0,0,1,1,1,0.5138
1,0,1,0,1,0,0,1,0,0,0,0,1,0,1,0,0,0,1,0.9143
1,1,0,0,1,0,0,1,0,0,0,0,1,1,0,0,0,0,0,0.8975
1,1,0,0,1,0,0,1,0,0,0,0,1,0,0,1,0,0,1,0.8996
1,1,0,0,1,0,1,0,0,0,0,0,1,0,0,0,1,0,1,0.917
1,1,1,1,1,0,0,0,0,1,0,0,1,0,0,0,1,0,1,0.0958
1,1,1,1,1,0,0,0,1,0,0,0,1,1,0,0,0,1,0,0.8343
1,0,1,0,1,0,0,0,0,0,1,0,1,0,0,0,1,0,0,0.9129
1,1,1,0,1,0,0,1,0,0,0,0,1,0,0,0,1,1,0,0.7068
1,1,0,0,1,1,0,0,0,0,0,0,1,1,0,0,0,0,1,0.7888
1,1,1,1,1,0,0,0,0,1,0,0,1,1,0,0,0,1,0,0.9165
1,1,1,0,1,0,0,1,0,0,0,0,1,1,0,0,0,0,1,0.0116
1,1,1,1,1,0,0,0,0,1,0,0,1,0,0,1,0,0,0,0.7315
1,1,1,1,1,0,1,0,0,0,0,0,1,0,0,1,0,0,0,0.0033
1,1,1,1,1,0,0,0,0,0,0,1,1,1,0,0,0,1,0,0.9114
1,0,0,0,1,0,0,0,1,0,0,0,1,0,0,1,0,0,1,0.1915
1,1,1,1,1,0,0,0,0,0,1,0,1,1,0,0,0,1,0,0.7327
1,1,1,0,1,0,0,1,0,0,0,0,1,0,1,0,0,0,1,0.7951
1,1,1,1,1,0,0,0,0,0,1,0,1,0,0,1,0,0,0,0.4472
1,0,1,0,1,0,0,0,0,0,0,1,1,0,0,0,1,0,0,0.9097
1,1,1,1,1,0,1,0,0,0,0,0,1,0,0,0,1,1,0,0.0951
1,0,0,0,1,1,0,0,0,0,0,0,1,0,0,0,1,0,1,0.9001
1,1,1,1,1,1,0,0,0,0,0,0,1,0,0,0,1,1,0,0.9062
1,1,0,0,1,0,0,0,0,0,0,1,1,0,1,0,0,0,1,0.1107
1,1,1,0,1,0,0,1,0,0,0,0,1,0,0,1,0,0,0,0.0888
1,1,0,0,1,0,0,0,0,0,1,0,1,0,1,0,0,0,1,0.1201
1,1,0,0,1,0,0,0,0,1,0,0,1,0,1,0,0,0,1,0.8798
1,0,1,0,1,0,0,0,0,1,0,0,1,0,0,0,1,0,0,0.7345
1,1,1,1,1,1,0,0,0,0,0,0,1,0,0,0,1,0,1,0.0862
1,1,0,1,1,0,0,0,0,0,0,1,1,0,0,1,0,0,1,0.1003
1,0,0,1,1,1,0,0,0,0,0,0,1,0,0,1,0,0,1,0.9086
1,1,1,1,1,0,0,0,1,0,0,0,1,0,0,1,0,0,0,0.7381
1,0,1,1,1,0,0,0,1,0,0,0,1,1,0,0,0,1,1,0.7068
1,1,0,0,1,0,0,0,0,1,0,0,1,0,0,1,0,0,1,0.8975
1,1,1,1,1,1,0,0,0,0,0,0,1,0,0,1,0,0,0,0.8863
1,1,0,0,1,0,0,0,0,0,1,0,1,0,0,1,0,0,1,0.1017
1,0,1,1,1,0,0,0,0,0,1,0,1,1,0,0,0,1,1,0.0102
1,1,1,1,1,0,1,0,0,0,0,0,1,0,1,0,0,0,0,0.8327
1,1,1,1,1,0,1,0,0,0,0,0,1,0,0,0,1,0,1,0.8471
1,1,0,0,1,0,1,0,0,0,0,0,1,0,0,1,0,0,1,0.0034
1,1,1,1,1,1,0,0,0,0,0,0,1,0,0,1,0,0,1,0.0033
1,1,1,1,1,1,0,0,0,0,0,0,1,0,1,0,0,0,0,0.8698
1,0,1,1,1,0,0,0,0,1,0,0,1,1,0,0,0,1,1,0.9177
1,1,1,1,1,0,0,1,0,0,0,0,1,1,0,0,0,0,0,0.0039
1,1,0,0,1,0,0,0,0,1,0,0,1,0,0,0,1,0,0,0.0086
1,1,1,1,1,0,0,0,0,0,1,0,1,0,1,0,0,0,0,0.8875
1,0,1,1,1,0,0,0,0,0,0,1,1,1,0,0,0,1,1,0.7176
1,0,1,0,1,0,0,1,0,0,0,0,1,1,0,0,0,0,0,0.8734
1,1,0,0,1,0,0,0,0,0,0,1,1,0,0,1,0,0,1,0.0088
1,0,0,1,1,0,0,0,0,0,1,0,1,0,0,0,1,0,0,0.8682
1,0,1,0,1,0,0,0,0,0,1,0,1,0,0,1,0,0,1,0.8664
1,0,0,1,1,0,0,0,0,0,0,1,1,0,0,0,1,0,0,0.3879
1,1,1,1,1,1,0,0,0,0,0,0,1,0,0,1,0,1,0,0.0917
1,1,1,1,1,0,0,1,0,0,0,0,1,0,0,0,1,0,0,0.9066
1,0,0,0,1,1,0,0,0,0,0,0,1,0,0,0,1,1,0,0.0964
1,0,1,0,1,0,0,0,1,0,0,0,1,0,0,1,0,0,0,0.8862
1,1,1,1,1,0,0,0,0,1,0,0,1,0,1,0,0,0,0,0.9127
1,0,0,1,1,1,0,0,0,0,0,0,1,0,0,0,1,0,0,0.8696
1,0,1,0,1,0,0,0,0,1,0,0,1,0,0,1,0,0,1,0.6685
1,0,0,0,1,0,0,0,1,0,0,0,1,0,0,0,1,1,1,0.7955
1,1,1,1,1,0,0,0,0,1,0,0,1,1,0,0,0,0,1,0.9008
1,1,1,1,1,0,0,0,1,0,0,0,1,1,0,0,0,0,1,0.664
1,1,1,1,1,0,0,0,0,0,0,1,1,1,0,0,0,0,1,0.3119
1,1,0,0,1,0,0,0,0,0,1,0,1,0,0,0,1,0,0,0.7182
1,1,1,1,1,0,0,0,0,0,1,0,1,1,0,0,0,0,1,0.3938
1,0,0,1,1,0,0,0,0,1,0,0,1,0,0,0,1,0,0,0.097
1,0,1,0,1,0,0,0,0,0,0,1,1,0,0,1,0,0,1,0.0819
1,1,1,1,1,0,1,0,0,0,0,0,1,1,0,0,0,1,0,0.8877
1,1,1,1,1,0,0,0,1,0,0,0,1,0,1,0,0,0,0,0.8504
1,1,0,1,1,0,0,0,0,0,0,1,1,0,0,1,0,1,0,0.8996
1,0,0,1,1,0,0,1,0,0,0,0,1,1,0,0,0,0,0,0.6507
1,1,1,1,1,0,0,0,0,1,0,0,1,1,0,0,0,0,0,0.901
1,0,0,0,1,0,0,0,0,0,0,1,1,0,0,0,1,1,0,0.9062
1,1,0,0,1,0,0,0,1,0,0,0,1,0,1,0,0,0,0,0.906
1,0,1,0,1,1,0,0,0,0,0,0,1,0,0,0,1,0,0,0.6344
1,1,1,1,1,0,1,0,0,0,0,0,1,1,0,0,0,0,0,0.3237
1,0,0,1,1,0,0,1,0,0,0,0,1,0,0,0,1,0,1,0.9154
1,0,1,0,1,1,0,0,0,0,0,0,1,0,0,1,0,0,1,0.8696
1,0,1,0,1,0,1,0,0,0,0,0,1,0,0,1,0,0,1,0.803
1,0,1,0,1,0,0,1,0,0,0,0,1,0,0,0,1,0,1,0.8973
1,0,0,1,1,0,0,0,0,0,1,0,1,0,0,1,0,0,1,0.8754
1,0,0,0,1,0,0,0,0,1,0,0,1,0,0,0,1,1,0,0.8876
1,0,0,1,1,0,1,0,0,0,0,0,1,0,0,1,0,0,1,0.7108
1,1,1,1,1,0,0,0,1,0,0,0,1,1,0,0,0,0,0,0.0048
1,0,0,1,1,0,0,1,0,0,0,0,1,0,0,1,0,0,0,0.9103
1,1,0,0,1,1,0,0,0,0,0,0,1,0,0,1,0,0,1,0.6418
1,1,1,1,1,0,0,0,0,0,1,0,1,1,0,0,0,0,0,0.8875
1,1,1,1,1,1,0,0,0,0,0,0,1,1,0,0,0,0,0,0.8971
1,0,0,1,1,0,0,0,0,1,0,0,1,0,0,1,0,0,1,0.9113
1,0,0,0,1,0,0,0,0,0,1,0,1,0,0,0,1,0,1,0.4118
1,1,0,1,1,0,0,0,0,0,1,0,1,1,0,0,0,1,1,0.8057
1,0,0,1,1,0,0,0,0,0,0,1,1,1,0,0,0,0,0,0.8056
1,0,1,0,1,0,0,0,1,0,0,0,1,0,1,0,0,0,0,0.6344
1,1,0,1,1,0,0,0,1,0,0,0,1,1,0,0,0,1,1,0.9124
1,0,0,0,1,0,0,0,0,1,0,0,1,0,0,0,1,0,1,0.8967
1,0,0,0,1,0,0,0,1,0,0,0,1,0,0,1,0,1,1,0.9132
1,1,1,1,1,0,1,0,0,0,0,0,1,0,0,0,1,0,0,0.9147
1,1,0,0,1,1,0,0,0,0,0,0,1,0,0,0,1,0,0,0.2964
1,1,0,1,1,0,0,0,0,0,0,1,1,1,0,0,0,1,1,0.8898
1,0,1,1,1,0,1,0,0,0,0,0,1,1,0,0,0,1,1,0.0088
1,0,1,1,1,1,0,0,0,0,0,0,1,0,0,1,0,1,1,0.6256
1,1,0,1,1,0,0,1,0,0,0,0,1,0,1,0,0,1,1,0.0977
1,0,0,0,1,0,0,0,0,0,1,0,1,0,0,0,1,1,0,0.0149
1,0,0,1,1,0,0,0,0,0,0,1,1,0,0,1,0,0,1,0.0142
1,1,0,0,1,0,0,1,0,0,0,0,1,0,0,0,1,0,1,0.0848
1,1,1,0,1,0,0,0,0,0,0,1,1,0,0,1,0,0,1,0.5138
1,1,1,1,1,0,0,0,0,0,1,0,1,0,0,0,1,0,0,0.3151
1,1,0,1,1,0,0,0,0,1,0,0,1,1,0,0,0,1,1,0.8917
1,0,0,0,1,0,0,0,1,0,0,0,1,0,1,0,0,1,0,0.7381
1,1,0,1,1,0,0,0,0,1,0,0,1,0,0,1,0,1,1,0.352
1,0,1,1,1,0,0,0,0,1,0,0,1,0,0,1,0,0,0,0.7328
1,1,1,0,1,0,0,0,0,0,0,1,1,0,0,1,0,1,0,0.0878
1,1,0,1,1,0,0,0,0,0,1,0,1,0,0,1,0,1,1,0.0085
1,0,0,0,1,0,0,0,0,0,0,1,1,0,0,0,1,0,1,0.0092
1,1,0,1,1,0,0,0,1,0,0,0,1,0,0,1,0,1,1,0.3819
1,1,1,1,1,0,0,0,1,0,0,0,1,0,0,0,1,0,0,0.9115
1,0,1,1,1,0,0,0,0,0,1,0,1,0,0,1,0,0,0,0.0103
1,0,0,1,1,0,0,1,0,0,0,0,1,0,1,0,0,0,0,0.9139
1,0,1,0,1,0,0,0,0,0,0,1,1,1,0,0,0,0,0,0.8996
1,1,1,1,1,0,1,0,0,0,0,0,1,1,0,0,0,0,1,0.8909
1,1,1,1,1,1,0,0,0,0,0,0,1,0,0,0,1,0,0,0.9136
1,0,0,0,1,0,0,0,0,0,1,0,1,1,0,0,0,1,0,0.3879
1,1,1,1,1,0,0,0,0,1,0,0,1,0,0,0,1,0,0,0.0938
1,1,0,1,1,0,0,0,0,0,0,1,1,0,0,1,0,1,1,0.0182
1,0,1,1,1,0,0,1,0,0,0,0,1,0,1,0,0,1,1,0.8972
1,0,1,1,1,0,0,0,0,0,1,0,1,0,0,0,1,1,0,0.88
1,0,1,1,1,0,0,0,1,0,0,0,1,0,0,0,1,1,0,0.8917
1,1,0,0,1,0,0,1,0,0,0,0,1,0,1,0,0,0,0,0.0852
1,0,1,1,1,0,0,0,0,0,0,1,1,0,0,1,0,0,0,0.3614
1,1,1,0,1,1,0,0,0,0,0,0,1,0,0,1,0,0,0,0.9017
1,0,1,1,1,0,0,0,0,1,0,0,1,0,0,0,1,1,0,0.8993
1,0,0,0,1,0,0,0,1,0,0,0,1,0,1,0,0,0,1,0.1136
1,0,0,0,1,0,0,0,1,0,0,0,1,0,1,0,0,1,1,0.9144
1,0,0,0,1,0,0,0,0,1,0,0,1,1,0,0,0,0,1,0.6457
1,1,0,0,1,1,0,0,0,0,0,0,1,1,0,0,0,0,0,0.7421
1,1,1,1,1,0,0,0,0,0,0,1,1,0,0,1,0,0,0,0.9003
1,0,1,1,1,0,1,0,0,0,0,0,1,0,0,0,1,1,0,0.0994
1,1,0,1,1,1,0,0,0,0,0,0,1,0,0,0,1,1,0,0.9036
1,0,1,1,1,0,1,0,0,0,0,0,1,0,0,1,0,0,0,0.3627
1,1,1,1,1,1,0,0,0,0,0,0,1,1,0,0,0,1,0,0.899
1,1,0,1,1,0,0,0,0,0,1,0,1,0,0,1,0,0,0,0.6834
1,0,0,1,1,1,0,0,0,0,0,0,1,1,0,0,0,0,0,0.7908
1,0,0,0,1,0,0,0,1,0,0,0,1,1,0,0,0,1,1,0.9043
1,0,1,1,1,0,0,0,0,1,0,0,1,0,0,1,0,1,1,0.9171
1,0,1,1,1,0,1,0,0,0,0,0,1,0,0,0,1,0,1,0.8996
1,0,1,1,1,0,0,0,0,1,0,0,1,0,0,0,1,0,1,0.8752
1,1,0,1,1,1,0,0,0,0,0,0,1,0,0,0,1,0,1,0.1255
1,0,0,0,1,0,0,0,1,0,0,0,1,0,0,0,1,0,1,0.8996
1,1,0,1,1,0,0,0,0,0,0,1,1,0,0,1,0,0,0,0.8345
1,0,1,0,1,0,0,1,0,0,0,0,1,0,1,0,0,0,0,0.7392
1,0,1,1,1,0,0,0,0,0,1,0,1,0,0,0,1,0,1,0.0938
1,0,1,1,1,0,0,0,0,0,1,0,1,0,0,1,0,1,1,0.7085
1,0,1,1,1,0,0,0,0,0,0,1,1,0,0,1,0,1,1,0.8868
1,0,1,1,1,0,0,0,1,0,0,0,1,0,0,0,1,0,1,0.8991
1,1,0,0,1,0,0,0,0,0,1,0,1,1,0,0,0,0,0,0.4723
1,0,1,1,1,0,1,0,0,0,0,0,1,0,0,1,0,1,1,0.0118
1,1,1,1,1,0,0,0,0,0,0,1,1,0,1,0,0,0,0,0.8009
1,1,0,1,1,1,0,0,0,0,0,0,1,1,0,0,0,0,1,0.8533
1,1,0,1,1,0,0,0,0,1,0,0,1,0,0,1,0,0,0,0.6286
1,1,0,0,1,0,0,0,0,1,0,0,1,1,0,0,0,0,0,0.7549
1,1,0,1,1,0,1,0,0,0,0,0,1,0,0,1,0,0,0,0.8984
1,1,0,0,1,1,0,0,0,0,0,0,1,0,0,1,0,1,0,0.9084
1,0,1,1,1,0,0,0,0,1,0,0,1,1,0,0,0,0,1,0.8998
1,0,1,1,1,0,1,0,0,0,0,0,1,1,0,0,0,0,1,0.7411
1,1,0,0,1,0,0,0,0,0,0,1,1,0,0,0,1,0,0,0.8404
1,1,1,1,1,0,0,1,0,0,0,0,1,0,1,0,0,0,1,0.9179
1,0,1,1,1,0,0,1,0,0,0,0,1,0,0,1,0,0,0,0.9145
1,1,0,1,1,0,0,0,0,1,0,0,1,0,1,0,0,0,0,0.9119
1,0,1,1,1,0,0,0,1,0,0,0,1,1,0,0,0,0,1,0.9154
1,0,1,1,1,0,0,0,1,0,0,0,1,0,0,1,0,1,1,0.8747
1,1,1,1,1,1,0,0,0,0,0,0,1,1,0,0,0,0,1,0.7446
1,1,1,1,1,0,1,0,0,0,0,0,1,0,0,1,0,0,1,0.0024
1,1,1,1,1,0,0,0,0,0,0,1,1,1,0,0,0,0,0,0.886
1,1,1,1,1,0,0,0,0,0,1,0,1,0,0,1,0,0,1,0.9151
1,0,1,1,1,0,0,0,0,0,1,0,1,1,0,0,0,0,1,0.7392
1,1,1,1,1,0,0,1,0,0,0,0,1,0,1,0,0,1,0,0.1032
1,0,1,1,1,0,1,0,0,0,0,0,1,0,1,0,0,0,1,0.0976
1,1,1,1,1,0,0,0,0,0,0,1,1,0,0,1,0,0,1,0.683
1,1,0,1,1,1,0,0,0,0,0,0,1,0,1,0,0,0,1,0.4375
1,1,1,1,1,0,0,0,1,0,0,0,1,0,0,1,0,0,1,0.9029
1,1,0,0,1,0,0,0,1,0,0,0,1,0,1,0,0,0,1,0.7182
1,1,1,1,1,0,0,0,0,1,0,0,1,0,0,1,0,0,1,0.8863
1,1,1,1,1,0,0,0,0,0,0,1,1,0,0,1,0,1,0,0.907
1,0,1,1,1,0,0,0,0,0,1,0,1,0,1,0,0,0,1,0.0116
1,1,0,1,1,0,0,1,0,0,0,0,1,0,0,1,0,0,0,0.9086
1,0,1,0,1,1,0,0,0,0,0,0,1,0,0,1,0,1,0,0.6952
1,0,0,0,1,0,0,0,0,1,0,0,1,1,0,0,0,1,0,0.8999
1,0,0,1,1,0,0,0,0,0,1,0,1,0,0,1,0,1,0,0.5269
1,1,1,1,1,0,0,0,0,0,0,1,1,0,0,0,1,0,0,0.6804
1,0,0,1,1,0,1,0,0,0,0,0,1,0,0,1,0,1,0,0.6965
1,0,0,1,1,0,1,0,0,0,0,0,1,0,0,1,0,0,0,0.3614
1,0,1,1,1,0,0,0,1,0,0,0,1,0,1,0,0,0,1,0.4962
1,0,0,1,1,0,0,0,0,0,0,1,1,0,0,1,0,1,0,0.7413
1,0,1,0,1,0,0,1,0,0,0,0,1,0,0,0,1,0,0,0.9034
1,1,1,1,1,0,0,0,1,0,0,0,1,0,0,1,0,1,0,0.717
1,1,1,1,1,0,0,0,0,0,1,0,1,0,0,1,0,1,0,0.7331
1,0,1,1,1,0,0,0,0,1,0,0,1,0,1,0,0,0,1,0.7992
1,0,1,0,1,0,0,0,1,0,0,0,1,0,1,0,0,0,1,0.9015
1,1,0,0,1,0,0,0,0,0,0,1,1,1,0,0,0,0,0,0.8468
1,1,1,0,1,0,0,1,0,0,0,0,1,0,1,0,0,1,1,0.6514
1,0,1,1,1,0,0,0,0,0,1,0,1,1,0,0,0,1,0,0.91
1,0,0,0,1,0,0,0,1,0,0,0,1,0,0,0,1,1,0,0.8754
1,0,0,0,1,0,0,0,0,0,1,0,1,1,0,0,0,0,1,0.0963
1,1,1,1,1,0,1,0,0,0,0,0,1,0,0,1,0,1,0,0.221
1,0,1,0,1,1,0,0,0,0,0,0,1,1,0,0,0,0,0,0.8862
1,0,1,1,1,0,0,0,1,0,0,0,1,1,0,0,0,1,0,0.352
1,0,1,0,1,0,0,0,0,0,1,0,1,1,0,0,0,0,0,0.874
1,0,0,1,1,0,0,0,0,1,0,0,1,1,0,0,0,0,0,0.4011
1,1,1,1,1,0,0,0,0,1,0,0,1,0,0,1,0,1,0,0.665
1,0,0,0,1,0,0,0,1,0,0,0,1,1,0,0,0,0,1,0.9008
1,0,0,1,1,0,0,1,0,0,0,0,1,0,0,1,0,1,0,0.9176
1,0,1,1,1,1,0,0,0,0,0,0,1,1,0,0,0,1,1,0.8316
1,0,0,0,1,0,0,0,0,0,0,1,1,1,0,0,0,1,0,0.7955
1,0,0,1,1,0,1,0,0,0,0,0,1,0,1,0,0,0,0,0.7331
1,0,0,0,1,1,0,0,0,0,0,0,1,1,0,0,0,1,0,0.0878
1,1,0,0,1,0,0,1,0,0,0,0,1,0,0,0,1,0,0,0.0182
1,0,1,0,1,1,0,0,0,0,0,0,1,0,1,0,0,1,0,0.8973
1,0,1,1,1,0,1,0,0,0,0,0,1,1,0,0,0,1,0,0.6607
1,0,0,1,1,0,0,0,0,0,1,0,1,0,1,0,0,1,0,0.891
1,0,1,1,1,0,0,0,0,0,0,1,1,0,0,0,1,1,0,0.9099
1,0,1,1,1,0,0,0,0,1,0,0,1,1,0,0,0,1,0,0.916
1,0,1,0,1,0,0,0,0,1,0,0,1,1,0,0,0,0,0,0.916
1,1,0,1,1,1,0,0,0,0,0,0,1,1,0,0,0,1,0,0.0039
1,0,0,1,1,0,0,0,0,0,0,1,1,0,1,0,0,1,0,0.897
1,0,1,1,1,0,0,0,0,1,0,0,1,0,1,0,0,0,0,0.8993
1,0,0,0,1,0,0,0,0,0,0,1,1,1,0,0,0,0,1,0.8056
1,0,1,1,1,0,0,0,0,0,0,1,1,0,0,0,1,0,1,0.7392
1,0,1,1,1,0,0,0,0,0,1,0,1,0,1,0,0,1,0,0.0963
1,0,0,0,1,0,0,0,1,0,0,0,1,1,0,0,0,1,0,0.8468
1,0,1,1,1,0,0,0,1,0,0,0,1,0,1,0,0,1,0,0.1037
1,0,0,1,1,0,0,1,0,0,0,0,1,0,0,0,1,0,0,0.9157
1,0,0,1,1,0,1,0,0,0,0,0,1,1,0,0,0,1,0,0.7331
1,1,0,0,1,0,1,0,0,0,0,0,1,0,1,0,0,0,0,0.5417
1,0,0,1,1,0,1,0,0,0,0,0,1,0,0,0,1,1,0,0.1107
1,0,0,0,1,1,0,0,0,0,0,0,1,1,0,0,0,0,1,0.6799
1,0,0,1,1,0,0,0,0,0,1,0,1,1,0,0,0,0,0,0.1035
1,1,0,0,1,1,0,0,0,0,0,0,1,0,1,0,0,1,0,0.8734
1,0,1,1,1,0,0,0,0,1,0,0,1,0,1,0,0,1,0,0.9151
1,1,0,1,1,1,0,0,0,0,0,0,1,0,1,0,0,1,0,0.7446
1,0,1,1,1,0,1,0,0,0,0,0,1,0,1,0,0,1,0,0.911
1,0,0,1,1,0,1,0,0,0,0,0,1,0,1,0,0,1,1,0.8972
1,0,0,1,1,0,0,0,0,0,1,0,1,0,1,0,0,1,1,0.0109
1,0,0,1,1,0,0,0,1,0,0,0,1,0,1,0,0,1,1,0.1066
1,0,1,1,1,0,0,0,0,0,0,1,1,1,0,0,0,0,1,0.4582
1,0,0,1,1,0,0,0,0,1,0,0,1,0,1,0,0,1,1,0.3836
1,0,0,1,1,1,0,0,0,0,0,0,1,0,0,0,1,1,1,0.9024
1,0,0,1,1,0,1,0,0,0,0,0,1,0,0,0,1,1,1,0.9031
1,0,1,1,1,0,0,0,0,0,0,1,1,0,1,0,0,0,0,0.7991
1,0,1,1,1,0,0,0,0,1,0,0,1,1,0,0,0,0,0,0.896
1,0,1,1,1,0,0,0,0,0,1,0,1,0,1,0,0,0,0,0.0064
1,1,0,1,1,0,0,0,0,1,0,0,1,0,1,0,0,0,1,0.1961
1,0,0,1,1,0,0,1,0,0,0,0,1,0,1,0,0,1,0,0.8967
1,0,0,1,1,1,0,0,0,0,0,0,1,0,1,0,0,1,1,0.8005
1,0,0,1,1,0,0,0,1,0,0,0,1,0,1,0,0,0,1,0.4962
1,0,1,1,1,0,0,0,0,0,0,1,1,0,1,0,0,0,1,0.1136
1,1,0,1,1,0,0,0,0,0,0,1,1,0,1,0,0,0,0,0.1022
1,0,0,1,1,0,0,0,1,0,0,0,1,0,0,0,1,1,1,0.3007
1,0,0,1,1,0,0,0,1,0,0,0,1,0,0,0,1,0,1,0.7956
1,1,0,1,1,0,0,0,0,0,1,0,1,0,1,0,0,0,1,0.1007
1,0,0,1,1,1,0,0,0,0,0,0,1,1,0,0,0,1,1,0.9152
1,0,1,1,1,0,0,0,0,0,0,1,1,1,0,0,0,1,0,0.0085
1,0,0,1,1,0,0,0,1,0,0,0,1,1,0,0,0,1,1,0.9008
1,0,0,1,1,0,1,0,0,0,0,0,1,1,0,0,0,1,1,0.6457
1,1,0,1,1,0,0,0,0,1,0,0,1,0,1,0,0,1,0,0.9101
1,0,0,1,1,0,0,1,0,0,0,0,1,1,0,0,0,1,0,0.9103
1,1,0,1,1,0,0,0,0,1,0,0,1,1,0,0,0,0,0,0.8997
1,1,1,0,1,1,0,0,0,0,0,0,1,0,1,0,0,0,0,0.695
1,1,0,1,1,0,0,0,0,0,1,0,1,0,1,0,0,0,0,0.9078
1,1,0,1,1,0,0,0,0,0,1,0,1,0,1,0,0,1,0,0.8545
1,1,0,1,1,0,0,0,0,1,0,0,1,0,0,0,1,1,0,0.9107
1,0,0,1,1,0,1,0,0,0,0,0,1,0,1,0,0,1,0,0.7315
1,0,0,1,1,0,0,1,0,0,0,0,1,0,0,0,1,1,0,0.8752
1,0,1,1,1,0,1,0,0,0,0,0,1,0,1,0,0,0,0,0.098
1,0,1,1,1,1,0,0,0,0,0,0,1,1,0,0,0,0,1,0.0917
1,1,0,1,1,0,0,0,1,0,0,0,1,1,0,0,0,0,1,0.1008
1,1,0,1,1,0,1,0,0,0,0,0,1,0,1,0,0,0,1,0.919
1,0,1,0,1,0,0,0,1,0,0,0,1,0,0,1,0,0,1,0.7392
1,0,1,1,1,0,0,0,0,0,0,1,1,0,1,0,0,1,0,0.9098
1,1,1,0,1,1,0,0,0,0,0,0,1,1,0,0,0,0,0,0.1028
1,1,0,1,1,0,0,0,0,0,1,0,1,0,0,0,1,1,0,0.0862
1,1,0,1,1,0,0,0,0,0,0,1,1,1,0,0,0,0,0,0.899
1,1,0,1,1,0,0,0,0,0,1,0,1,1,0,0,0,0,0,0.87
1,0,1,1,1,1,0,0,0,0,0,0,1,0,0,0,1,0,1,0.8996
1,1,0,1,1,0,0,0,1,0,0,0,1,1,0,0,0,1,0,0.9153
1,1,0,1,1,0,0,0,0,1,0,0,1,0,0,0,1,0,1,0.7649
1,1,0,1,1,0,0,0,0,1,0,0,1,0,0,0,1,0,0,0.097
1,0,1,1,1,0,0,0,0,1,0,0,1,0,0,0,1,0,0,0.7413
1,0,0,1,1,0,0,0,1,0,0,0,1,0,0,1,0,0,1,0.8973
1,1,0,1,1,0,1,0,0,0,0,0,1,0,1,0,0,1,0,0.8659
1,1,0,1,1,0,0,0,0,0,0,1,1,0,1,0,0,0,1,0.6372
1,1,0,1,1,0,0,0,0,0,1,0,1,0,0,0,1,0,1,0.7544
1,0,1,1,1,1,0,0,0,0,0,0,1,0,1,0,0,0,1,0.0025
1,1,0,1,1,0,0,0,1,0,0,0,1,0,0,0,1,0,1,0.9119
1,0,1,1,1,0,0,0,0,0,0,1,1,1,0,0,0,0,0,0.662
1,0,0,1,1,0,0,0,0,1,0,0,1,0,0,0,1,1,1,0.9052
1,0,1,1,1,0,0,1,0,0,0,0,1,0,0,0,1,0,0,0.9139
1,1,0,1,1,0,0,0,0,0,0,1,1,0,1,0,0,1,0,0.9017
1,0,1,1,1,0,0,0,0,0,1,0,1,1,0,0,0,0,0,0.7888
1,0,0,1,1,0,0,0,0,0,1,0,1,0,0,0,1,1,1,0.6514
1,1,0,0,1,1,0,0,0,0,0,0,1,1,0,0,0,1,0,0.7826
1,1,0,1,1,0,1,0,0,0,0,0,1,0,1,0,0,0,0,0.0953
1,1,0,1,1,0,0,1,0,0,0,0,1,0,0,0,1,0,0,0.9162
1,0,1,0,1,1,0,0,0,0,0,0,1,1,0,0,0,1,0,0.916
1,1,0,1,1,0,1,0,0,0,0,0,1,1,0,0,0,0,0,0.9137
1,1,0,1,1,0,1,0,0,0,0,0,1,0,0,0,1,0,1,0.9115
1,0,0,1,1,0,0,0,0,0,1,0,1,1,0,0,0,1,1,0.803
1,1,0,1,1,0,0,0,1,0,0,0,1,0,0,0,1,1,0,0.683
1,0,0,1,1,0,0,0,0,1,0,0,1,0,0,0,1,1,0,0.1003
1,0,0,1,1,0,0,0,0,1,0,0,1,1,0,0,0,1,1,0.9127
1,0,0,1,1,0,0,0,0,0,0,1,1,1,0,0,0,1,0,0.782
1,1,0,1,1,0,1,0,0,0,0,0,1,0,0,0,1,1,0,0.3235
1,0,0,1,1,0,0,0,0,0,1,0,1,1,0,0,0,1,0,0.7956
1,1,0,1,1,0,0,0,0,0,0,1,1,0,0,0,1,1,0,0.6462
1,0,1,1,1,1,0,0,0,0,0,0,1,0,0,0,1,1,0,0.1
1,1,0,1,1,0,1,0,0,0,0,0,1,1,0,0,0,0,1,0.9162
1,1,0,1,1,0,0,0,0,0,1,0,1,1,0,0,0,0,1,0.3123
1,1,0,1,1,0,0,0,0,1,0,0,1,1,0,0,0,0,1,0.1244
1,0,1,1,1,0,0,0,1,0,0,0,1,0,0,1,0,0,0,0.0028
1,1,0,1,1,0,0,0,1,0,0,0,1,0,0,1,0,0,0,0.9021
1,0,0,1,1,0,0,0,0,0,1,0,1,0,0,0,1,1,0,0.1201
1,1,0,1,1,0,0,0,1,0,0,0,1,0,1,0,0,1,0,0.9047
1,0,1,0,1,1,0,0,0,0,0,0,1,0,0,0,1,1,0,0.9017
1,1,0,1,1,0,0,0,0,0,0,1,1,0,0,0,1,0,1,0.9055
1,0,1,1,1,1,0,0,0,0,0,0,1,0,1,0,0,1,0,0.887
1,1,0,1,1,0,1,0,0,0,0,0,1,1,0,0,0,1,0,0.4472
1,1,0,1,1,0,0,0,0,1,0,0,1,1,0,0,0,1,0,0.665
1,0,1,1,1,1,0,0,0,0,0,0,1,1,0,0,0,1,0,0.394
1,0,0,1,1,0,0,0,0,0,0,1,1,0,0,0,1,1,1,0.2084
1,1,0,1,1,0,0,0,0,0,1,0,1,1,0,0,0,1,0,0.886
1,0,1,1,1,0,1,0,0,0,0,0,1,1,0,0,0,0,0,0.9139
1,1,0,1,1,0,0,0,1,0,0,0,1,0,1,0,0,0,1,0.6986
1,1,0,1,1,0,0,1,0,0,0,0,1,1,0,0,0,0,0,0.0976
1,0,0,1,1,0,0,0,0,0,0,1,1,0,0,0,1,1,0,0.8043
1,0,0,1,1,0,0,0,0,1,0,0,1,0,0,1,0,1,0,0.0984
1,0,1,1,1,0,1,0,0,0,0,0,1,0,0,0,1,0,0,0.9076
1,0,1,0,1,0,0,1,0,0,0,0,1,0,0,1,0,1,1,0.0988
1,1,0,0,1,0,0,0,0,0,1,0,1,1,0,0,0,1,1,0.0028
1,0,1,1,1,0,0,0,0,0,1,0,1,0,0,0,1,0,0,0.9083
1,0,0,1,1,0,0,0,0,1,0,0,1,0,1,0,0,1,0,0.8425
1,1,0,0,1,0,0,0,1,0,0,0,1,0,1,0,0,1,1,0.8957
1,0,1,0,1,1,0,0,0,0,0,0,1,1,0,0,0,1,1,0.0998
1,0,0,1,1,0,0,0,1,0,0,0,1,0,0,1,0,1,0,0.8897
1,1,0,0,1,0,0,0,0,1,0,0,1,1,0,0,0,1,1,0.8917
1,1,0,0,1,0,1,0,0,0,0,0,1,1,0,0,0,1,1,0.0064
1,1,0,0,1,1,0,0,0,0,0,0,1,0,0,0,1,1,0,0.0819
1,0,1,1,1,0,0,0,0,0,0,1,1,0,0,0,1,0,0,0.9087
1,0,0,1,1,0,0,0,0,0,0,1,1,1,0,0,0,1,1,0.7925
1,1,0,1,1,0,0,0,0,0,0,1,1,1,0,0,0,0,1,0.394
1,1,1,0,1,0,0,0,0,0,1,0,1,1,0,0,0,0,1,0.9073
1,1,1,0,1,0,1,0,0,0,0,0,1,1,0,0,0,0,1,0.8043
1,1,1,0,1,0,0,0,0,1,0,0,1,1,0,0,0,0,1,0.9036
1,0,1,1,1,0,0,1,0,0,0,0,1,1,0,0,0,0,0,0.9103
1,1,0,1,1,0,0,0,0,0,0,1,1,0,0,0,1,0,0,0.7345
1,0,0,1,1,0,0,0,1,0,0,0,1,0,1,0,0,1,0,0.6591
1,0,0,1,1,0,0,0,0,1,0,0,1,1,0,0,0,1,0,0.9143
1,0,1,1,1,0,0,1,0,0,0,0,1,0,1,0,0,0,0,0.0032
1,1,1,0,1,0,0,0,1,0,0,0,1,0,1,0,0,0,1,0.3627
1,1,0,1,1,0,0,0,0,0,1,0,1,0,0,0,1,0,0,0.0926
1,0,1,1,1,0,0,1,0,0,0,0,1,0,0,1,0,1,0,0.8875
1,1,1,0,1,1,0,0,0,0,0,0,1,0,0,0,1,0,0,0.9086
1,1,0,0,1,1,0,0,0,0,0,0,1,1,0,0,0,1,1,0.0025
1,1,0,1,1,0,1,0,0,0,0,0,1,0,0,0,1,0,0,0.9115
1,1,1,0,1,0,1,0,0,0,0,0,1,0,0,0,1,0,0,0.9037
1,1,1,0,1,1,0,0,0,0,0,0,1,1,0,0,0,0,1,0.916
1,1,1,0,1,0,0,0,0,0,1,0,1,1,0,0,0,1,0,0.0067
1,1,1,0,1,0,0,0,0,1,0,0,1,1,0,0,0,1,0,0.2215
1,1,1,0,1,0,0,0,0,0,1,0,1,0,0,0,1,0,0,0.8972
1,1,0,1,1,1,0,0,0,0,0,0,1,0,0,0,1,0,0,0.8783
1,1,0,1,1,0,0,0,0,0,0,1,1,1,0,0,0,1,0,0.0939
1,1,1,0,1,0,0,0,1,0,0,0,1,0,1,0,0,1,0,0.2215
1,0,1,1,1,0,0,1,0,0,0,0,1,0,0,1,0,0,1,0.9031
1,0,1,1,1,0,0,0,1,0,0,0,1,0,0,0,1,0,0,0.0082
1,1,1,0,1,0,1,0,0,0,0,0,1,1,0,0,0,1,0,0.8637
1,0,1,0,1,0,0,0,1,0,0,0,1,0,1,0,0,1,1,0.4361
1,0,1,0,1,0,1,0,0,0,0,0,1,1,0,0,0,1,1,0.0799
1,1,0,1,1,0,0,1,0,0,0,0,1,0,1,0,0,0,0,0.8747
1,1,1,0,1,0,0,0,0,0,0,1,1,1,0,0,0,0,1,0.4582
1,0,1,0,1,0,0,0,0,1,0,0,1,1,0,0,0,1,0,0.1177
1,1,1,0,1,0,0,0,0,0,0,1,1,0,0,0,1,0,0,0.914
1,1,1,0,1,0,1,0,0,0,0,0,1,0,0,1,0,0,0,0.0033
1,0,0,1,1,0,0,1,0,0,0,0,1,0,0,1,0,1,1,0.9023
1,0,1,0,1,0,0,0,0,0,1,0,1,1,0,0,0,1,1,0.0385
1,1,1,0,1,1,0,0,0,0,0,0,1,1,0,0,0,1,0,0.0067
1,0,1,0,1,0,0,0,0,1,0,0,1,1,0,0,0,1,1,0.9152
1,0,1,0,1,0,1,0,0,0,0,0,1,0,0,0,1,1,1,0.4579
1,0,1,0,1,0,0,0,0,0,1,0,1,0,0,0,1,1,1,0.0871
1,1,1,0,1,0,0,0,0,0,1,0,1,0,0,1,0,0,0,0.732
1,1,1,0,1,0,0,0,0,0,0,1,1,0,0,1,0,0,0,0.0971
1,1,1,0,1,0,0,1,0,0,0,0,1,0,1,0,0,0,0,0.0808
1,1,1,0,1,0,0,0,0,0,0,1,1,1,0,0,0,1,0,0.8637
1,0,1,1,1,1,0,0,0,0,0,0,1,0,0,0,1,0,0,0.0082
1,1,0,1,1,0,0,0,1,0,0,0,1,0,0,0,1,0,0,0.4011
1,1,0,1,1,0,0,1,0,0,0,0,1,0,0,1,0,0,1,0.8897
1,0,1,0,1,0,0,0,0,1,0,0,1,0,0,0,1,1,1,0.9075
1,1,0,0,1,0,0,0,0,1,0,0,1,1,0,0,0,1,0,0.9038
1,0,1,0,1,0,0,0,1,0,0,0,1,0,0,0,1,1,1,0.0871
1,0,1,0,1,1,0,0,0,0,0,0,1,0,1,0,0,1,1,0.9131
1,1,0,1,1,0,0,1,0,0,0,0,1,0,0,1,0,1,0,0.734
1,0,1,0,1,1,0,0,0,0,0,0,1,0,0,0,1,1,1,0.1201
1,1,1,0,1,0,1,0,0,0,0,0,1,0,1,0,0,0,0,0.8345
1,1,1,0,1,0,0,0,0,0,1,0,1,0,0,0,1,0,1,0.919
1,0,1,0,1,0,0,0,0,0,0,1,1,1,0,0,0,1,1,0.0062
1,1,0,1,1,0,0,0,1,0,0,0,1,0,1,0,0,0,0,0.0998
1,1,1,0,1,0,0,0,0,1,0,0,1,1,0,0,0,0,0,0.91
1,1,1,0,1,0,0,0,0,1,0,0,1,0,0,0,1,0,1,0.9139
1,1,1,0,1,0,0,0,1,0,0,0,1,0,0,0,1,0,1,0.7393
1,1,1,0,1,0,0,0,0,0,1,0,1,0,1,0,0,0,0,0.897
1,1,0,0,1,0,0,1,0,0,0,0,1,0,1,0,0,1,0,0.8092
1,1,1,0,1,0,0,0,0,0,0,1,1,0,1,0,0,0,0,0.8009
1,0,1,1,1,1,0,0,0,0,0,0,1,0,0,1,0,0,0,0.5138
1,1,1,0,1,0,1,0,0,0,0,0,1,0,0,0,1,0,1,0.3494
1,1,0,1,1,1,0,0,0,0,0,0,1,0,0,1,0,0,0,0.9107
1,0,1,1,1,0,0,0,1,0,0,0,1,0,1,0,0,0,0,0.9109
1,0,1,0,1,0,0,0,0,0,0,1,1,0,0,0,1,1,1,0.914
1,1,1,0,1,0,1,0,0,0,0,0,1,0,0,0,1,1,0,0.0951
1,1,1,0,1,0,0,0,0,1,0,0,1,0,1,0,0,0,0,0.9101
1,1,0,0,1,0,0,1,0,0,0,0,1,0,0,1,0,1,1,0.8974
1,1,1,0,1,0,0,0,0,0,0,1,1,1,0,0,0,0,0,0.9103
1,1,1,0,1,0,0,0,0,0,1,0,1,0,0,0,1,1,0,0.0948
1,1,0,0,1,0,0,0,1,0,0,0,1,1,0,0,0,1,1,0.5492
1,1,0,0,1,0,1,0,0,0,0,0,1,0,1,0,0,1,0,0.901
1,1,1,0,1,0,0,0,0,1,0,0,1,0,0,0,1,1,0,0.3938
1,0,1,0,1,0,0,1,0,0,0,0,1,0,1,0,0,1,0,0.3123
1,1,1,0,1,1,0,0,0,0,0,0,1,0,0,0,1,0,1,0.4494
1,1,1,0,1,0,0,0,0,0,1,0,1,1,0,0,0,0,0,0.9103
1,1,0,0,1,0,0,0,0,1,0,0,1,0,0,0,1,1,1,0.6372
1,1,1,0,1,0,0,1,0,0,0,0,1,0,0,1,0,0,1,0.7902
1,1,0,0,1,0,0,0,0,0,0,1,1,1,0,0,0,1,0,0.0799
1,0,1,1,1,0,0,0,1,0,0,0,1,1,0,0,0,0,0,0.9022
1,0,1,0,1,0,0,1,0,0,0,0,1,1,0,0,0,1,0,0.4375
1,1,0,0,1,0,0,0,0,0,1,0,1,0,0,0,1,1,1,0.8915
1,1,0,0,1,1,0,0,0,0,0,0,1,0,0,0,1,1,1,0.662
1,1,0,0,1,0,1,0,0,0,0,0,1,0,0,0,1,1,1,0.4662
1,1,1,0,1,0,0,0,0,1,0,0,1,0,0,1,0,0,0,0.6563
1,1,1,0,1,0,0,0,1,0,0,0,1,1,0,0,0,0,1,0.9039
1,1,1,0,1,0,0,0,0,0,0,1,1,0,0,0,1,0,1,0.9066
1,1,1,0,1,0,0,0,0,0,0,1,1,0,0,0,1,1,0,0.9025
1,1,0,1,1,1,0,0,0,0,0,0,1,0,1,0,0,0,0,0.6799
1,1,0,0,1,0,0,0,0,0,1,0,1,1,0,0,0,1,0,0.874
1,1,1,0,1,0,0,1,0,0,0,0,1,0,0,1,0,1,0,0.1096
1,1,0,0,1,0,1,0,0,0,0,0,1,0,1,0,0,1,1,0.0033
1,0,1,0,1,0,1,0,0,0,0,0,1,0,1,0,0,1,0,0.906
1,0,1,1,1,1,0,0,0,0,0,0,1,0,1,0,0,0,0,0.7908
1,1,0,0,1,0,0,1,0,0,0,0,1,1,0,0,0,1,0,0.6986
1,1,0,0,1,0,0,0,0,0,1,0,1,0,1,0,0,1,1,0.8957
1,1,1,0,1,1,0,0,0,0,0,0,1,0,0,0,1,1,0,0.8972
1,1,1,0,1,0,0,0,0,1,0,0,1,0,0,0,1,0,0,0.0086
1,1,1,0,1,0,0,0,1,0,0,0,1,1,0,0,0,1,0,0.8756
1,1,0,0,1,0,0,0,0,1,0,0,1,0,1,0,0,1,1,0.7377
1,1,1,0,1,0,0,0,0,1,0,0,1,0,1,0,0,0,1,0.6576
1,1,1,0,1,0,0,0,0,0,0,1,1,0,1,0,0,0,1,0.8404
1,0,1,0,1,0,0,0,1,0,0,0,1,1,0,0,0,1,1,0.896
1,0,1,0,1,0,0,0,0,0,1,0,1,1,0,0,0,1,0,0.8038
1,1,1,0,1,1,0,0,0,0,0,0,1,0,1,0,0,0,1,0.9158
1,1,1,0,1,0,0,0,0,0,1,0,1,0,1,0,0,0,1,0.0108
1,1,1,0,1,0,1,0,0,0,0,0,1,0,1,0,0,0,1,0.1007
1,1,1,1,1,0,0,1,0,0,0,0,1,0,0,1,0,0,0,0.7549
1,0,1,0,1,0,0,0,0,0,0,1,1,1,0,0,0,1,0,0.0086
1,1,0,1,1,0,0,0,1,0,0,0,1,1,0,0,0,0,0,0.9156
1,0,1,0,1,0,1,0,0,0,0,0,1,0,0,0,1,1,0,0.9049
1,0,1,0,1,0,0,0,0,0,0,1,1,0,0,1,0,1,0,0.1022
1,0,1,1,1,1,0,0,0,0,0,0,1,1,0,0,0,0,0,0.9132
1,1,1,0,1,0,0,1,0,0,0,0,1,1,0,0,0,0,0,0.0109
1,0,1,0,1,0,0,0,0,0,1,0,1,0,0,1,0,1,0,0.6341
1,1,1,0,1,0,0,0,1,0,0,0,1,0,0,0,1,1,0,0.9171
1,1,1,0,1,0,0,0,1,0,0,0,1,1,0,0,0,0,0,0.8751
1,1,0,0,1,0,0,0,0,1,0,0,1,0,0,0,1,1,0,0.9144
1,1,1,0,1,0,0,0,0,0,0,1,1,0,1,0,0,1,0,0.6256
1,1,0,0,1,0,1,0,0,0,0,0,1,0,0,0,1,1,0,0.0927
1,0,1,0,1,0,0,0,0,1,0,0,1,0,0,0,1,1,0,0.9145
1,1,1,0,1,0,0,0,0,1,0,0,1,0,1,0,0,1,0,0.9127
1,1,1,1,1,0,0,1,0,0,0,0,1,0,1,0,0,0,0,0.9056
1,0,1,0,1,0,0,0,1,0,0,0,1,0,1,0,0,1,0,0.664
1,1,1,0,1,0,0,0,0,0,1,0,1,0,1,0,0,1,0,0.7277
1,1,1,0,1,0,1,0,0,0,0,0,1,0,1,0,0,1,0,0.9023
1,1,0,0,1,1,0,0,0,0,0,0,1,0,1,0,0,1,1,0.7085
1,1,0,0,1,0,0,1,0,0,0,0,1,0,0,1,0,1,0,0.0149
1,0,1,0,1,0,1,0,0,0,0,0,1,0,1,0,0,1,1,0.9034
1,1,0,0,1,0,0,0,1,0,0,0,1,0,0,0,1,1,1,0.9105
1,1,0,0,1,0,0,0,0,0,0,1,1,0,0,1,0,1,0,0.8915
1,0,1,0,1,0,0,0,0,0,1,0,1,0,1,0,0,1,1,0.0988
1,0,1,0,1,0,0,0,0,1,0,0,1,0,1,0,0,1,1,0.915
1,1,1,0,1,1,0,0,0,0,0,0,1,0,1,0,0,1,0,0.6286
1,0,1,0,1,0,0,0,0,0,0,1,1,0,1,0,0,1,1,0.8971
1,1,1,0,1,0,0,1,0,0,0,0,1,0,1,0,0,1,0,0.6623
1,1,0,1,1,1,0,0,0,0,0,0,1,1,0,0,0,0,0,0.7817
1,1,0,0,1,0,0,0,0,0,1,0,1,0,0,1,0,1,0,0.8327
1,1,0,0,1,0,1,0,0,0,0,0,1,0,0,1,0,1,0,0.0118
1,0,0,1,1,1,0,0,0,0,0,0,1,1,0,0,0,1,0,0.0032
1,0,1,0,1,0,0,0,0,1,0,0,1,0,0,1,0,1,0,0.9086
1,1,0,0,1,0,0,0,0,0,1,0,1,0,1,0,0,1,0,0.695
1,1,0,0,1,0,0,0,1,0,0,0,1,0,1,0,0,1,0,0.7414
1,0,1,0,1,0,0,1,0,0,0,0,1,0,0,1,0,1,0,0.3452
1,0,1,0,1,0,1,0,0,0,0,0,1,0,0,1,0,1,0,0.1087
1,1,0,0,1,0,0,0,0,0,0,1,1,0,1,0,0,1,0,0.9003
1,1,1,0,1,0,0,0,1,0,0,0,1,0,1,0,0,0,0,0.4494
1,0,0,1,1,1,0,0,0,0,0,0,1,0,0,1,0,1,0,0.7303
1,0,1,0,1,0,0,0,0,0,1,0,1,0,1,0,0,1,0,0.8991
1,1,0,0,1,0,0,0,0,1,0,0,1,0,0,1,0,1,0,0.7902
1,0,1,0,1,0,1,0,0,0,0,0,1,1,0,0,0,1,0,0.8832
1,0,1,0,1,0,0,1,0,0,0,0,1,0,0,0,1,1,0,0.0142
1,0,1,0,1,0,0,0,0,0,0,1,1,0,1,0,0,1,0,0.9036
1,0,1,0,1,0,0,0,0,0,1,0,1,0,0,0,1,1,0,0.732
1,1,0,0,1,0,1,0,0,0,0,0,1,1,0,0,0,1,0,0.8832
1,1,1,0,1,0,0,0,1,0,0,0,1,0,0,1,0,0,0,0.707
1,0,0,1,1,1,0,0,0,0,0,0,1,0,1,0,0,1,0,0.4118
1,1,0,0,1,0,0,1,0,0,0,0,1,0,0,0,1,1,0,0.9105
1,0,1,0,1,0,0,0,0,0,0,1,1,0,0,0,1,1,0,0.6637
1,1,0,0,1,0,0,0,0,1,0,0,1,0,1,0,0,1,0,0.9005
1,1,0,0,1,0,0,0,0,0,0,1,1,0,0,0,1,1,0,0.7951
1,0,1,0,1,0,0,0,0,1,0,0,1,0,1,0,0,1,0,0.9041
1,1,1,0,1,0,1,0,0,0,0,0,1,1,0,0,0,0,0,0.8695
1,1,0,0,1,0,0,0,0,0,1,0,1,0,0,0,1,1,0,0.4579
1,0,0,1,1,1,0,0,0,0,0,0,1,0,0,0,1,1,0,0.1137
1,1,1,0,1,0,0,1,0,0,0,0,1,0,0,0,1,0,0,0.9147
1,1,1,0,1,0,0,0,1,0,0,0,1,0,0,0,1,0,0,0.9086
