sgd,average,early_stopping,fit_intercept,loss,epsilon_insensitive,hinge,huber,log_loss,modified_huber,perceptron,squared_error,penalty,elasticnet,l1,l2,None,shuffle,warm_start,Performance,huber$$l1,l1$$squared_error,shuffle$$squared_error,Performance Prediction
1,0,0,0,1,0,0,1,0,0,0,0,1,0,0,0,1,0,0,0.8973,0,0,0,0.8973
1,1,1,1,1,0,0,0,0,0,1,0,1,0,1,0,0,1,1,0.0988,0,0,0,0.0988
1,1,0,1,1,0,0,0,1,0,0,0,1,0,1,0,0,1,1,0.3237,0,0,0,0.3237
1,0,0,1,1,0,0,0,1,0,0,0,1,1,0,0,0,1,0,0.9157,0,0,0,0.9157
1,0,0,0,1,0,0,0,0,0,0,1,1,0,1,0,0,0,0,0.7414,0,1,0,0.7414
1,1,1,1,1,0,0,0,0,0,0,1,1,1,0,0,0,1,1,0.8875,0,0,1,0.8875
1,1,1,1,1,0,0,0,1,0,0,0,1,1,0,0,0,1,1,0.8751,0,0,0,0.8751
1,0,0,0,1,0,0,1,0,0,0,0,1,0,1,0,0,1,1,0.405,1,0,0,0.405
1,0,0,0,1,0,0,1,0,0,0,0,1,0,0,1,0,1,1,0.9108,0,0,0,0.9108
1,0,0,0,1,0,0,0,0,0,0,1,1,0,0,0,1,1,1,0.9179,0,0,1,0.9232
1,1,1,1,1,0,0,0,0,0,1,0,1,0,0,0,1,1,1,0.9093,0,0,0,0.6502
1,1,1,0,1,0,0,1,0,0,0,0,1,1,0,0,0,1,1,0.9055,0,0,0,0.8702
1,0,0,0,1,0,1,0,0,0,0,0,1,0,0,1,0,1,0,0.6507,0,0,0,0.9108
1,0,1,0,1,0,0,0,1,0,0,0,1,1,0,0,0,1,0,0.2378,0,0,0,0.9108
1,0,0,0,1,0,0,0,0,0,0,1,1,0,0,1,0,0,0,0.8998,0,0,0,0.8973
1,1,1,1,1,0,0,0,0,0,1,0,1,0,0,1,0,1,1,0.1005,0,0,0,0.6502
1,0,0,0,1,0,0,0,1,0,0,0,1,0,0,1,0,0,0,0.9024,0,0,0,0.8973
1,0,0,0,1,1,0,0,0,0,0,0,1,0,0,1,0,0,0,0.9062,0,0,0,0.8973
1,0,0,0,1,0,0,0,0,0,1,0,1,0,0,1,0,0,0,0.9078,0,0,0,0.6724
1,0,0,0,1,0,1,0,0,0,0,0,1,0,0,1,0,0,0,0.9038,0,0,0,0.8973
1,1,1,1,1,0,1,0,0,0,0,0,1,1,0,0,0,1,1,0.8974,0,0,0,0.8751
1,0,0,1,1,0,0,0,0,0,0,1,1,0,1,0,0,1,1,0.0971,0,1,1,0.7722
1,1,0,1,1,0,1,0,0,0,0,0,1,0,1,0,0,1,1,0.9131,0,0,0,0.3237
1,1,1,0,1,0,0,1,0,0,0,0,1,0,0,1,0,1,1,0.9058,0,0,0,0.8702
1,0,0,0,1,0,0,0,0,1,0,0,1,0,0,1,0,0,0,0.9058,0,0,0,0.8973
1,0,1,0,1,0,0,1,0,0,0,0,1,0,0,0,1,1,1,0.0964,0,0,0,0.9108
1,1,1,0,1,0,0,1,0,0,0,0,1,0,0,0,1,1,1,0.0826,0,0,0,0.8702
1,1,0,1,1,0,0,0,0,0,1,0,1,0,1,0,0,1,1,0.9103,0,0,0,0.0988
1,0,0,0,1,1,0,0,0,0,0,0,1,0,0,0,1,1,1,0.1915,0,0,0,0.9108
1,1,1,1,1,0,0,0,0,1,0,0,1,1,0,0,0,1,1,0.1037,0,0,0,0.8751
1,0,0,0,1,0,1,0,0,0,0,0,1,0,0,0,1,1,1,0.3119,0,0,0,0.9108
1,0,0,0,1,0,0,0,0,1,0,0,1,0,0,0,1,1,1,0.3836,0,0,0,0.9108
1,0,0,0,1,0,0,1,0,0,0,0,1,0,1,0,0,1,0,0.8999,1,0,0,0.405
1,1,1,1,1,0,0,1,0,0,0,0,1,1,0,0,0,1,1,0.8875,0,0,0,0.8751
1,0,1,0,1,0,0,0,0,0,1,0,1,0,0,1,0,1,1,0.9059,0,0,0,0.6859
1,0,0,0,1,0,0,0,0,0,0,1,1,1,0,0,0,0,0,0.8998,0,0,0,0.8973
1,0,1,0,1,0,0,0,0,1,0,0,1,0,0,1,0,1,1,0.8471,0,0,0,0.9108
1,1,0,1,1,1,0,0,0,0,0,0,1,0,1,0,0,1,1,0.3494,0,0,0,0.3237
1,0,0,0,1,0,0,0,0,0,0,1,1,0,0,0,1,0,0,0.7748,0,0,0,0.8973
1,0,0,0,1,0,0,1,0,0,0,0,1,1,0,0,0,1,0,0.4483,0,0,0,0.9108
1,1,0,0,1,0,0,0,1,0,0,0,1,1,0,0,0,1,0,0.8999,0,0,0,0.8702
1,0,0,0,1,0,0,0,0,0,1,0,1,0,0,0,1,1,1,0.885,0,0,0,0.6859
1,0,0,0,1,0,0,0,0,1,0,0,1,0,0,1,0,1,0,0.9114,0,0,0,0.9108
1,0,0,1,1,0,0,0,1,0,0,0,1,1,0,0,0,0,1,0.9153,0,0,0,0.9022
1,0,1,0,1,0,0,1,0,0,0,0,1,1,0,0,0,1,1,0.8875,0,0,0,0.9108
1,1,1,1,1,1,0,0,0,0,0,0,1,1,0,0,0,1,1,0.915,0,0,0,0.8751
1,1,0,1,1,0,0,0,0,1,0,0,1,0,1,0,0,1,1,0.1177,0,0,0,0.3237
1,1,1,1,1,0,0,0,0,0,0,1,1,0,0,0,1,1,1,0.8847,0,0,1,0.8875
1,0,1,0,1,0,0,0,1,0,0,0,1,1,0,0,0,0,1,0.1022,0,0,0,0.8973
1,0,0,0,1,0,0,0,1,0,0,0,1,0,0,1,0,1,0,0.912,0,0,0,0.9108
1,0,0,0,1,0,1,0,0,0,0,0,1,0,1,0,0,0,0,0.9056,0,0,0,0.3459
1,1,1,1,1,0,0,0,0,1,0,0,1,0,0,1,0,1,1,0.9047,0,0,0,0.8751
1,0,0,0,1,0,0,0,0,0,1,0,1,0,0,1,0,1,0,0.0888,0,0,0,0.6859
1,0,0,0,1,0,0,0,0,1,0,0,1,0,0,1,0,1,1,0.9114,0,0,0,0.9108
1,1,1,1,1,0,0,1,0,0,0,0,1,0,0,1,0,1,1,0.891,0,0,0,0.8751
1,0,0,0,1,0,0,1,0,0,0,0,1,0,0,0,1,1,0,0.0126,0,0,0,0.9108
1,1,1,1,1,0,0,0,1,0,0,0,1,0,0,1,0,1,1,0.9029,0,0,0,0.8751
1,1,0,1,1,0,0,0,0,0,0,1,1,0,1,0,0,1,1,0.0971,0,1,1,0.7316
1,1,0,0,1,0,0,0,1,0,0,0,1,1,0,0,0,0,1,0.0033,0,0,0,0.8567
1,0,0,0,1,0,0,1,0,0,0,0,1,1,0,0,0,0,0,0.6661,0,0,0,0.8973
1,0,1,0,1,0,1,0,0,0,0,0,1,0,0,1,0,1,1,0.1043,0,0,0,0.9108
1,0,0,0,1,1,0,0,0,0,0,0,1,0,1,0,0,0,0,0.894,0,0,0,0.3459
1,0,0,0,1,0,1,0,0,0,0,0,1,0,0,1,0,1,1,0.9108,0,0,0,0.9108
1,1,1,1,1,0,1,0,0,0,0,0,1,0,0,1,0,1,1,0.221,0,0,0,0.8751
1,0,0,0,1,0,0,1,0,0,0,0,1,1,0,0,0,0,1,0.9122,0,0,0,0.8973
1,0,1,0,1,0,0,0,1,0,0,0,1,0,0,1,0,1,1,0.917,0,0,0,0.9108
1,1,1,1,1,0,0,0,0,0,0,1,1,0,1,0,0,1,1,0.0962,0,1,1,0.7316
1,0,1,1,1,1,0,0,0,0,0,0,1,0,1,0,0,1,1,0.8839,0,0,0,0.3643
1,0,0,0,1,0,0,0,1,0,0,0,1,0,1,0,0,0,0,0.6462,0,0,0,0.3459
1,1,1,1,1,1,0,0,0,0,0,0,1,0,0,1,0,1,1,0.9099,0,0,0,0.8751
1,0,1,1,1,0,1,0,0,0,0,0,1,0,1,0,0,1,1,0.9038,0,0,0,0.3643
1,0,0,0,1,0,0,0,0,0,1,0,1,0,0,1,0,1,1,0.916,0,0,0,0.6859
1,1,0,0,1,0,0,0,0,0,0,1,1,0,1,0,0,1,1,0.8685,0,1,1,0.7267
1,0,0,0,1,0,0,0,0,0,1,0,1,0,1,0,0,0,0,0.734,0,0,0,0.121
1,0,0,0,1,1,0,0,0,0,0,0,1,0,0,1,0,1,1,0.9136,0,0,0,0.9108
1,0,0,0,1,0,0,0,0,0,0,1,1,0,0,1,0,1,1,0.1022,0,0,1,0.9232
1,1,1,1,1,0,1,0,0,0,0,0,1,0,0,0,1,1,1,0.9093,0,0,0,0.8751
1,1,1,1,1,1,0,0,0,0,0,0,1,0,0,0,1,1,1,0.8798,0,0,0,0.8751
1,0,0,1,1,0,0,1,0,0,0,0,1,0,1,0,0,0,1,0.9022,1,0,0,0.3964
1,1,1,1,1,0,0,1,0,0,0,0,1,0,0,1,0,0,1,0.8764,0,0,0,0.8616
1,0,1,0,1,0,0,0,1,0,0,0,1,0,0,0,1,0,0,0.7992,0,0,0,0.8973
1,0,0,1,1,0,0,0,1,0,0,0,1,0,0,0,1,0,0,0.9018,0,0,0,0.9022
1,0,1,0,1,1,0,0,0,0,0,0,1,0,0,1,0,1,1,0.0994,0,0,0,0.9108
1,0,0,0,1,0,0,0,0,0,0,1,1,0,0,1,0,1,0,0.7925,0,0,1,0.9232
1,0,0,0,1,0,0,0,0,0,0,1,1,0,1,0,0,1,1,0.5138,0,1,1,0.7673
1,1,1,1,1,0,0,0,1,0,0,0,1,0,0,0,1,1,1,0.8847,0,0,0,0.8751
1,0,1,0,1,0,0,0,1,0,0,0,1,0,0,0,1,1,0,0.0927,0,0,0,0.9108
1,1,1,1,1,0,0,1,0,0,0,0,1,0,0,0,1,1,1,0.1244,0,0,0,0.8751
1,1,0,0,1,0,0,0,0,0,0,1,1,0,0,0,1,1,1,0.8685,0,0,1,0.8826
1,0,1,1,1,1,0,0,0,0,0,0,1,0,0,1,0,1,0,0.8004,0,0,0,0.9157
1,0,0,0,1,1,0,0,0,0,0,0,1,0,0,1,0,1,0,0.9098,0,0,0,0.9108
1,0,0,0,1,0,1,0,0,0,0,0,1,0,1,0,0,1,1,0.6576,0,0,0,0.3594
1,1,0,0,1,0,0,0,1,0,0,0,1,0,0,0,1,0,0,0.9041,0,0,0,0.8567
1,0,0,0,1,0,0,0,0,1,0,0,1,0,1,0,0,0,0,0.7026,0,0,0,0.3459
1,0,1,1,1,0,0,0,0,1,0,0,1,0,0,1,0,1,0,0.9076,0,0,0,0.9157
1,1,0,0,1,0,0,0,1,0,0,0,1,0,0,0,1,1,0,0.9087,0,0,0,0.8702
1,0,0,0,1,0,0,0,0,1,0,0,1,0,1,0,0,1,1,0.8989,0,0,0,0.3594
1,1,1,1,1,0,0,1,0,0,0,0,1,0,1,0,0,1,1,0.0948,1,0,0,0.3693
1,1,1,1,1,0,0,0,0,1,0,0,1,0,0,0,1,1,1,0.1045,0,0,0,0.8751
1,0,0,0,1,0,1,0,0,0,0,0,1,0,0,0,1,0,0,0.9086,0,0,0,0.8973
1,0,0,0,1,1,0,0,0,0,0,0,1,0,1,0,0,1,1,0.7176,0,0,0,0.3594
1,0,1,1,1,0,0,0,0,0,1,0,1,0,1,0,0,1,1,0.7119,0,0,0,0.1394
1,0,0,0,1,1,0,0,0,0,0,0,1,0,0,0,1,0,0,0.0853,0,0,0,0.8973
1,1,1,1,1,0,0,1,0,0,0,0,1,1,0,0,0,0,1,0.8425,0,0,0,0.8616
1,0,0,0,1,0,0,0,0,0,1,0,1,0,1,0,0,1,1,0.008,0,0,0,0.1345
1,0,1,1,1,0,1,0,0,0,0,0,1,0,0,1,0,1,0,0.0039,0,0,0,0.9157
1,0,1,1,1,0,0,1,0,0,0,0,1,1,0,0,0,0,1,0.8659,0,0,0,0.9022
1,0,0,0,1,0,1,0,0,0,0,0,1,0,0,1,0,0,1,0.8875,0,0,0,0.8973
1,0,0,0,1,0,0,0,0,0,1,0,1,0,0,0,1,0,0,0.8533,0,0,0,0.6724
1,0,0,0,1,0,0,0,1,0,0,0,1,0,0,0,1,0,0,0.8999,0,0,0,0.8973
1,0,0,0,1,0,0,0,0,1,0,0,1,1,0,0,0,1,1,0.9122,0,0,0,0.9108
1,0,0,0,1,0,1,0,0,0,0,0,1,1,0,0,0,0,0,0.8998,0,0,0,0.8973
1,0,0,0,1,0,0,1,0,0,0,0,1,0,0,0,1,1,1,0.1066,0,0,0,0.9108
1,1,1,1,1,0,1,0,0,0,0,0,1,0,1,0,0,1,1,0.1201,0,0,0,0.3237
1,0,0,0,1,0,0,0,0,1,0,0,1,0,0,0,1,0,0,0.7295,0,0,0,0.8973
1,0,1,1,1,0,0,0,0,0,0,1,1,0,1,0,0,1,1,0.6418,0,1,1,0.7722
1,1,1,1,1,0,0,0,0,0,1,0,1,1,0,0,0,1,1,0.4398,0,0,0,0.6502
1,0,0,0,1,1,0,0,0,0,0,0,1,1,0,0,0,1,1,0.0024,0,0,0,0.9108
1,1,1,1,1,0,0,0,0,1,0,0,1,0,1,0,0,1,1,0.9095,0,0,0,0.3237
1,0,1,1,1,0,0,0,1,0,0,0,1,0,1,0,0,1,1,0.0103,0,0,0,0.3643
1,0,0,0,1,0,0,0,0,0,0,1,1,0,0,1,0,0,1,0.7327,0,0,0,0.8973
1,1,1,1,1,0,0,0,1,0,0,0,1,0,1,0,0,1,1,0.1,0,0,0,0.3237
1,1,1,1,1,1,0,0,0,0,0,0,1,0,1,0,0,1,1,0.8004,0,0,0,0.3237
1,1,1,1,1,0,0,1,0,0,0,0,1,0,0,0,1,0,1,0.0848,0,0,0,0.8616
1,0,1,1,1,0,0,0,1,0,0,0,1,0,0,1,0,1,0,0.3819,0,0,0,0.9157
1,0,0,1,1,0,0,0,1,0,0,0,1,0,0,0,1,1,0,0.8917,0,0,0,0.9157
1,0,0,0,1,1,0,0,0,0,0,0,1,0,0,1,0,0,1,0.6563,0,0,0,0.8973
1,0,1,1,1,0,0,0,0,1,0,0,1,0,1,0,0,1,1,0.4191,0,0,0,0.3643
1,0,1,1,1,0,0,0,0,0,1,0,1,0,0,1,0,1,0,0.8764,0,0,0,0.6908
1,0,1,1,1,0,0,0,1,0,0,0,1,0,0,1,0,0,1,0.9021,0,0,0,0.9022
1,1,1,1,1,0,0,1,0,0,0,0,1,0,0,1,0,1,0,0.1096,0,0,0,0.8751
1,1,1,1,1,0,0,0,0,0,0,1,1,0,0,1,0,1,1,0.9073,0,0,1,0.8875
1,0,1,1,1,0,0,1,0,0,0,0,1,0,0,0,1,0,1,0.9036,0,0,0,0.9022
1,0,1,1,1,1,0,0,0,0,0,0,1,0,0,1,0,0,1,0.1255,0,0,0,0.9022
1,0,0,0,1,0,0,1,0,0,0,0,1,0,1,0,0,0,1,0.9132,1,0,0,0.3915
1,0,0,0,1,0,0,1,0,0,0,0,1,0,0,1,0,0,0,0.8965,0,0,0,0.8973
1,0,1,1,1,0,1,0,0,0,0,0,1,0,0,1,0,0,1,0.2084,0,0,0,0.9022
1,0,0,0,1,0,0,0,0,0,1,0,1,0,0,1,0,0,1,0.8984,0,0,0,0.6724
1,1,0,0,1,0,0,0,0,0,0,1,1,1,0,0,0,1,1,0.0385,0,0,1,0.8826
1,1,1,1,1,0,0,0,0,1,0,0,1,0,1,0,0,0,1,0.907,0,0,0,0.3102
1,0,0,0,1,0,0,0,0,1,0,0,1,1,0,0,0,0,0,0.9037,0,0,0,0.8973
1,0,0,0,1,0,0,0,0,1,0,0,1,0,0,1,0,0,1,0.7421,0,0,0,0.8973
1,1,1,1,1,0,0,0,0,0,0,1,1,0,1,0,0,1,0,0.8698,0,1,1,0.7316
1,1,1,1,1,0,0,0,1,0,0,0,1,0,1,0,0,0,1,0.9031,0,0,0,0.3102
1,0,1,0,1,0,0,1,0,0,0,0,1,0,1,0,0,1,1,0.4112,1,0,0,0.405
1,1,1,1,1,0,0,1,0,0,0,0,1,1,0,0,0,1,0,0.1032,0,0,0,0.8751
1,1,1,1,1,0,0,1,0,0,0,0,1,0,0,0,1,1,0,0.8868,0,0,0,0.8751
1,0,0,1,1,0,0,0,1,0,0,0,1,1,0,0,0,0,0,0.2378,0,0,0,0.9022
1,0,1,1,1,0,0,0,0,0,1,0,1,0,0,1,0,0,1,0.5269,0,0,0,0.6773
1,0,1,0,1,0,0,0,1,0,0,0,1,0,0,0,1,0,1,0.6965,0,0,0,0.8973
1,0,0,0,1,0,0,0,0,0,0,1,1,1,0,0,0,1,1,0.0048,0,0,1,0.9232
1,0,1,0,1,0,0,0,1,0,0,0,1,1,0,0,0,0,0,0.9043,0,0,0,0.8973
1,0,1,1,1,0,0,0,0,1,0,0,1,0,0,1,0,0,1,0.2964,0,0,0,0.9022
1,1,0,0,1,0,0,0,1,0,0,0,1,0,0,0,1,0,1,0.8988,0,0,0,0.8567
1,0,0,0,1,0,0,0,0,0,1,0,1,1,0,0,0,1,1,0.7331,0,0,0,0.6859
1,0,0,0,1,0,1,0,0,0,0,0,1,1,0,0,0,1,1,0.6607,0,0,0,0.9108
1,1,0,0,1,0,0,0,1,0,0,0,1,1,0,0,0,0,0,0.8343,0,0,0,0.8567
1,0,1,0,1,0,0,0,0,0,1,0,1,0,0,1,0,0,0,0.6591,0,0,0,0.6724
1,0,1,0,1,0,0,0,0,0,0,1,1,0,0,1,0,0,0,0.9143,0,0,0,0.8973
1,1,0,0,1,0,0,0,1,0,0,0,1,0,0,1,0,0,0,0.7026,0,0,0,0.8567
1,0,1,1,1,0,0,1,0,0,0,0,1,1,0,0,0,1,0,0.9001,0,0,0,0.9157
1,0,0,1,1,0,0,0,0,0,0,1,1,0,0,0,1,0,1,0.1087,0,0,0,0.9022
1,0,1,1,1,0,0,1,0,0,0,0,1,0,1,0,0,0,1,0.5492,1,0,0,0.3964
1,0,0,0,1,0,0,1,0,0,0,0,1,0,1,0,0,0,0,0.912,1,0,0,0.3915
1,0,0,1,1,0,0,0,1,0,0,0,1,0,0,1,0,1,1,0.9114,0,0,0,0.9157
1,1,1,1,1,0,0,0,0,0,1,0,1,0,1,0,0,1,0,0.835,0,0,0,0.0988
1,0,0,0,1,0,0,0,0,0,1,0,1,1,0,0,0,0,0,0.8545,0,0,0,0.6724
1,0,0,1,1,0,0,0,0,1,0,0,1,0,0,1,0,1,1,0.8876,0,0,0,0.9157
1,0,0,0,1,0,0,0,1,0,0,0,1,1,0,0,0,0,0,0.9059,0,0,0,0.8973
1,0,0,1,1,0,0,0,0,0,1,0,1,0,0,0,1,0,1,0.8092,0,0,0,0.6773
1,0,0,1,1,0,0,0,0,0,1,0,1,0,0,1,0,1,1,0.8664,0,0,0,0.6908
1,1,1,1,1,1,0,0,0,0,0,0,1,0,1,0,0,1,0,0.0062,0,0,0,0.3237
1,0,0,1,1,1,0,0,0,0,0,0,1,0,0,1,0,1,1,0.717,0,0,0,0.9157
1,0,0,1,1,0,1,0,0,0,0,0,1,1,0,0,0,0,1,0.4952,0,0,0,0.9022
1,1,0,0,1,0,0,0,0,0,0,1,1,0,0,1,0,1,1,0.161,0,0,1,0.8826
1,0,1,1,1,0,0,1,0,0,0,0,1,0,0,0,1,1,0,0.4952,0,0,0,0.9157
1,0,0,1,1,0,1,0,0,0,0,0,1,0,0,1,0,1,1,0.8992,0,0,0,0.9157
1,1,0,1,1,0,1,0,0,0,0,0,1,0,0,1,0,0,1,0.8992,0,0,0,0.8616
1,1,1,1,1,0,1,0,0,0,0,0,1,0,1,0,0,0,1,0.9127,0,0,0,0.3102
1,0,0,1,1,0,0,1,0,0,0,0,1,1,0,0,0,1,1,0.9143,0,0,0,0.9157
1,1,1,1,1,1,0,0,0,0,0,0,1,0,1,0,0,0,1,0.4662,0,0,0,0.3102
1,0,0,0,1,1,0,0,0,0,0,0,1,1,0,0,0,0,0,0.7411,0,0,0,0.8973
1,0,1,0,1,0,0,0,0,1,0,0,1,0,0,1,0,0,0,0.9115,0,0,0,0.8973
1,0,0,1,1,0,0,0,1,0,0,0,1,0,1,0,0,0,0,0.1137,0,0,0,0.3508
1,0,0,0,1,0,0,1,0,0,0,0,1,1,0,0,0,1,1,0.405,0,0,0,0.9108
1,0,1,0,1,0,0,0,1,0,0,0,1,0,0,1,0,1,0,0.8839,0,0,0,0.9108
1,1,0,1,1,0,0,0,0,1,0,0,1,0,0,1,0,0,1,0.0994,0,0,0,0.8616
1,0,0,1,1,1,0,0,0,0,0,0,1,0,1,0,0,0,1,0.4191,0,0,0,0.3508
1,0,0,1,1,0,0,0,0,1,0,0,1,0,0,0,1,0,1,0.7719,0,0,0,0.9022
1,1,0,0,1,0,0,0,1,0,0,0,1,0,0,1,0,1,0,0.8989,0,0,0,0.8702
1,1,0,1,1,1,0,0,0,0,0,0,1,0,0,1,0,0,1,0.0067,0,0,0,0.8616
1,1,1,1,1,0,1,0,0,0,0,0,1,0,1,0,0,1,0,0.0958,0,0,0,0.3237
1,0,1,0,1,0,1,0,0,0,0,0,1,1,0,0,0,0,1,0.7393,0,0,0,0.8973
1,0,1,1,1,0,0,1,0,0,0,0,1,0,0,1,0,1,1,0.9093,0,0,0,0.9157
1,0,1,1,1,0,0,1,0,0,0,0,1,0,1,0,0,1,0,0.8046,1,0,0,0.4099
1,0,1,0,1,0,0,0,0,0,1,0,1,0,0,0,1,0,1,0.916,0,0,0,0.6724
1,0,1,0,1,1,0,0,0,0,0,0,1,0,0,1,0,0,0,0.0972,0,0,0,0.8973
1,1,0,1,1,0,0,0,1,0,0,0,1,0,0,1,0,0,1,0.9113,0,0,0,0.8616
1,0,1,0,1,0,1,0,0,0,0,0,1,0,0,1,0,0,0,0.0977,0,0,0,0.8973
1,1,1,1,1,0,0,0,0,0,0,1,1,0,1,0,0,0,1,0.0852,0,1,0,0.7057
1,1,0,0,1,0,0,0,1,0,0,0,1,0,0,1,0,0,1,0.0962,0,0,0,0.8567
1,0,0,1,1,1,0,0,0,0,0,0,1,0,0,0,1,0,1,0.908,0,0,0,0.9022
1,1,0,1,1,0,0,0,0,0,1,0,1,0,0,1,0,0,1,0.0953,0,0,0,0.6367
1,1,0,0,1,0,0,0,0,0,1,0,1,0,0,1,0,0,0,0.835,0,0,0,0.6318
1,1,1,1,1,0,0,0,0,0,1,0,1,0,1,0,0,0,1,0.1005,0,0,0,0.0853
1,1,0,0,1,0,0,0,0,0,0,1,1,0,0,1,0,0,0,0.0808,0,0,0,0.8567
1,0,0,1,1,0,0,1,0,0,0,0,1,0,0,0,1,1,1,0.0984,0,0,0,0.9157
1,0,1,1,1,0,0,1,0,0,0,0,1,0,0,0,1,1,1,0.9005,0,0,0,0.9157
1,1,0,0,1,0,0,0,0,1,0,0,1,0,0,1,0,0,0,0.6637,0,0,0,0.8567
1,0,0,1,1,0,0,1,0,0,0,0,1,0,1,0,0,1,1,0.9083,1,0,0,0.4099
1,0,1,0,1,0,0,0,0,1,0,0,1,0,0,0,1,0,1,0.6441,0,0,0,0.8973
1,0,1,0,1,0,0,0,0,0,0,1,1,0,0,0,1,0,1,0.8972,0,0,0,0.8973
1,1,1,1,1,0,0,0,0,1,0,0,1,0,1,0,0,1,0,0.1017,0,0,0,0.3237
1,0,1,1,1,0,0,1,0,0,0,0,1,1,0,0,0,1,1,0.887,0,0,0,0.9157
1,1,0,1,1,0,0,0,0,1,0,0,1,0,0,1,0,1,0,0.9062,0,0,0,0.8751
1,1,0,0,1,0,1,0,0,0,0,0,1,0,0,1,0,0,0,0.9129,0,0,0,0.8567
1,1,1,1,1,0,0,0,1,0,0,0,1,0,1,0,0,1,0,0.0984,0,0,0,0.3237
1,1,0,1,1,0,0,1,0,0,0,0,1,1,0,0,0,1,1,0.9124,0,0,0,0.8751
1,1,0,1,1,1,0,0,0,0,0,0,1,0,0,1,0,1,0,0.707,0,0,0,0.8751
1,1,1,0,1,0,0,0,0,0,0,1,1,0,1,0,0,1,1,0.1105,0,1,1,0.7267
1,0,0,1,1,0,0,1,0,0,0,0,1,1,0,0,0,0,1,0.7954,0,0,0,0.9022
1,1,0,0,1,0,1,0,0,0,0,0,1,1,0,0,0,0,1,0.9181,0,0,0,0.8567
1,1,0,1,1,0,0,0,0,0,1,0,1,0,0,1,0,1,0,0.8426,0,0,0,0.6502
1,1,0,1,1,0,0,1,0,0,0,0,1,0,0,0,1,0,1,0.4723,0,0,0,0.8616
1,1,0,1,1,0,1,0,0,0,0,0,1,0,0,1,0,1,0,0.8884,0,0,0,0.8751
1,0,1,0,1,1,0,0,0,0,0,0,1,0,0,0,1,0,1,0.7108,0,0,0,0.8973
1,1,0,0,1,0,0,0,0,0,0,1,1,0,0,0,1,0,1,0.9008,0,0,0,0.8567
1,1,1,0,1,0,0,0,0,0,1,0,1,0,1,0,0,1,1,0.7748,0,0,0,0.0939
1,1,0,0,1,0,0,0,0,0,1,0,1,0,0,0,1,0,1,0.8334,0,0,0,0.6318
1,1,0,1,1,0,0,1,0,0,0,0,1,0,0,0,1,1,1,0.3235,0,0,0,0.8751
1,1,1,0,1,0,0,0,0,1,0,0,1,0,1,0,0,1,1,0.0972,0,0,0,0.3188
1,0,0,1,1,0,0,0,1,0,0,0,1,0,0,1,0,0,0,0.6661,0,0,0,0.9022
1,1,0,1,1,0,0,0,1,0,0,0,1,0,0,1,0,1,0,0.8783,0,0,0,0.8751
1,1,1,0,1,0,1,0,0,0,0,0,1,0,1,0,0,1,1,0.9093,0,0,0,0.3188
1,1,0,1,1,0,0,1,0,0,0,0,1,1,0,0,0,0,1,0.0963,0,0,0,0.8616
1,1,0,1,1,0,0,1,0,0,0,0,1,0,0,1,0,1,1,0.0126,0,0,0,0.8751
1,0,1,0,1,0,0,0,0,0,0,1,1,0,0,1,0,1,1,0.1043,0,0,1,0.9232
1,0,1,1,1,0,0,0,0,0,0,1,1,0,0,1,0,1,0,0.0102,0,0,1,0.9281
1,1,1,0,1,0,0,0,1,0,0,0,1,0,1,0,0,1,1,0.7826,0,0,0,0.3188
1,1,0,0,1,0,0,0,0,0,1,0,1,0,0,1,0,1,1,0.9139,0,0,0,0.6453
1,0,1,0,1,0,0,1,0,0,0,0,1,1,0,0,0,0,1,0.0988,0,0,0,0.8973
1,1,0,0,1,0,0,0,0,1,0,0,1,0,0,0,1,0,1,0.7719,0,0,0,0.8567
1,1,0,0,1,1,0,0,0,0,0,0,1,0,0,1,0,0,0,0.9018,0,0,0,0.8567
1,1,0,0,1,0,1,0,0,0,0,0,1,0,1,0,0,0,1,0.9075,0,0,0,0.3053
1,1,1,0,1,1,0,0,0,0,0,0,1,0,1,0,0,1,1,0.5417,0,0,0,0.3188
1,1,0,0,1,1,0,0,0,0,0,0,1,0,0,1,0,1,1,0.7303,0,0,0,0.8702
1,1,0,0,1,0,0,0,0,1,0,0,1,1,0,0,0,0,1,0.9165,0,0,0,0.8567
1,1,0,0,1,0,0,0,0,0,1,0,1,1,0,0,0,0,1,0.782,0,0,0,0.6318
1,1,0,0,1,0,0,1,0,0,0,0,1,1,0,0,0,0,1,0.8997,0,0,0,0.8567
1,0,0,0,1,0,1,0,0,0,0,0,1,0,1,0,0,1,0,0.6767,0,0,0,0.3594
1,1,0,0,1,0,1,0,0,0,0,0,1,0,0,1,0,1,1,0.9095,0,0,0,0.8702
1,0,0,1,1,0,0,0,0,0,0,1,1,0,0,1,0,0,0,0.7954,0,0,0,0.9022
1,1,0,0,1,0,0,0,0,1,0,0,1,0,0,1,0,1,1,0.9127,0,0,0,0.8702
1,1,1,0,1,0,1,0,0,0,0,0,1,0,0,0,1,1,1,0.9156,0,0,0,0.8702
1,0,0,0,1,0,0,1,0,0,0,0,1,0,0,0,1,0,1,0.0939,0,0,0,0.8973
1,1,0,1,1,0,0,1,0,0,0,0,1,0,0,0,1,1,0,0.1961,0,0,0,0.8751
1,1,1,0,1,0,0,0,0,0,1,0,1,0,0,0,1,1,1,0.7649,0,0,0,0.6453
1,1,0,0,1,0,0,0,1,0,0,0,1,0,0,1,0,1,1,0.9139,0,0,0,0.8702
1,0,0,1,1,0,0,0,0,0,1,0,1,0,0,1,0,0,0,0.8884,0,0,0,0.6773
1,1,1,0,1,1,0,0,0,0,0,0,1,0,0,0,1,1,1,0.91,0,0,0,0.8702
1,0,0,1,1,0,0,0,0,1,0,0,1,0,0,1,0,0,0,0.0963,0,0,0,0.9022
1,1,1,0,1,0,0,0,1,0,0,0,1,0,0,0,1,1,1,0.1001,0,0,0,0.8702
1,0,0,1,1,1,0,0,0,0,0,0,1,0,0,1,0,0,0,0.9039,0,0,0,0.9022
1,1,0,0,1,0,0,0,0,0,0,1,1,1,0,0,0,0,1,0.9158,0,0,0,0.8567
1,0,0,0,1,0,1,0,0,0,0,0,1,0,1,0,0,0,1,0.7328,0,0,0,0.3459
1,0,0,0,1,0,1,0,0,0,0,0,1,1,0,0,0,0,1,0.9176,0,0,0,0.8973
1,1,1,0,1,0,0,0,0,0,0,1,1,0,0,0,1,1,1,0.9075,0,0,1,0.8826
1,1,0,1,1,1,0,0,0,0,0,0,1,1,0,0,0,1,1,0.8331,0,0,0,0.8751
1,1,0,1,1,1,0,0,0,0,0,0,1,0,0,1,0,1,1,0.7119,0,0,0,0.8751
1,1,1,0,1,0,0,0,0,1,0,0,1,0,0,0,1,1,1,0.5538,0,0,0,0.8702
1,0,1,0,1,0,1,0,0,0,0,0,1,0,1,0,0,0,0,0.6767,0,0,0,0.3459
1,0,0,1,1,0,0,0,0,1,0,0,1,0,1,0,0,0,0,0.8735,0,0,0,0.3508
1,1,0,0,1,1,0,0,0,0,0,0,1,0,0,0,1,0,1,0.88,0,0,0,0.8567
1,0,0,1,1,0,0,0,0,0,1,0,1,0,1,0,0,0,0,0.6685,0,0,0,0.1259
1,0,1,0,1,0,1,0,0,0,0,0,1,0,1,0,0,0,1,0.9127,0,0,0,0.3459
1,0,0,1,1,1,0,0,0,0,0,0,1,0,1,0,0,0,0,0.7817,0,0,0,0.3508
1,0,0,0,1,0,1,0,0,0,0,0,1,0,0,0,1,0,1,0.4112,0,0,0,0.8973
1,1,0,1,1,0,1,0,0,0,0,0,1,1,0,0,0,1,1,0.8898,0,0,0,0.8751
1,1,1,0,1,0,0,0,0,0,1,0,1,1,0,0,0,1,1,0.8909,0,0,0,0.6453
1,0,0,1,1,0,0,0,0,0,0,1,1,0,1,0,0,0,0,0.6952,0,1,0,0.7463
1,1,0,1,1,0,0,1,0,0,0,0,1,0,1,0,0,0,1,0.6623,1,0,0,0.3558
1,1,1,0,1,0,0,0,1,0,0,0,1,1,0,0,0,1,1,0.9177,0,0,0,0.8702
1,0,1,0,1,0,0,0,0,1,0,0,1,1,0,0,0,0,1,0.9038,0,0,0,0.8973
1,0,1,0,1,0,0,0,0,0,0,1,1,1,0,0,0,0,1,0.8996,0,0,0,0.8973
1,1,0,0,1,0,0,0,0,0,0,1,1,0,1,0,0,0,0,0.8046,0,1,0,0.7008
1,0,1,0,1,0,0,0,0,0,1,0,1,1,0,0,0,0,1,0.8756,0,0,0,0.6724
1,1,0,0,1,0,0,1,0,0,0,0,1,0,1,0,0,0,1,0.8682,1,0,0,0.3509
1,1,0,0,1,1,0,0,0,0,0,0,1,0,1,0,0,0,1,0.9075,0,0,0,0.3053
1,0,0,0,1,0,0,1,0,0,0,0,1,0,0,1,0,1,0,0.1035,0,0,0,0.9108
1,1,0,1,1,0,0,1,0,0,0,0,1,1,0,0,0,1,0,0.8877,0,0,0,0.8751
1,1,1,0,1,0,0,0,0,1,0,0,1,1,0,0,0,1,1,0.8993,0,0,0,0.8702
1,1,0,1,1,0,1,0,0,0,0,0,1,0,0,1,0,1,1,0.9025,0,0,0,0.8751
1,1,1,0,1,0,0,0,0,0,0,1,1,1,0,0,0,1,1,0.161,0,0,1,0.8826
1,1,1,0,1,0,0,0,0,0,0,1,1,0,0,1,0,1,1,0.8972,0,0,1,0.8826
1,0,0,0,1,0,1,0,0,0,0,0,1,0,0,0,1,1,0,0.0958,0,0,0,0.9108
1,0,0,0,1,0,1,0,0,0,0,0,1,1,0,0,0,1,0,0.7381,0,0,0,0.9108
1,1,1,0,1,0,0,0,0,0,1,0,1,0,0,1,0,0,1,0.008,0,0,0,0.6318
1,1,0,0,1,1,0,0,0,0,0,0,1,0,1,0,0,0,0,0.8331,0,0,0,0.3053
1,0,0,1,1,0,0,0,0,0,0,1,1,1,0,0,0,0,1,0.8038,0,0,0,0.9022
1,1,0,0,1,0,0,0,0,0,1,0,1,0,1,0,0,0,0,0.6834,0,0,0,0.0804
1,1,0,0,1,0,0,0,0,1,0,0,1,0,1,0,0,0,0,0.1001,0,0,0,0.3053
1,1,1,0,1,0,0,0,0,0,1,0,1,0,0,1,0,1,1,0.8334,0,0,0,0.6453
1,1,1,0,1,0,0,0,0,1,0,0,1,0,0,1,0,1,1,0.0853,0,0,0,0.8702
1,0,0,1,1,0,0,0,0,0,1,0,1,1,0,0,0,0,1,0.1028,0,0,0,0.6773
1,1,1,0,1,0,0,0,1,0,0,0,1,0,0,1,0,1,1,0.0086,0,0,0,0.8702
1,0,0,0,1,0,0,0,0,0,1,0,1,0,1,0,0,1,0,0.8988,0,0,0,0.1345
1,1,0,1,1,0,0,1,0,0,0,0,1,0,1,0,0,1,0,0.6341,1,0,0,0.3693
1,1,1,0,1,0,0,0,1,0,0,0,1,0,0,1,0,0,1,0.9008,0,0,0,0.8567
1,0,0,0,1,0,0,1,0,0,0,0,1,0,0,1,0,0,1,0.8965,0,0,0,0.8973
1,0,1,1,1,0,0,0,0,0,0,1,1,0,0,1,0,0,1,0.0034,0,0,0,0.9022
1,1,0,1,1,0,0,0,1,0,0,0,1,0,0,0,1,1,1,0.3151,0,0,0,0.8751
1,1,0,1,1,0,0,0,0,0,0,1,1,0,0,0,1,1,1,0.8993,0,0,1,0.8875
1,0,1,0,1,0,1,0,0,0,0,0,1,1,0,0,0,0,0,0.1008,0,0,0,0.8973
1,0,0,0,1,0,0,0,0,0,0,1,1,0,1,0,0,1,0,0.6804,0,1,1,0.7673
1,1,1,0,1,0,0,0,0,1,0,0,1,0,0,1,0,0,1,0.7377,0,0,0,0.8567
1,0,0,0,1,0,0,0,0,1,0,0,1,0,1,0,0,1,0,0.8735,0,0,0,0.3594
1,0,0,1,1,0,1,0,0,0,0,0,1,0,0,0,1,0,0,0.7347,0,0,0,0.9022
1,1,1,0,1,1,0,0,0,0,0,0,1,1,0,0,0,1,1,0.9052,0,0,0,0.8702
1,0,0,1,1,0,0,1,0,0,0,0,1,0,0,1,0,0,1,0.8918,0,0,0,0.9022
1,1,0,0,1,0,0,1,0,0,0,0,1,0,0,0,1,1,1,0.0826,0,0,0,0.8702
1,1,1,0,1,0,1,0,0,0,0,0,1,1,0,0,0,1,1,0.7544,0,0,0,0.8702
1,0,0,1,1,0,1,0,0,0,0,0,1,0,1,0,0,0,1,0.0994,0,0,0,0.3508
1,0,0,1,1,0,0,0,0,1,0,0,1,1,0,0,0,0,1,0.9008,0,0,0,0.9022
1,1,0,1,1,0,0,0,0,0,1,0,1,0,0,0,1,1,1,0.5538,0,0,0,0.6502
1,0,1,0,1,1,0,0,0,0,0,0,1,0,1,0,0,0,0,0.0108,0,0,0,0.3459
1,0,1,0,1,1,0,0,0,0,0,0,1,0,1,0,0,0,1,0.8057,0,0,0,0.3459
1,1,0,0,1,0,0,1,0,0,0,0,1,1,0,0,0,1,1,0.0039,0,0,0,0.8702
1,0,0,0,1,0,0,0,0,0,0,1,1,0,1,0,0,0,1,0.0092,0,1,0,0.7414
1,1,0,1,1,0,0,0,0,1,0,0,1,0,0,0,1,1,1,0.098,0,0,0,0.8751
1,0,1,0,1,0,0,1,0,0,0,0,1,0,0,1,0,0,1,0.8996,0,0,0,0.8973
1,0,0,0,1,0,0,0,0,0,1,0,1,0,1,0,0,0,1,0.1034,0,0,0,0.121
1,0,1,0,1,0,0,1,0,0,0,0,1,0,0,1,0,0,0,0.0926,0,0,0,0.8973
1,0,1,1,1,0,0,0,0,0,0,1,1,0,0,0,1,1,1,0.7277,0,0,1,0.9281
1,1,1,0,1,0,1,0,0,0,0,0,1,0,0,1,0,0,1,0.7991,0,0,0,0.8567
1,0,1,1,1,0,0,0,0,1,0,0,1,0,0,0,1,1,1,0.911,0,0,0,0.9157
1,1,1,0,1,0,1,0,0,0,0,0,1,0,0,1,0,1,1,0.9137,0,0,0,0.8702
1,0,1,1,1,0,0,0,0,0,1,0,1,0,0,0,1,1,1,0.0958,0,0,0,0.6908
1,0,0,1,1,0,0,0,0,0,1,0,1,0,1,0,0,0,1,0.0984,0,0,0,0.1259
1,0,0,1,1,0,1,0,0,0,0,0,1,0,0,0,1,0,1,0.9109,0,0,0,0.9022
1,0,0,1,1,0,1,0,0,0,0,0,1,1,0,0,0,0,0,0.7347,0,0,0,0.9022
1,0,1,1,1,0,0,0,1,0,0,0,1,0,0,0,1,1,1,0.91,0,0,0,0.9157
1,1,1,0,1,1,0,0,0,0,0,0,1,0,0,1,0,0,1,0.9181,0,0,0,0.8567
1,1,1,0,1,0,0,0,0,0,1,0,1,0,0,1,0,1,0,0.0067,0,0,0,0.6453
1,1,1,0,1,1,0,0,0,0,0,0,1,0,0,1,0,1,1,0.1105,0,0,0,0.8702
1,1,1,1,1,0,0,0,0,0,1,0,1,0,0,0,1,0,1,0.3452,0,0,0,0.6367
1,1,1,1,1,0,0,0,1,0,0,0,1,0,0,0,1,1,0,0.8918,0,0,0,0.8751
1,1,0,0,1,0,0,1,0,0,0,0,1,0,1,0,0,1,1,0.4483,1,0,0,0.3644
1,1,1,1,1,0,0,0,0,1,0,0,1,0,0,0,1,1,0,0.1045,0,0,0,0.8751
1,0,0,1,1,0,0,0,0,0,0,1,1,0,1,0,0,0,1,0.9031,0,1,0,0.7463
1,0,0,1,1,0,0,0,0,1,0,0,1,0,1,0,0,0,1,0.9132,0,0,0,0.3508
1,0,0,1,1,1,0,0,0,0,0,0,1,1,0,0,0,0,1,0.9097,0,0,0,0.9022
1,0,0,0,1,0,0,0,0,1,0,0,1,0,1,0,0,0,1,0.9084,0,0,0,0.3459
1,1,1,1,1,0,0,0,0,0,0,1,1,0,0,0,1,0,1,0.9017,0,0,0,0.8616
1,1,0,1,1,0,1,0,0,0,0,0,1,0,0,0,1,1,1,0.9032,0,0,0,0.8751
1,0,1,0,1,0,0,0,0,1,0,0,1,0,1,0,0,0,1,0.8316,0,0,0,0.3459
1,0,0,0,1,1,0,0,0,0,0,0,1,0,1,0,0,1,0,0.894,0,0,0,0.3594
1,1,1,0,1,0,0,1,0,0,0,0,1,0,0,0,1,0,1,0.8426,0,0,0,0.8567
1,1,0,0,1,0,1,0,0,0,0,0,1,0,0,0,1,0,0,0.91,0,0,0,0.8567
1,0,1,0,1,0,0,0,0,0,0,1,1,0,1,0,0,0,0,0.7295,0,1,0,0.7414
1,1,0,1,1,1,0,0,0,0,0,0,1,0,0,0,1,1,1,0.91,0,0,0,0.8751
1,0,1,0,1,0,0,0,0,0,1,0,1,0,1,0,0,0,1,0.8005,0,0,0,0.121
1,0,1,0,1,1,0,0,0,0,0,0,1,1,0,0,0,0,1,0.4398,0,0,0,0.8973
1,1,1,1,1,0,0,0,1,0,0,0,1,0,0,0,1,0,1,0.9032,0,0,0,0.8616
1,0,0,1,1,0,0,0,0,0,0,1,1,0,0,1,0,1,1,0.885,0,0,1,0.9281
1,0,1,1,1,1,0,0,0,0,0,0,1,0,0,0,1,1,1,0.9015,0,0,0,0.9157
1,1,1,0,1,0,0,1,0,0,0,0,1,1,0,0,0,1,0,0.3007,0,0,0,0.8702
1,1,1,1,1,0,0,0,0,0,1,0,1,0,0,0,1,1,0,0.0033,0,0,0,0.6502
1,1,1,1,1,0,0,0,0,0,0,1,1,0,0,0,1,1,0,0.908,0,0,1,0.8875
1,1,0,0,1,0,1,0,0,0,0,0,1,1,0,0,0,0,0,0.8798,0,0,0,0.8567
1,1,0,0,1,0,0,1,0,0,0,0,1,0,0,1,0,0,0,0.6441,0,0,0,0.8567
1,1,1,0,1,0,1,0,0,0,0,0,1,0,0,1,0,1,0,0.8695,0,0,0,0.8702
1,0,1,0,1,0,1,0,0,0,0,0,1,0,0,0,1,0,0,0.9049,0,0,0,0.8973
1,0,1,0,1,0,0,0,0,0,1,0,1,0,1,0,0,0,0,0.8875,0,0,0,0.121
1,0,1,0,1,0,0,0,0,1,0,0,1,0,1,0,0,0,0,0.8798,0,0,0,0.3459
1,0,1,0,1,0,0,0,0,0,0,1,1,0,1,0,0,0,1,0.8504,0,1,0,0.7414
1,0,0,0,1,1,0,0,0,0,0,0,1,0,1,0,0,0,1,0.4361,0,0,0,0.3459
1,1,1,0,1,1,0,0,0,0,0,0,1,0,0,1,0,1,0,0.0971,0,0,0,0.8702
1,1,1,0,1,0,0,0,0,1,0,0,1,0,0,1,0,1,0,0.1034,0,0,0,0.8702
1,1,1,0,1,0,0,0,1,0,0,0,1,0,0,1,0,1,0,0.7381,0,0,0,0.8702
1,0,1,0,1,0,1,0,0,0,0,0,1,0,0,0,1,0,1,0.87,0,0,0,0.8973
1,0,1,1,1,0,1,0,0,0,0,0,1,0,0,0,1,1,1,0.5138,0,0,0,0.9157
1,0,1,0,1,0,0,1,0,0,0,0,1,0,1,0,0,0,1,0.9143,1,0,0,0.3915
1,1,0,0,1,0,0,1,0,0,0,0,1,1,0,0,0,0,0,0.8975,0,0,0,0.8567
1,1,0,0,1,0,0,1,0,0,0,0,1,0,0,1,0,0,1,0.8996,0,0,0,0.8567
1,1,0,0,1,0,1,0,0,0,0,0,1,0,0,0,1,0,1,0.917,0,0,0,0.8567
1,1,1,1,1,0,0,0,0,1,0,0,1,0,0,0,1,0,1,0.0958,0,0,0,0.8616
1,1,1,1,1,0,0,0,1,0,0,0,1,1,0,0,0,1,0,0.8343,0,0,0,0.8751
1,0,1,0,1,0,0,0,0,0,1,0,1,0,0,0,1,0,0,0.9129,0,0,0,0.6724
1,1,1,0,1,0,0,1,0,0,0,0,1,0,0,0,1,1,0,0.7068,0,0,0,0.8702
1,1,0,0,1,1,0,0,0,0,0,0,1,1,0,0,0,0,1,0.7888,0,0,0,0.8567
1,1,1,1,1,0,0,0,0,1,0,0,1,1,0,0,0,1,0,0.9165,0,0,0,0.8751
1,1,1,0,1,0,0,1,0,0,0,0,1,1,0,0,0,0,1,0.0116,0,0,0,0.8567
1,1,1,1,1,0,0,0,0,1,0,0,1,0,0,1,0,0,0,0.7315,0,0,0,0.8616
1,1,1,1,1,0,1,0,0,0,0,0,1,0,0,1,0,0,0,0.0033,0,0,0,0.8616
1,1,1,1,1,0,0,0,0,0,0,1,1,1,0,0,0,1,0,0.9114,0,0,1,0.8875
1,0,0,0,1,0,0,0,1,0,0,0,1,0,0,1,0,0,1,0.1915,0,0,0,0.8973
1,1,1,1,1,0,0,0,0,0,1,0,1,1,0,0,0,1,0,0.7327,0,0,0,0.6502
1,1,1,0,1,0,0,1,0,0,0,0,1,0,1,0,0,0,1,0.7951,1,0,0,0.3509
1,1,1,1,1,0,0,0,0,0,1,0,1,0,0,1,0,0,0,0.4472,0,0,0,0.6367
1,0,1,0,1,0,0,0,0,0,0,1,1,0,0,0,1,0,0,0.9097,0,0,0,0.8973
1,1,1,1,1,0,1,0,0,0,0,0,1,0,0,0,1,1,0,0.0951,0,0,0,0.8751
1,0,0,0,1,1,0,0,0,0,0,0,1,0,0,0,1,0,1,0.9001,0,0,0,0.8973
1,1,1,1,1,1,0,0,0,0,0,0,1,0,0,0,1,1,0,0.9062,0,0,0,0.8751
1,1,0,0,1,0,0,0,0,0,0,1,1,0,1,0,0,0,1,0.1107,0,1,0,0.7008
1,1,1,0,1,0,0,1,0,0,0,0,1,0,0,1,0,0,0,0.0888,0,0,0,0.8567
1,1,0,0,1,0,0,0,0,0,1,0,1,0,1,0,0,0,1,0.1201,0,0,0,0.0804
1,1,0,0,1,0,0,0,0,1,0,0,1,0,1,0,0,0,1,0.8798,0,0,0,0.3053
1,0,1,0,1,0,0,0,0,1,0,0,1,0,0,0,1,0,0,0.7345,0,0,0,0.8973
1,1,1,1,1,1,0,0,0,0,0,0,1,0,0,0,1,0,1,0.0862,0,0,0,0.8616
1,1,0,1,1,0,0,0,0,0,0,1,1,0,0,1,0,0,1,0.1003,0,0,0,0.8616
1,0,0,1,1,1,0,0,0,0,0,0,1,0,0,1,0,0,1,0.9086,0,0,0,0.9022
1,1,1,1,1,0,0,0,1,0,0,0,1,0,0,1,0,0,0,0.7381,0,0,0,0.8616
1,0,1,1,1,0,0,0,1,0,0,0,1,1,0,0,0,1,1,0.7068,0,0,0,0.9157
1,1,0,0,1,0,0,0,0,1,0,0,1,0,0,1,0,0,1,0.8975,0,0,0,0.8567
1,1,1,1,1,1,0,0,0,0,0,0,1,0,0,1,0,0,0,0.8863,0,0,0,0.8616
1,1,0,0,1,0,0,0,0,0,1,0,1,0,0,1,0,0,1,0.1017,0,0,0,0.6318
1,0,1,1,1,0,0,0,0,0,1,0,1,1,0,0,0,1,1,0.0102,0,0,0,0.6908
1,1,1,1,1,0,1,0,0,0,0,0,1,0,1,0,0,0,0,0.8327,0,0,0,0.3102
1,1,1,1,1,0,1,0,0,0,0,0,1,0,0,0,1,0,1,0.8471,0,0,0,0.8616
1,1,0,0,1,0,1,0,0,0,0,0,1,0,0,1,0,0,1,0.0034,0,0,0,0.8567
1,1,1,1,1,1,0,0,0,0,0,0,1,0,0,1,0,0,1,0.0033,0,0,0,0.8616
1,1,1,1,1,1,0,0,0,0,0,0,1,0,1,0,0,0,0,0.8698,0,0,0,0.3102
1,0,1,1,1,0,0,0,0,1,0,0,1,1,0,0,0,1,1,0.9177,0,0,0,0.9157
1,1,1,1,1,0,0,1,0,0,0,0,1,1,0,0,0,0,0,0.0039,0,0,0,0.8616
1,1,0,0,1,0,0,0,0,1,0,0,1,0,0,0,1,0,0,0.0086,0,0,0,0.8567
1,1,1,1,1,0,0,0,0,0,1,0,1,0,1,0,0,0,0,0.8875,0,0,0,0.0853
1,0,1,1,1,0,0,0,0,0,0,1,1,1,0,0,0,1,1,0.7176,0,0,1,0.9281
1,0,1,0,1,0,0,1,0,0,0,0,1,1,0,0,0,0,0,0.8734,0,0,0,0.8973
1,1,0,0,1,0,0,0,0,0,0,1,1,0,0,1,0,0,1,0.0088,0,0,0,0.8567
1,0,0,1,1,0,0,0,0,0,1,0,1,0,0,0,1,0,0,0.8682,0,0,0,0.6773
1,0,1,0,1,0,0,0,0,0,1,0,1,0,0,1,0,0,1,0.8664,0,0,0,0.6724
1,0,0,1,1,0,0,0,0,0,0,1,1,0,0,0,1,0,0,0.3879,0,0,0,0.9022
1,1,1,1,1,1,0,0,0,0,0,0,1,0,0,1,0,1,0,0.0917,0,0,0,0.8751
1,1,1,1,1,0,0,1,0,0,0,0,1,0,0,0,1,0,0,0.9066,0,0,0,0.8616
1,0,0,0,1,1,0,0,0,0,0,0,1,0,0,0,1,1,0,0.0964,0,0,0,0.9108
1,0,1,0,1,0,0,0,1,0,0,0,1,0,0,1,0,0,0,0.8862,0,0,0,0.8973
1,1,1,1,1,0,0,0,0,1,0,0,1,0,1,0,0,0,0,0.9127,0,0,0,0.3102
1,0,0,1,1,1,0,0,0,0,0,0,1,0,0,0,1,0,0,0.8696,0,0,0,0.9022
1,0,1,0,1,0,0,0,0,1,0,0,1,0,0,1,0,0,1,0.6685,0,0,0,0.8973
1,0,0,0,1,0,0,0,1,0,0,0,1,0,0,0,1,1,1,0.7955,0,0,0,0.9108
1,1,1,1,1,0,0,0,0,1,0,0,1,1,0,0,0,0,1,0.9008,0,0,0,0.8616
1,1,1,1,1,0,0,0,1,0,0,0,1,1,0,0,0,0,1,0.664,0,0,0,0.8616
1,1,1,1,1,0,0,0,0,0,0,1,1,1,0,0,0,0,1,0.3119,0,0,0,0.8616
1,1,0,0,1,0,0,0,0,0,1,0,1,0,0,0,1,0,0,0.7182,0,0,0,0.6318
1,1,1,1,1,0,0,0,0,0,1,0,1,1,0,0,0,0,1,0.3938,0,0,0,0.6367
1,0,0,1,1,0,0,0,0,1,0,0,1,0,0,0,1,0,0,0.097,0,0,0,0.9022
1,0,1,0,1,0,0,0,0,0,0,1,1,0,0,1,0,0,1,0.0819,0,0,0,0.8973
1,1,1,1,1,0,1,0,0,0,0,0,1,1,0,0,0,1,0,0.8877,0,0,0,0.8751
1,1,1,1,1,0,0,0,1,0,0,0,1,0,1,0,0,0,0,0.8504,0,0,0,0.3102
1,1,0,1,1,0,0,0,0,0,0,1,1,0,0,1,0,1,0,0.8996,0,0,1,0.8875
1,0,0,1,1,0,0,1,0,0,0,0,1,1,0,0,0,0,0,0.6507,0,0,0,0.9022
1,1,1,1,1,0,0,0,0,1,0,0,1,1,0,0,0,0,0,0.901,0,0,0,0.8616
1,0,0,0,1,0,0,0,0,0,0,1,1,0,0,0,1,1,0,0.9062,0,0,1,0.9232
1,1,0,0,1,0,0,0,1,0,0,0,1,0,1,0,0,0,0,0.906,0,0,0,0.3053
1,0,1,0,1,1,0,0,0,0,0,0,1,0,0,0,1,0,0,0.6344,0,0,0,0.8973
1,1,1,1,1,0,1,0,0,0,0,0,1,1,0,0,0,0,0,0.3237,0,0,0,0.8616
1,0,0,1,1,0,0,1,0,0,0,0,1,0,0,0,1,0,1,0.9154,0,0,0,0.9022
1,0,1,0,1,1,0,0,0,0,0,0,1,0,0,1,0,0,1,0.8696,0,0,0,0.8973
1,0,1,0,1,0,1,0,0,0,0,0,1,0,0,1,0,0,1,0.803,0,0,0,0.8973
1,0,1,0,1,0,0,1,0,0,0,0,1,0,0,0,1,0,1,0.8973,0,0,0,0.8973
1,0,0,1,1,0,0,0,0,0,1,0,1,0,0,1,0,0,1,0.8754,0,0,0,0.6773
1,0,0,0,1,0,0,0,0,1,0,0,1,0,0,0,1,1,0,0.8876,0,0,0,0.9108
1,0,0,1,1,0,1,0,0,0,0,0,1,0,0,1,0,0,1,0.7108,0,0,0,0.9022
1,1,1,1,1,0,0,0,1,0,0,0,1,1,0,0,0,0,0,0.0048,0,0,0,0.8616
1,0,0,1,1,0,0,1,0,0,0,0,1,0,0,1,0,0,0,0.9103,0,0,0,0.9022
1,1,0,0,1,1,0,0,0,0,0,0,1,0,0,1,0,0,1,0.6418,0,0,0,0.8567
1,1,1,1,1,0,0,0,0,0,1,0,1,1,0,0,0,0,0,0.8875,0,0,0,0.6367
1,1,1,1,1,1,0,0,0,0,0,0,1,1,0,0,0,0,0,0.8971,0,0,0,0.8616
1,0,0,1,1,0,0,0,0,1,0,0,1,0,0,1,0,0,1,0.9113,0,0,0,0.9022
1,0,0,0,1,0,0,0,0,0,1,0,1,0,0,0,1,0,1,0.4118,0,0,0,0.6724
1,1,0,1,1,0,0,0,0,0,1,0,1,1,0,0,0,1,1,0.8057,0,0,0,0.6502
1,0,0,1,1,0,0,0,0,0,0,1,1,1,0,0,0,0,0,0.8056,0,0,0,0.9022
1,0,1,0,1,0,0,0,1,0,0,0,1,0,1,0,0,0,0,0.6344,0,0,0,0.3459
1,1,0,1,1,0,0,0,1,0,0,0,1,1,0,0,0,1,1,0.9124,0,0,0,0.8751
1,0,0,0,1,0,0,0,0,1,0,0,1,0,0,0,1,0,1,0.8967,0,0,0,0.8973
1,0,0,0,1,0,0,0,1,0,0,0,1,0,0,1,0,1,1,0.9132,0,0,0,0.9108
1,1,1,1,1,0,1,0,0,0,0,0,1,0,0,0,1,0,0,0.9147,0,0,0,0.8616
1,1,0,0,1,1,0,0,0,0,0,0,1,0,0,0,1,0,0,0.2964,0,0,0,0.8567
1,1,0,1,1,0,0,0,0,0,0,1,1,1,0,0,0,1,1,0.8898,0,0,1,0.8875
1,0,1,1,1,0,1,0,0,0,0,0,1,1,0,0,0,1,1,0.0088,0,0,0,0.9157
1,0,1,1,1,1,0,0,0,0,0,0,1,0,0,1,0,1,1,0.6256,0,0,0,0.9157
1,1,0,1,1,0,0,1,0,0,0,0,1,0,1,0,0,1,1,0.0977,1,0,0,0.3693
1,0,0,0,1,0,0,0,0,0,1,0,1,0,0,0,1,1,0,0.0149,0,0,0,0.6859
1,0,0,1,1,0,0,0,0,0,0,1,1,0,0,1,0,0,1,0.0142,0,0,0,0.9022
1,1,0,0,1,0,0,1,0,0,0,0,1,0,0,0,1,0,1,0.0848,0,0,0,0.8567
1,1,1,0,1,0,0,0,0,0,0,1,1,0,0,1,0,0,1,0.5138,0,0,0,0.8567
1,1,1,1,1,0,0,0,0,0,1,0,1,0,0,0,1,0,0,0.3151,0,0,0,0.6367
1,1,0,1,1,0,0,0,0,1,0,0,1,1,0,0,0,1,1,0.8917,0,0,0,0.8751
1,0,0,0,1,0,0,0,1,0,0,0,1,0,1,0,0,1,0,0.7381,0,0,0,0.3594
1,1,0,1,1,0,0,0,0,1,0,0,1,0,0,1,0,1,1,0.352,0,0,0,0.8751
1,0,1,1,1,0,0,0,0,1,0,0,1,0,0,1,0,0,0,0.7328,0,0,0,0.9022
1,1,1,0,1,0,0,0,0,0,0,1,1,0,0,1,0,1,0,0.0878,0,0,1,0.8826
1,1,0,1,1,0,0,0,0,0,1,0,1,0,0,1,0,1,1,0.0085,0,0,0,0.6502
1,0,0,0,1,0,0,0,0,0,0,1,1,0,0,0,1,0,1,0.0092,0,0,0,0.8973
1,1,0,1,1,0,0,0,1,0,0,0,1,0,0,1,0,1,1,0.3819,0,0,0,0.8751
1,1,1,1,1,0,0,0,1,0,0,0,1,0,0,0,1,0,0,0.9115,0,0,0,0.8616
1,0,1,1,1,0,0,0,0,0,1,0,1,0,0,1,0,0,0,0.0103,0,0,0,0.6773
1,0,0,1,1,0,0,1,0,0,0,0,1,0,1,0,0,0,0,0.9139,1,0,0,0.3964
1,0,1,0,1,0,0,0,0,0,0,1,1,1,0,0,0,0,0,0.8996,0,0,0,0.8973
1,1,1,1,1,0,1,0,0,0,0,0,1,1,0,0,0,0,1,0.8909,0,0,0,0.8616
1,1,1,1,1,1,0,0,0,0,0,0,1,0,0,0,1,0,0,0.9136,0,0,0,0.8616
1,0,0,0,1,0,0,0,0,0,1,0,1,1,0,0,0,1,0,0.3879,0,0,0,0.6859
1,1,1,1,1,0,0,0,0,1,0,0,1,0,0,0,1,0,0,0.0938,0,0,0,0.8616
1,1,0,1,1,0,0,0,0,0,0,1,1,0,0,1,0,1,1,0.0182,0,0,1,0.8875
1,0,1,1,1,0,0,1,0,0,0,0,1,0,1,0,0,1,1,0.8972,1,0,0,0.4099
1,0,1,1,1,0,0,0,0,0,1,0,1,0,0,0,1,1,0,0.88,0,0,0,0.6908
1,0,1,1,1,0,0,0,1,0,0,0,1,0,0,0,1,1,0,0.8917,0,0,0,0.9157
1,1,0,0,1,0,0,1,0,0,0,0,1,0,1,0,0,0,0,0.0852,1,0,0,0.3509
1,0,1,1,1,0,0,0,0,0,0,1,1,0,0,1,0,0,0,0.3614,0,0,0,0.9022
1,1,1,0,1,1,0,0,0,0,0,0,1,0,0,1,0,0,0,0.9017,0,0,0,0.8567
1,0,1,1,1,0,0,0,0,1,0,0,1,0,0,0,1,1,0,0.8993,0,0,0,0.9157
1,0,0,0,1,0,0,0,1,0,0,0,1,0,1,0,0,0,1,0.1136,0,0,0,0.3459
1,0,0,0,1,0,0,0,1,0,0,0,1,0,1,0,0,1,1,0.9144,0,0,0,0.3594
1,0,0,0,1,0,0,0,0,1,0,0,1,1,0,0,0,0,1,0.6457,0,0,0,0.8973
1,1,0,0,1,1,0,0,0,0,0,0,1,1,0,0,0,0,0,0.7421,0,0,0,0.8567
1,1,1,1,1,0,0,0,0,0,0,1,1,0,0,1,0,0,0,0.9003,0,0,0,0.8616
1,0,1,1,1,0,1,0,0,0,0,0,1,0,0,0,1,1,0,0.0994,0,0,0,0.9157
1,1,0,1,1,1,0,0,0,0,0,0,1,0,0,0,1,1,0,0.9036,0,0,0,0.8751
1,0,1,1,1,0,1,0,0,0,0,0,1,0,0,1,0,0,0,0.3627,0,0,0,0.9022
1,1,1,1,1,1,0,0,0,0,0,0,1,1,0,0,0,1,0,0.899,0,0,0,0.8751
1,1,0,1,1,0,0,0,0,0,1,0,1,0,0,1,0,0,0,0.6834,0,0,0,0.6367
1,0,0,1,1,1,0,0,0,0,0,0,1,1,0,0,0,0,0,0.7908,0,0,0,0.9022
1,0,0,0,1,0,0,0,1,0,0,0,1,1,0,0,0,1,1,0.9043,0,0,0,0.9108
1,0,1,1,1,0,0,0,0,1,0,0,1,0,0,1,0,1,1,0.9171,0,0,0,0.9157
1,0,1,1,1,0,1,0,0,0,0,0,1,0,0,0,1,0,1,0.8996,0,0,0,0.9022
1,0,1,1,1,0,0,0,0,1,0,0,1,0,0,0,1,0,1,0.8752,0,0,0,0.9022
1,1,0,1,1,1,0,0,0,0,0,0,1,0,0,0,1,0,1,0.1255,0,0,0,0.8616
1,0,0,0,1,0,0,0,1,0,0,0,1,0,0,0,1,0,1,0.8996,0,0,0,0.8973
1,1,0,1,1,0,0,0,0,0,0,1,1,0,0,1,0,0,0,0.8345,0,0,0,0.8616
1,0,1,0,1,0,0,1,0,0,0,0,1,0,1,0,0,0,0,0.7392,1,0,0,0.3915
1,0,1,1,1,0,0,0,0,0,1,0,1,0,0,0,1,0,1,0.0938,0,0,0,0.6773
1,0,1,1,1,0,0,0,0,0,1,0,1,0,0,1,0,1,1,0.7085,0,0,0,0.6908
1,0,1,1,1,0,0,0,0,0,0,1,1,0,0,1,0,1,1,0.8868,0,0,1,0.9281
1,0,1,1,1,0,0,0,1,0,0,0,1,0,0,0,1,0,1,0.8991,0,0,0,0.9022
1,1,0,0,1,0,0,0,0,0,1,0,1,1,0,0,0,0,0,0.4723,0,0,0,0.6318
1,0,1,1,1,0,1,0,0,0,0,0,1,0,0,1,0,1,1,0.0118,0,0,0,0.9157
1,1,1,1,1,0,0,0,0,0,0,1,1,0,1,0,0,0,0,0.8009,0,1,0,0.7057
1,1,0,1,1,1,0,0,0,0,0,0,1,1,0,0,0,0,1,0.8533,0,0,0,0.8616
1,1,0,1,1,0,0,0,0,1,0,0,1,0,0,1,0,0,0,0.6286,0,0,0,0.8616
1,1,0,0,1,0,0,0,0,1,0,0,1,1,0,0,0,0,0,0.7549,0,0,0,0.8567
1,1,0,1,1,0,1,0,0,0,0,0,1,0,0,1,0,0,0,0.8984,0,0,0,0.8616
1,1,0,0,1,1,0,0,0,0,0,0,1,0,0,1,0,1,0,0.9084,0,0,0,0.8702
1,0,1,1,1,0,0,0,0,1,0,0,1,1,0,0,0,0,1,0.8998,0,0,0,0.9022
1,0,1,1,1,0,1,0,0,0,0,0,1,1,0,0,0,0,1,0.7411,0,0,0,0.9022
1,1,0,0,1,0,0,0,0,0,0,1,1,0,0,0,1,0,0,0.8404,0,0,0,0.8567
1,1,1,1,1,0,0,1,0,0,0,0,1,0,1,0,0,0,1,0.9179,1,0,0,0.3558
1,0,1,1,1,0,0,1,0,0,0,0,1,0,0,1,0,0,0,0.9145,0,0,0,0.9022
1,1,0,1,1,0,0,0,0,1,0,0,1,0,1,0,0,0,0,0.9119,0,0,0,0.3102
1,0,1,1,1,0,0,0,1,0,0,0,1,1,0,0,0,0,1,0.9154,0,0,0,0.9022
1,0,1,1,1,0,0,0,1,0,0,0,1,0,0,1,0,1,1,0.8747,0,0,0,0.9157
1,1,1,1,1,1,0,0,0,0,0,0,1,1,0,0,0,0,1,0.7446,0,0,0,0.8616
1,1,1,1,1,0,1,0,0,0,0,0,1,0,0,1,0,0,1,0.0024,0,0,0,0.8616
1,1,1,1,1,0,0,0,0,0,0,1,1,1,0,0,0,0,0,0.886,0,0,0,0.8616
1,1,1,1,1,0,0,0,0,0,1,0,1,0,0,1,0,0,1,0.9151,0,0,0,0.6367
1,0,1,1,1,0,0,0,0,0,1,0,1,1,0,0,0,0,1,0.7392,0,0,0,0.6773
1,1,1,1,1,0,0,1,0,0,0,0,1,0,1,0,0,1,0,0.1032,1,0,0,0.3693
1,0,1,1,1,0,1,0,0,0,0,0,1,0,1,0,0,0,1,0.0976,0,0,0,0.3508
1,1,1,1,1,0,0,0,0,0,0,1,1,0,0,1,0,0,1,0.683,0,0,0,0.8616
1,1,0,1,1,1,0,0,0,0,0,0,1,0,1,0,0,0,1,0.4375,0,0,0,0.3102
1,1,1,1,1,0,0,0,1,0,0,0,1,0,0,1,0,0,1,0.9029,0,0,0,0.8616
1,1,0,0,1,0,0,0,1,0,0,0,1,0,1,0,0,0,1,0.7182,0,0,0,0.3053
1,1,1,1,1,0,0,0,0,1,0,0,1,0,0,1,0,0,1,0.8863,0,0,0,0.8616
1,1,1,1,1,0,0,0,0,0,0,1,1,0,0,1,0,1,0,0.907,0,0,1,0.8875
1,0,1,1,1,0,0,0,0,0,1,0,1,0,1,0,0,0,1,0.0116,0,0,0,0.1259
1,1,0,1,1,0,0,1,0,0,0,0,1,0,0,1,0,0,0,0.9086,0,0,0,0.8616
1,0,1,0,1,1,0,0,0,0,0,0,1,0,0,1,0,1,0,0.6952,0,0,0,0.9108
1,0,0,0,1,0,0,0,0,1,0,0,1,1,0,0,0,1,0,0.8999,0,0,0,0.9108
1,0,0,1,1,0,0,0,0,0,1,0,1,0,0,1,0,1,0,0.5269,0,0,0,0.6908
1,1,1,1,1,0,0,0,0,0,0,1,1,0,0,0,1,0,0,0.6804,0,0,0,0.8616
1,0,0,1,1,0,1,0,0,0,0,0,1,0,0,1,0,1,0,0.6965,0,0,0,0.9157
1,0,0,1,1,0,1,0,0,0,0,0,1,0,0,1,0,0,0,0.3614,0,0,0,0.9022
1,0,1,1,1,0,0,0,1,0,0,0,1,0,1,0,0,0,1,0.4962,0,0,0,0.3508
1,0,0,1,1,0,0,0,0,0,0,1,1,0,0,1,0,1,0,0.7413,0,0,1,0.9281
1,0,1,0,1,0,0,1,0,0,0,0,1,0,0,0,1,0,0,0.9034,0,0,0,0.8973
1,1,1,1,1,0,0,0,1,0,0,0,1,0,0,1,0,1,0,0.717,0,0,0,0.8751
1,1,1,1,1,0,0,0,0,0,1,0,1,0,0,1,0,1,0,0.7331,0,0,0,0.6502
1,0,1,1,1,0,0,0,0,1,0,0,1,0,1,0,0,0,1,0.7992,0,0,0,0.3508
1,0,1,0,1,0,0,0,1,0,0,0,1,0,1,0,0,0,1,0.9015,0,0,0,0.3459
1,1,0,0,1,0,0,0,0,0,0,1,1,1,0,0,0,0,0,0.8468,0,0,0,0.8567
1,1,1,0,1,0,0,1,0,0,0,0,1,0,1,0,0,1,1,0.6514,1,0,0,0.3644
1,0,1,1,1,0,0,0,0,0,1,0,1,1,0,0,0,1,0,0.91,0,0,0,0.6908
1,0,0,0,1,0,0,0,1,0,0,0,1,0,0,0,1,1,0,0.8754,0,0,0,0.9108
1,0,0,0,1,0,0,0,0,0,1,0,1,1,0,0,0,0,1,0.0963,0,0,0,0.6724
1,1,1,1,1,0,1,0,0,0,0,0,1,0,0,1,0,1,0,0.221,0,0,0,0.8751
1,0,1,0,1,1,0,0,0,0,0,0,1,1,0,0,0,0,0,0.8862,0,0,0,0.8973
1,0,1,1,1,0,0,0,1,0,0,0,1,1,0,0,0,1,0,0.352,0,0,0,0.9157
1,0,1,0,1,0,0,0,0,0,1,0,1,1,0,0,0,0,0,0.874,0,0,0,0.6724
1,0,0,1,1,0,0,0,0,1,0,0,1,1,0,0,0,0,0,0.4011,0,0,0,0.9022
1,1,1,1,1,0,0,0,0,1,0,0,1,0,0,1,0,1,0,0.665,0,0,0,0.8751
1,0,0,0,1,0,0,0,1,0,0,0,1,1,0,0,0,0,1,0.9008,0,0,0,0.8973
1,0,0,1,1,0,0,1,0,0,0,0,1,0,0,1,0,1,0,0.9176,0,0,0,0.9157
1,0,1,1,1,1,0,0,0,0,0,0,1,1,0,0,0,1,1,0.8316,0,0,0,0.9157
1,0,0,0,1,0,0,0,0,0,0,1,1,1,0,0,0,1,0,0.7955,0,0,1,0.9232
1,0,0,1,1,0,1,0,0,0,0,0,1,0,1,0,0,0,0,0.7331,0,0,0,0.3508
1,0,0,0,1,1,0,0,0,0,0,0,1,1,0,0,0,1,0,0.0878,0,0,0,0.9108
1,1,0,0,1,0,0,1,0,0,0,0,1,0,0,0,1,0,0,0.0182,0,0,0,0.8567
1,0,1,0,1,1,0,0,0,0,0,0,1,0,1,0,0,1,0,0.8973,0,0,0,0.3594
1,0,1,1,1,0,1,0,0,0,0,0,1,1,0,0,0,1,0,0.6607,0,0,0,0.9157
1,0,0,1,1,0,0,0,0,0,1,0,1,0,1,0,0,1,0,0.891,0,0,0,0.1394
1,0,1,1,1,0,0,0,0,0,0,1,1,0,0,0,1,1,0,0.9099,0,0,1,0.9281
1,0,1,1,1,0,0,0,0,1,0,0,1,1,0,0,0,1,0,0.916,0,0,0,0.9157
1,0,1,0,1,0,0,0,0,1,0,0,1,1,0,0,0,0,0,0.916,0,0,0,0.8973
1,1,0,1,1,1,0,0,0,0,0,0,1,1,0,0,0,1,0,0.0039,0,0,0,0.8751
1,0,0,1,1,0,0,0,0,0,0,1,1,0,1,0,0,1,0,0.897,0,1,1,0.7722
1,0,1,1,1,0,0,0,0,1,0,0,1,0,1,0,0,0,0,0.8993,0,0,0,0.3508
1,0,0,0,1,0,0,0,0,0,0,1,1,1,0,0,0,0,1,0.8056,0,0,0,0.8973
1,0,1,1,1,0,0,0,0,0,0,1,1,0,0,0,1,0,1,0.7392,0,0,0,0.9022
1,0,1,1,1,0,0,0,0,0,1,0,1,0,1,0,0,1,0,0.0963,0,0,0,0.1394
1,0,0,0,1,0,0,0,1,0,0,0,1,1,0,0,0,1,0,0.8468,0,0,0,0.9108
1,0,1,1,1,0,0,0,1,0,0,0,1,0,1,0,0,1,0,0.1037,0,0,0,0.3643
1,0,0,1,1,0,0,1,0,0,0,0,1,0,0,0,1,0,0,0.9157,0,0,0,0.9022
1,0,0,1,1,0,1,0,0,0,0,0,1,1,0,0,0,1,0,0.7331,0,0,0,0.9157
1,1,0,0,1,0,1,0,0,0,0,0,1,0,1,0,0,0,0,0.5417,0,0,0,0.3053
1,0,0,1,1,0,1,0,0,0,0,0,1,0,0,0,1,1,0,0.1107,0,0,0,0.9157
1,0,0,0,1,1,0,0,0,0,0,0,1,1,0,0,0,0,1,0.6799,0,0,0,0.8973
1,0,0,1,1,0,0,0,0,0,1,0,1,1,0,0,0,0,0,0.1035,0,0,0,0.6773
1,1,0,0,1,1,0,0,0,0,0,0,1,0,1,0,0,1,0,0.8734,0,0,0,0.3188
1,0,1,1,1,0,0,0,0,1,0,0,1,0,1,0,0,1,0,0.9151,0,0,0,0.3643
1,1,0,1,1,1,0,0,0,0,0,0,1,0,1,0,0,1,0,0.7446,0,0,0,0.3237
1,0,1,1,1,0,1,0,0,0,0,0,1,0,1,0,0,1,0,0.911,0,0,0,0.3643
1,0,0,1,1,0,1,0,0,0,0,0,1,0,1,0,0,1,1,0.8972,0,0,0,0.3643
1,0,0,1,1,0,0,0,0,0,1,0,1,0,1,0,0,1,1,0.0109,0,0,0,0.1394
1,0,0,1,1,0,0,0,1,0,0,0,1,0,1,0,0,1,1,0.1066,0,0,0,0.3643
1,0,1,1,1,0,0,0,0,0,0,1,1,1,0,0,0,0,1,0.4582,0,0,0,0.9022
1,0,0,1,1,0,0,0,0,1,0,0,1,0,1,0,0,1,1,0.3836,0,0,0,0.3643
1,0,0,1,1,1,0,0,0,0,0,0,1,0,0,0,1,1,1,0.9024,0,0,0,0.9157
1,0,0,1,1,0,1,0,0,0,0,0,1,0,0,0,1,1,1,0.9031,0,0,0,0.9157
1,0,1,1,1,0,0,0,0,0,0,1,1,0,1,0,0,0,0,0.7991,0,1,0,0.7463
1,0,1,1,1,0,0,0,0,1,0,0,1,1,0,0,0,0,0,0.896,0,0,0,0.9022
1,0,1,1,1,0,0,0,0,0,1,0,1,0,1,0,0,0,0,0.0064,0,0,0,0.1259
1,1,0,1,1,0,0,0,0,1,0,0,1,0,1,0,0,0,1,0.1961,0,0,0,0.3102
1,0,0,1,1,0,0,1,0,0,0,0,1,0,1,0,0,1,0,0.8967,1,0,0,0.4099
1,0,0,1,1,1,0,0,0,0,0,0,1,0,1,0,0,1,1,0.8005,0,0,0,0.3643
1,0,0,1,1,0,0,0,1,0,0,0,1,0,1,0,0,0,1,0.4962,0,0,0,0.3508
1,0,1,1,1,0,0,0,0,0,0,1,1,0,1,0,0,0,1,0.1136,0,1,0,0.7463
1,1,0,1,1,0,0,0,0,0,0,1,1,0,1,0,0,0,0,0.1022,0,1,0,0.7057
1,0,0,1,1,0,0,0,1,0,0,0,1,0,0,0,1,1,1,0.3007,0,0,0,0.9157
1,0,0,1,1,0,0,0,1,0,0,0,1,0,0,0,1,0,1,0.7956,0,0,0,0.9022
1,1,0,1,1,0,0,0,0,0,1,0,1,0,1,0,0,0,1,0.1007,0,0,0,0.0853
1,0,0,1,1,1,0,0,0,0,0,0,1,1,0,0,0,1,1,0.9152,0,0,0,0.9157
1,0,1,1,1,0,0,0,0,0,0,1,1,1,0,0,0,1,0,0.0085,0,0,1,0.9281
1,0,0,1,1,0,0,0,1,0,0,0,1,1,0,0,0,1,1,0.9008,0,0,0,0.9157
1,0,0,1,1,0,1,0,0,0,0,0,1,1,0,0,0,1,1,0.6457,0,0,0,0.9157
1,1,0,1,1,0,0,0,0,1,0,0,1,0,1,0,0,1,0,0.9101,0,0,0,0.3237
1,0,0,1,1,0,0,1,0,0,0,0,1,1,0,0,0,1,0,0.9103,0,0,0,0.9157
1,1,0,1,1,0,0,0,0,1,0,0,1,1,0,0,0,0,0,0.8997,0,0,0,0.8616
1,1,1,0,1,1,0,0,0,0,0,0,1,0,1,0,0,0,0,0.695,0,0,0,0.3053
1,1,0,1,1,0,0,0,0,0,1,0,1,0,1,0,0,0,0,0.9078,0,0,0,0.0853
1,1,0,1,1,0,0,0,0,0,1,0,1,0,1,0,0,1,0,0.8545,0,0,0,0.0988
1,1,0,1,1,0,0,0,0,1,0,0,1,0,0,0,1,1,0,0.9107,0,0,0,0.8751
1,0,0,1,1,0,1,0,0,0,0,0,1,0,1,0,0,1,0,0.7315,0,0,0,0.3643
1,0,0,1,1,0,0,1,0,0,0,0,1,0,0,0,1,1,0,0.8752,0,0,0,0.9157
1,0,1,1,1,0,1,0,0,0,0,0,1,0,1,0,0,0,0,0.098,0,0,0,0.3508
1,0,1,1,1,1,0,0,0,0,0,0,1,1,0,0,0,0,1,0.0917,0,0,0,0.9022
1,1,0,1,1,0,0,0,1,0,0,0,1,1,0,0,0,0,1,0.1008,0,0,0,0.8616
1,1,0,1,1,0,1,0,0,0,0,0,1,0,1,0,0,0,1,0.919,0,0,0,0.3102
1,0,1,0,1,0,0,0,1,0,0,0,1,0,0,1,0,0,1,0.7392,0,0,0,0.8973
1,0,1,1,1,0,0,0,0,0,0,1,1,0,1,0,0,1,0,0.9098,0,1,1,0.7722
1,1,1,0,1,1,0,0,0,0,0,0,1,1,0,0,0,0,0,0.1028,0,0,0,0.8567
1,1,0,1,1,0,0,0,0,0,1,0,1,0,0,0,1,1,0,0.0862,0,0,0,0.6502
1,1,0,1,1,0,0,0,0,0,0,1,1,1,0,0,0,0,0,0.899,0,0,0,0.8616
1,1,0,1,1,0,0,0,0,0,1,0,1,1,0,0,0,0,0,0.87,0,0,0,0.6367
1,0,1,1,1,1,0,0,0,0,0,0,1,0,0,0,1,0,1,0.8996,0,0,0,0.9022
1,1,0,1,1,0,0,0,1,0,0,0,1,1,0,0,0,1,0,0.9153,0,0,0,0.8751
1,1,0,1,1,0,0,0,0,1,0,0,1,0,0,0,1,0,1,0.7649,0,0,0,0.8616
1,1,0,1,1,0,0,0,0,1,0,0,1,0,0,0,1,0,0,0.097,0,0,0,0.8616
1,0,1,1,1,0,0,0,0,1,0,0,1,0,0,0,1,0,0,0.7413,0,0,0,0.9022
1,0,0,1,1,0,0,0,1,0,0,0,1,0,0,1,0,0,1,0.8973,0,0,0,0.9022
1,1,0,1,1,0,1,0,0,0,0,0,1,0,1,0,0,1,0,0.8659,0,0,0,0.3237
1,1,0,1,1,0,0,0,0,0,0,1,1,0,1,0,0,0,1,0.6372,0,1,0,0.7057
1,1,0,1,1,0,0,0,0,0,1,0,1,0,0,0,1,0,1,0.7544,0,0,0,0.6367
1,0,1,1,1,1,0,0,0,0,0,0,1,0,1,0,0,0,1,0.0025,0,0,0,0.3508
1,1,0,1,1,0,0,0,1,0,0,0,1,0,0,0,1,0,1,0.9119,0,0,0,0.8616
1,0,1,1,1,0,0,0,0,0,0,1,1,1,0,0,0,0,0,0.662,0,0,0,0.9022
1,0,0,1,1,0,0,0,0,1,0,0,1,0,0,0,1,1,1,0.9052,0,0,0,0.9157
1,0,1,1,1,0,0,1,0,0,0,0,1,0,0,0,1,0,0,0.9139,0,0,0,0.9022
1,1,0,1,1,0,0,0,0,0,0,1,1,0,1,0,0,1,0,0.9017,0,1,1,0.7316
1,0,1,1,1,0,0,0,0,0,1,0,1,1,0,0,0,0,0,0.7888,0,0,0,0.6773
1,0,0,1,1,0,0,0,0,0,1,0,1,0,0,0,1,1,1,0.6514,0,0,0,0.6908
1,1,0,0,1,1,0,0,0,0,0,0,1,1,0,0,0,1,0,0.7826,0,0,0,0.8702
1,1,0,1,1,0,1,0,0,0,0,0,1,0,1,0,0,0,0,0.0953,0,0,0,0.3102
1,1,0,1,1,0,0,1,0,0,0,0,1,0,0,0,1,0,0,0.9162,0,0,0,0.8616
1,0,1,0,1,1,0,0,0,0,0,0,1,1,0,0,0,1,0,0.916,0,0,0,0.9108
1,1,0,1,1,0,1,0,0,0,0,0,1,1,0,0,0,0,0,0.9137,0,0,0,0.8616
1,1,0,1,1,0,1,0,0,0,0,0,1,0,0,0,1,0,1,0.9115,0,0,0,0.8616
1,0,0,1,1,0,0,0,0,0,1,0,1,1,0,0,0,1,1,0.803,0,0,0,0.6908
1,1,0,1,1,0,0,0,1,0,0,0,1,0,0,0,1,1,0,0.683,0,0,0,0.8751
1,0,0,1,1,0,0,0,0,1,0,0,1,0,0,0,1,1,0,0.1003,0,0,0,0.9157
1,0,0,1,1,0,0,0,0,1,0,0,1,1,0,0,0,1,1,0.9127,0,0,0,0.9157
1,0,0,1,1,0,0,0,0,0,0,1,1,1,0,0,0,1,0,0.782,0,0,1,0.9281
1,1,0,1,1,0,1,0,0,0,0,0,1,0,0,0,1,1,0,0.3235,0,0,0,0.8751
1,0,0,1,1,0,0,0,0,0,1,0,1,1,0,0,0,1,0,0.7956,0,0,0,0.6908
1,1,0,1,1,0,0,0,0,0,0,1,1,0,0,0,1,1,0,0.6462,0,0,1,0.8875
1,0,1,1,1,1,0,0,0,0,0,0,1,0,0,0,1,1,0,0.1,0,0,0,0.9157
1,1,0,1,1,0,1,0,0,0,0,0,1,1,0,0,0,0,1,0.9162,0,0,0,0.8616
1,1,0,1,1,0,0,0,0,0,1,0,1,1,0,0,0,0,1,0.3123,0,0,0,0.6367
1,1,0,1,1,0,0,0,0,1,0,0,1,1,0,0,0,0,1,0.1244,0,0,0,0.8616
1,0,1,1,1,0,0,0,1,0,0,0,1,0,0,1,0,0,0,0.0028,0,0,0,0.9022
1,1,0,1,1,0,0,0,1,0,0,0,1,0,0,1,0,0,0,0.9021,0,0,0,0.8616
1,0,0,1,1,0,0,0,0,0,1,0,1,0,0,0,1,1,0,0.1201,0,0,0,0.6908
1,1,0,1,1,0,0,0,1,0,0,0,1,0,1,0,0,1,0,0.9047,0,0,0,0.3237
1,0,1,0,1,1,0,0,0,0,0,0,1,0,0,0,1,1,0,0.9017,0,0,0,0.9108
1,1,0,1,1,0,0,0,0,0,0,1,1,0,0,0,1,0,1,0.9055,0,0,0,0.8616
1,0,1,1,1,1,0,0,0,0,0,0,1,0,1,0,0,1,0,0.887,0,0,0,0.3643
1,1,0,1,1,0,1,0,0,0,0,0,1,1,0,0,0,1,0,0.4472,0,0,0,0.8751
1,1,0,1,1,0,0,0,0,1,0,0,1,1,0,0,0,1,0,0.665,0,0,0,0.8751
1,0,1,1,1,1,0,0,0,0,0,0,1,1,0,0,0,1,0,0.394,0,0,0,0.9157
1,0,0,1,1,0,0,0,0,0,0,1,1,0,0,0,1,1,1,0.2084,0,0,1,0.9281
1,1,0,1,1,0,0,0,0,0,1,0,1,1,0,0,0,1,0,0.886,0,0,0,0.6502
1,0,1,1,1,0,1,0,0,0,0,0,1,1,0,0,0,0,0,0.9139,0,0,0,0.9022
1,1,0,1,1,0,0,0,1,0,0,0,1,0,1,0,0,0,1,0.6986,0,0,0,0.3102
1,1,0,1,1,0,0,1,0,0,0,0,1,1,0,0,0,0,0,0.0976,0,0,0,0.8616
1,0,0,1,1,0,0,0,0,0,0,1,1,0,0,0,1,1,0,0.8043,0,0,1,0.9281
1,0,0,1,1,0,0,0,0,1,0,0,1,0,0,1,0,1,0,0.0984,0,0,0,0.9157
1,0,1,1,1,0,1,0,0,0,0,0,1,0,0,0,1,0,0,0.9076,0,0,0,0.9022
1,0,1,0,1,0,0,1,0,0,0,0,1,0,0,1,0,1,1,0.0988,0,0,0,0.9108
1,1,0,0,1,0,0,0,0,0,1,0,1,1,0,0,0,1,1,0.0028,0,0,0,0.6453
1,0,1,1,1,0,0,0,0,0,1,0,1,0,0,0,1,0,0,0.9083,0,0,0,0.6773
1,0,0,1,1,0,0,0,0,1,0,0,1,0,1,0,0,1,0,0.8425,0,0,0,0.3643
1,1,0,0,1,0,0,0,1,0,0,0,1,0,1,0,0,1,1,0.8957,0,0,0,0.3188
1,0,1,0,1,1,0,0,0,0,0,0,1,1,0,0,0,1,1,0.0998,0,0,0,0.9108
1,0,0,1,1,0,0,0,1,0,0,0,1,0,0,1,0,1,0,0.8897,0,0,0,0.9157
1,1,0,0,1,0,0,0,0,1,0,0,1,1,0,0,0,1,1,0.8917,0,0,0,0.8702
1,1,0,0,1,0,1,0,0,0,0,0,1,1,0,0,0,1,1,0.0064,0,0,0,0.8702
1,1,0,0,1,1,0,0,0,0,0,0,1,0,0,0,1,1,0,0.0819,0,0,0,0.8702
1,0,1,1,1,0,0,0,0,0,0,1,1,0,0,0,1,0,0,0.9087,0,0,0,0.9022
1,0,0,1,1,0,0,0,0,0,0,1,1,1,0,0,0,1,1,0.7925,0,0,1,0.9281
1,1,0,1,1,0,0,0,0,0,0,1,1,1,0,0,0,0,1,0.394,0,0,0,0.8616
1,1,1,0,1,0,0,0,0,0,1,0,1,1,0,0,0,0,1,0.9073,0,0,0,0.6318
1,1,1,0,1,0,1,0,0,0,0,0,1,1,0,0,0,0,1,0.8043,0,0,0,0.8567
1,1,1,0,1,0,0,0,0,1,0,0,1,1,0,0,0,0,1,0.9036,0,0,0,0.8567
1,0,1,1,1,0,0,1,0,0,0,0,1,1,0,0,0,0,0,0.9103,0,0,0,0.9022
1,1,0,1,1,0,0,0,0,0,0,1,1,0,0,0,1,0,0,0.7345,0,0,0,0.8616
1,0,0,1,1,0,0,0,1,0,0,0,1,0,1,0,0,1,0,0.6591,0,0,0,0.3643
1,0,0,1,1,0,0,0,0,1,0,0,1,1,0,0,0,1,0,0.9143,0,0,0,0.9157
1,0,1,1,1,0,0,1,0,0,0,0,1,0,1,0,0,0,0,0.0032,1,0,0,0.3964
1,1,1,0,1,0,0,0,1,0,0,0,1,0,1,0,0,0,1,0.3627,0,0,0,0.3053
1,1,0,1,1,0,0,0,0,0,1,0,1,0,0,0,1,0,0,0.0926,0,0,0,0.6367
1,0,1,1,1,0,0,1,0,0,0,0,1,0,0,1,0,1,0,0.8875,0,0,0,0.9157
1,1,1,0,1,1,0,0,0,0,0,0,1,0,0,0,1,0,0,0.9086,0,0,0,0.8567
1,1,0,0,1,1,0,0,0,0,0,0,1,1,0,0,0,1,1,0.0025,0,0,0,0.8702
1,1,0,1,1,0,1,0,0,0,0,0,1,0,0,0,1,0,0,0.9115,0,0,0,0.8616
1,1,1,0,1,0,1,0,0,0,0,0,1,0,0,0,1,0,0,0.9037,0,0,0,0.8567
1,1,1,0,1,1,0,0,0,0,0,0,1,1,0,0,0,0,1,0.916,0,0,0,0.8567
1,1,1,0,1,0,0,0,0,0,1,0,1,1,0,0,0,1,0,0.0067,0,0,0,0.6453
1,1,1,0,1,0,0,0,0,1,0,0,1,1,0,0,0,1,0,0.2215,0,0,0,0.8702
1,1,1,0,1,0,0,0,0,0,1,0,1,0,0,0,1,0,0,0.8972,0,0,0,0.6318
1,1,0,1,1,1,0,0,0,0,0,0,1,0,0,0,1,0,0,0.8783,0,0,0,0.8616
1,1,0,1,1,0,0,0,0,0,0,1,1,1,0,0,0,1,0,0.0939,0,0,1,0.8875
1,1,1,0,1,0,0,0,1,0,0,0,1,0,1,0,0,1,0,0.2215,0,0,0,0.3188
1,0,1,1,1,0,0,1,0,0,0,0,1,0,0,1,0,0,1,0.9031,0,0,0,0.9022
1,0,1,1,1,0,0,0,1,0,0,0,1,0,0,0,1,0,0,0.0082,0,0,0,0.9022
1,1,1,0,1,0,1,0,0,0,0,0,1,1,0,0,0,1,0,0.8637,0,0,0,0.8702
1,0,1,0,1,0,0,0,1,0,0,0,1,0,1,0,0,1,1,0.4361,0,0,0,0.3594
1,0,1,0,1,0,1,0,0,0,0,0,1,1,0,0,0,1,1,0.0799,0,0,0,0.9108
1,1,0,1,1,0,0,1,0,0,0,0,1,0,1,0,0,0,0,0.8747,1,0,0,0.3558
1,1,1,0,1,0,0,0,0,0,0,1,1,1,0,0,0,0,1,0.4582,0,0,0,0.8567
1,0,1,0,1,0,0,0,0,1,0,0,1,1,0,0,0,1,0,0.1177,0,0,0,0.9108
1,1,1,0,1,0,0,0,0,0,0,1,1,0,0,0,1,0,0,0.914,0,0,0,0.8567
1,1,1,0,1,0,1,0,0,0,0,0,1,0,0,1,0,0,0,0.0033,0,0,0,0.8567
1,0,0,1,1,0,0,1,0,0,0,0,1,0,0,1,0,1,1,0.9023,0,0,0,0.9157
1,0,1,0,1,0,0,0,0,0,1,0,1,1,0,0,0,1,1,0.0385,0,0,0,0.6859
1,1,1,0,1,1,0,0,0,0,0,0,1,1,0,0,0,1,0,0.0067,0,0,0,0.8702
1,0,1,0,1,0,0,0,0,1,0,0,1,1,0,0,0,1,1,0.9152,0,0,0,0.9108
1,0,1,0,1,0,1,0,0,0,0,0,1,0,0,0,1,1,1,0.4579,0,0,0,0.9108
1,0,1,0,1,0,0,0,0,0,1,0,1,0,0,0,1,1,1,0.0871,0,0,0,0.6859
1,1,1,0,1,0,0,0,0,0,1,0,1,0,0,1,0,0,0,0.732,0,0,0,0.6318
1,1,1,0,1,0,0,0,0,0,0,1,1,0,0,1,0,0,0,0.0971,0,0,0,0.8567
1,1,1,0,1,0,0,1,0,0,0,0,1,0,1,0,0,0,0,0.0808,1,0,0,0.3509
1,1,1,0,1,0,0,0,0,0,0,1,1,1,0,0,0,1,0,0.8637,0,0,1,0.8826
1,0,1,1,1,1,0,0,0,0,0,0,1,0,0,0,1,0,0,0.0082,0,0,0,0.9022
1,1,0,1,1,0,0,0,1,0,0,0,1,0,0,0,1,0,0,0.4011,0,0,0,0.8616
1,1,0,1,1,0,0,1,0,0,0,0,1,0,0,1,0,0,1,0.8897,0,0,0,0.8616
1,0,1,0,1,0,0,0,0,1,0,0,1,0,0,0,1,1,1,0.9075,0,0,0,0.9108
1,1,0,0,1,0,0,0,0,1,0,0,1,1,0,0,0,1,0,0.9038,0,0,0,0.8702
1,0,1,0,1,0,0,0,1,0,0,0,1,0,0,0,1,1,1,0.0871,0,0,0,0.9108
1,0,1,0,1,1,0,0,0,0,0,0,1,0,1,0,0,1,1,0.9131,0,0,0,0.3594
1,1,0,1,1,0,0,1,0,0,0,0,1,0,0,1,0,1,0,0.734,0,0,0,0.8751
1,0,1,0,1,1,0,0,0,0,0,0,1,0,0,0,1,1,1,0.1201,0,0,0,0.9108
1,1,1,0,1,0,1,0,0,0,0,0,1,0,1,0,0,0,0,0.8345,0,0,0,0.3053
1,1,1,0,1,0,0,0,0,0,1,0,1,0,0,0,1,0,1,0.919,0,0,0,0.6318
1,0,1,0,1,0,0,0,0,0,0,1,1,1,0,0,0,1,1,0.0062,0,0,1,0.9232
1,1,0,1,1,0,0,0,1,0,0,0,1,0,1,0,0,0,0,0.0998,0,0,0,0.3102
1,1,1,0,1,0,0,0,0,1,0,0,1,1,0,0,0,0,0,0.91,0,0,0,0.8567
1,1,1,0,1,0,0,0,0,1,0,0,1,0,0,0,1,0,1,0.9139,0,0,0,0.8567
1,1,1,0,1,0,0,0,1,0,0,0,1,0,0,0,1,0,1,0.7393,0,0,0,0.8567
1,1,1,0,1,0,0,0,0,0,1,0,1,0,1,0,0,0,0,0.897,0,0,0,0.0804
1,1,0,0,1,0,0,1,0,0,0,0,1,0,1,0,0,1,0,0.8092,1,0,0,0.3644
1,1,1,0,1,0,0,0,0,0,0,1,1,0,1,0,0,0,0,0.8009,0,1,0,0.7008
1,0,1,1,1,1,0,0,0,0,0,0,1,0,0,1,0,0,0,0.5138,0,0,0,0.9022
1,1,1,0,1,0,1,0,0,0,0,0,1,0,0,0,1,0,1,0.3494,0,0,0,0.8567
1,1,0,1,1,1,0,0,0,0,0,0,1,0,0,1,0,0,0,0.9107,0,0,0,0.8616
1,0,1,1,1,0,0,0,1,0,0,0,1,0,1,0,0,0,0,0.9109,0,0,0,0.3508
1,0,1,0,1,0,0,0,0,0,0,1,1,0,0,0,1,1,1,0.914,0,0,1,0.9232
1,1,1,0,1,0,1,0,0,0,0,0,1,0,0,0,1,1,0,0.0951,0,0,0,0.8702
1,1,1,0,1,0,0,0,0,1,0,0,1,0,1,0,0,0,0,0.9101,0,0,0,0.3053
1,1,0,0,1,0,0,1,0,0,0,0,1,0,0,1,0,1,1,0.8974,0,0,0,0.8702
1,1,1,0,1,0,0,0,0,0,0,1,1,1,0,0,0,0,0,0.9103,0,0,0,0.8567
1,1,1,0,1,0,0,0,0,0,1,0,1,0,0,0,1,1,0,0.0948,0,0,0,0.6453
1,1,0,0,1,0,0,0,1,0,0,0,1,1,0,0,0,1,1,0.5492,0,0,0,0.8702
1,1,0,0,1,0,1,0,0,0,0,0,1,0,1,0,0,1,0,0.901,0,0,0,0.3188
1,1,1,0,1,0,0,0,0,1,0,0,1,0,0,0,1,1,0,0.3938,0,0,0,0.8702
1,0,1,0,1,0,0,1,0,0,0,0,1,0,1,0,0,1,0,0.3123,1,0,0,0.405
1,1,1,0,1,1,0,0,0,0,0,0,1,0,0,0,1,0,1,0.4494,0,0,0,0.8567
1,1,1,0,1,0,0,0,0,0,1,0,1,1,0,0,0,0,0,0.9103,0,0,0,0.6318
1,1,0,0,1,0,0,0,0,1,0,0,1,0,0,0,1,1,1,0.6372,0,0,0,0.8702
1,1,1,0,1,0,0,1,0,0,0,0,1,0,0,1,0,0,1,0.7902,0,0,0,0.8567
1,1,0,0,1,0,0,0,0,0,0,1,1,1,0,0,0,1,0,0.0799,0,0,1,0.8826
1,0,1,1,1,0,0,0,1,0,0,0,1,1,0,0,0,0,0,0.9022,0,0,0,0.9022
1,0,1,0,1,0,0,1,0,0,0,0,1,1,0,0,0,1,0,0.4375,0,0,0,0.9108
1,1,0,0,1,0,0,0,0,0,1,0,1,0,0,0,1,1,1,0.8915,0,0,0,0.6453
1,1,0,0,1,1,0,0,0,0,0,0,1,0,0,0,1,1,1,0.662,0,0,0,0.8702
1,1,0,0,1,0,1,0,0,0,0,0,1,0,0,0,1,1,1,0.4662,0,0,0,0.8702
1,1,1,0,1,0,0,0,0,1,0,0,1,0,0,1,0,0,0,0.6563,0,0,0,0.8567
1,1,1,0,1,0,0,0,1,0,0,0,1,1,0,0,0,0,1,0.9039,0,0,0,0.8567
1,1,1,0,1,0,0,0,0,0,0,1,1,0,0,0,1,0,1,0.9066,0,0,0,0.8567
1,1,1,0,1,0,0,0,0,0,0,1,1,0,0,0,1,1,0,0.9025,0,0,1,0.8826
1,1,0,1,1,1,0,0,0,0,0,0,1,0,1,0,0,0,0,0.6799,0,0,0,0.3102
1,1,0,0,1,0,0,0,0,0,1,0,1,1,0,0,0,1,0,0.874,0,0,0,0.6453
1,1,1,0,1,0,0,1,0,0,0,0,1,0,0,1,0,1,0,0.1096,0,0,0,0.8702
1,1,0,0,1,0,1,0,0,0,0,0,1,0,1,0,0,1,1,0.0033,0,0,0,0.3188
1,0,1,0,1,0,1,0,0,0,0,0,1,0,1,0,0,1,0,0.906,0,0,0,0.3594
1,0,1,1,1,1,0,0,0,0,0,0,1,0,1,0,0,0,0,0.7908,0,0,0,0.3508
1,1,0,0,1,0,0,1,0,0,0,0,1,1,0,0,0,1,0,0.6986,0,0,0,0.8702
1,1,0,0,1,0,0,0,0,0,1,0,1,0,1,0,0,1,1,0.8957,0,0,0,0.0939
1,1,1,0,1,1,0,0,0,0,0,0,1,0,0,0,1,1,0,0.8972,0,0,0,0.8702
1,1,1,0,1,0,0,0,0,1,0,0,1,0,0,0,1,0,0,0.0086,0,0,0,0.8567
1,1,1,0,1,0,0,0,1,0,0,0,1,1,0,0,0,1,0,0.8756,0,0,0,0.8702
1,1,0,0,1,0,0,0,0,1,0,0,1,0,1,0,0,1,1,0.7377,0,0,0,0.3188
1,1,1,0,1,0,0,0,0,1,0,0,1,0,1,0,0,0,1,0.6576,0,0,0,0.3053
1,1,1,0,1,0,0,0,0,0,0,1,1,0,1,0,0,0,1,0.8404,0,1,0,0.7008
1,0,1,0,1,0,0,0,1,0,0,0,1,1,0,0,0,1,1,0.896,0,0,0,0.9108
1,0,1,0,1,0,0,0,0,0,1,0,1,1,0,0,0,1,0,0.8038,0,0,0,0.6859
1,1,1,0,1,1,0,0,0,0,0,0,1,0,1,0,0,0,1,0.9158,0,0,0,0.3053
1,1,1,0,1,0,0,0,0,0,1,0,1,0,1,0,0,0,1,0.0108,0,0,0,0.0804
1,1,1,0,1,0,1,0,0,0,0,0,1,0,1,0,0,0,1,0.1007,0,0,0,0.3053
1,1,1,1,1,0,0,1,0,0,0,0,1,0,0,1,0,0,0,0.7549,0,0,0,0.8616
1,0,1,0,1,0,0,0,0,0,0,1,1,1,0,0,0,1,0,0.0086,0,0,1,0.9232
1,1,0,1,1,0,0,0,1,0,0,0,1,1,0,0,0,0,0,0.9156,0,0,0,0.8616
1,0,1,0,1,0,1,0,0,0,0,0,1,0,0,0,1,1,0,0.9049,0,0,0,0.9108
1,0,1,0,1,0,0,0,0,0,0,1,1,0,0,1,0,1,0,0.1022,0,0,1,0.9232
1,0,1,1,1,1,0,0,0,0,0,0,1,1,0,0,0,0,0,0.9132,0,0,0,0.9022
1,1,1,0,1,0,0,1,0,0,0,0,1,1,0,0,0,0,0,0.0109,0,0,0,0.8567
1,0,1,0,1,0,0,0,0,0,1,0,1,0,0,1,0,1,0,0.6341,0,0,0,0.6859
1,1,1,0,1,0,0,0,1,0,0,0,1,0,0,0,1,1,0,0.9171,0,0,0,0.8702
1,1,1,0,1,0,0,0,1,0,0,0,1,1,0,0,0,0,0,0.8751,0,0,0,0.8567
1,1,0,0,1,0,0,0,0,1,0,0,1,0,0,0,1,1,0,0.9144,0,0,0,0.8702
1,1,1,0,1,0,0,0,0,0,0,1,1,0,1,0,0,1,0,0.6256,0,1,1,0.7267
1,1,0,0,1,0,1,0,0,0,0,0,1,0,0,0,1,1,0,0.0927,0,0,0,0.8702
1,0,1,0,1,0,0,0,0,1,0,0,1,0,0,0,1,1,0,0.9145,0,0,0,0.9108
1,1,1,0,1,0,0,0,0,1,0,0,1,0,1,0,0,1,0,0.9127,0,0,0,0.3188
1,1,1,1,1,0,0,1,0,0,0,0,1,0,1,0,0,0,0,0.9056,1,0,0,0.3558
1,0,1,0,1,0,0,0,1,0,0,0,1,0,1,0,0,1,0,0.664,0,0,0,0.3594
1,1,1,0,1,0,0,0,0,0,1,0,1,0,1,0,0,1,0,0.7277,0,0,0,0.0939
1,1,1,0,1,0,1,0,0,0,0,0,1,0,1,0,0,1,0,0.9023,0,0,0,0.3188
1,1,0,0,1,1,0,0,0,0,0,0,1,0,1,0,0,1,1,0.7085,0,0,0,0.3188
1,1,0,0,1,0,0,1,0,0,0,0,1,0,0,1,0,1,0,0.0149,0,0,0,0.8702
1,0,1,0,1,0,1,0,0,0,0,0,1,0,1,0,0,1,1,0.9034,0,0,0,0.3594
1,1,0,0,1,0,0,0,1,0,0,0,1,0,0,0,1,1,1,0.9105,0,0,0,0.8702
1,1,0,0,1,0,0,0,0,0,0,1,1,0,0,1,0,1,0,0.8915,0,0,1,0.8826
1,0,1,0,1,0,0,0,0,0,1,0,1,0,1,0,0,1,1,0.0988,0,0,0,0.1345
1,0,1,0,1,0,0,0,0,1,0,0,1,0,1,0,0,1,1,0.915,0,0,0,0.3594
1,1,1,0,1,1,0,0,0,0,0,0,1,0,1,0,0,1,0,0.6286,0,0,0,0.3188
1,0,1,0,1,0,0,0,0,0,0,1,1,0,1,0,0,1,1,0.8971,0,1,1,0.7673
1,1,1,0,1,0,0,1,0,0,0,0,1,0,1,0,0,1,0,0.6623,1,0,0,0.3644
1,1,0,1,1,1,0,0,0,0,0,0,1,1,0,0,0,0,0,0.7817,0,0,0,0.8616
1,1,0,0,1,0,0,0,0,0,1,0,1,0,0,1,0,1,0,0.8327,0,0,0,0.6453
1,1,0,0,1,0,1,0,0,0,0,0,1,0,0,1,0,1,0,0.0118,0,0,0,0.8702
1,0,0,1,1,1,0,0,0,0,0,0,1,1,0,0,0,1,0,0.0032,0,0,0,0.9157
1,0,1,0,1,0,0,0,0,1,0,0,1,0,0,1,0,1,0,0.9086,0,0,0,0.9108
1,1,0,0,1,0,0,0,0,0,1,0,1,0,1,0,0,1,0,0.695,0,0,0,0.0939
1,1,0,0,1,0,0,0,1,0,0,0,1,0,1,0,0,1,0,0.7414,0,0,0,0.3188
1,0,1,0,1,0,0,1,0,0,0,0,1,0,0,1,0,1,0,0.3452,0,0,0,0.9108
1,0,1,0,1,0,1,0,0,0,0,0,1,0,0,1,0,1,0,0.1087,0,0,0,0.9108
1,1,0,0,1,0,0,0,0,0,0,1,1,0,1,0,0,1,0,0.9003,0,1,1,0.7267
1,1,1,0,1,0,0,0,1,0,0,0,1,0,1,0,0,0,0,0.4494,0,0,0,0.3053
1,0,0,1,1,1,0,0,0,0,0,0,1,0,0,1,0,1,0,0.7303,0,0,0,0.9157
1,0,1,0,1,0,0,0,0,0,1,0,1,0,1,0,0,1,0,0.8991,0,0,0,0.1345
1,1,0,0,1,0,0,0,0,1,0,0,1,0,0,1,0,1,0,0.7902,0,0,0,0.8702
1,0,1,0,1,0,1,0,0,0,0,0,1,1,0,0,0,1,0,0.8832,0,0,0,0.9108
1,0,1,0,1,0,0,1,0,0,0,0,1,0,0,0,1,1,0,0.0142,0,0,0,0.9108
1,0,1,0,1,0,0,0,0,0,0,1,1,0,1,0,0,1,0,0.9036,0,1,1,0.7673
1,0,1,0,1,0,0,0,0,0,1,0,1,0,0,0,1,1,0,0.732,0,0,0,0.6859
1,1,0,0,1,0,1,0,0,0,0,0,1,1,0,0,0,1,0,0.8832,0,0,0,0.8702
1,1,1,0,1,0,0,0,1,0,0,0,1,0,0,1,0,0,0,0.707,0,0,0,0.8567
1,0,0,1,1,1,0,0,0,0,0,0,1,0,1,0,0,1,0,0.4118,0,0,0,0.3643
1,1,0,0,1,0,0,1,0,0,0,0,1,0,0,0,1,1,0,0.9105,0,0,0,0.8702
1,0,1,0,1,0,0,0,0,0,0,1,1,0,0,0,1,1,0,0.6637,0,0,1,0.9232
1,1,0,0,1,0,0,0,0,1,0,0,1,0,1,0,0,1,0,0.9005,0,0,0,0.3188
1,1,0,0,1,0,0,0,0,0,0,1,1,0,0,0,1,1,0,0.7951,0,0,1,0.8826
1,0,1,0,1,0,0,0,0,1,0,0,1,0,1,0,0,1,0,0.9041,0,0,0,0.3594
1,1,1,0,1,0,1,0,0,0,0,0,1,1,0,0,0,0,0,0.8695,0,0,0,0.8567
1,1,0,0,1,0,0,0,0,0,1,0,1,0,0,0,1,1,0,0.4579,0,0,0,0.6453
1,0,0,1,1,1,0,0,0,0,0,0,1,0,0,0,1,1,0,0.1137,0,0,0,0.9157
1,1,1,0,1,0,0,1,0,0,0,0,1,0,0,0,1,0,0,0.9147,0,0,0,0.8567
1,1,1,0,1,0,0,0,1,0,0,0,1,0,0,0,1,0,0,0.9086,0,0,0,0.8567
