random_forest_classifier,bootstrap,class_weight,balanced,balanced_subsample,None*,criterion,entropy,gini,log_loss,max_features,log2,None,sqrt,min_samples_leaf,1,2*,min_samples_split,2,3,n_estimators,100,120,150,oob_score,warm_start,Performance
1,1,1,0,1,0,1,0,0,1,1,0,1,0,1,0,1,1,0,1,1,0,1,0,1,1,0.9546
1,1,1,0,1,0,1,0,0,1,1,0,0,1,1,0,1,1,0,1,1,0,1,0,1,1,0.9686
1,1,1,0,1,0,1,0,0,1,1,1,0,0,1,0,1,1,0,1,1,0,1,0,1,1,0.9648
1,1,1,0,1,0,1,0,0,1,1,0,0,1,1,0,1,1,0,1,1,1,0,0,1,0,0.9684
1,1,1,0,1,0,1,0,0,1,1,0,0,1,1,0,1,1,0,1,1,1,0,0,0,0,0.9684
1,1,1,0,1,0,1,1,0,0,1,0,0,1,1,0,1,1,0,1,1,0,1,0,0,0,0.9686
1,1,1,0,1,0,1,0,0,1,1,0,0,1,1,0,1,1,0,1,1,1,0,0,0,1,0.9684
1,1,1,0,1,0,1,0,1,0,1,0,0,1,1,0,1,1,0,1,1,1,0,0,1,0,0.9682
1,1,1,0,0,1,1,0,1,0,1,0,0,1,1,0,1,1,0,1,1,1,0,0,1,0,0.9685
1,1,1,0,1,0,1,0,0,1,1,1,0,0,1,0,1,1,0,1,1,0,1,0,0,0,0.9648
1,1,1,0,0,1,1,0,0,1,1,0,0,1,1,0,1,1,1,0,1,0,1,0,0,0,0.9679
1,1,1,0,1,0,1,1,0,0,1,0,0,1,1,0,1,1,0,1,1,0,0,1,0,0,0.9686
1,1,1,0,1,0,1,0,1,0,1,0,0,1,1,0,1,1,0,1,1,0,1,0,1,1,0.9687
1,1,1,0,1,0,1,1,0,0,1,0,0,1,1,0,1,1,0,1,1,0,1,0,1,0,0.9686
1,1,1,1,0,0,1,0,1,0,1,0,0,1,1,0,1,1,0,1,1,0,1,0,1,1,0.9683
1,1,1,0,1,0,1,0,0,1,1,0,0,1,1,1,0,1,1,0,1,0,1,0,1,1,0.9692
1,1,1,0,1,0,1,1,0,0,1,0,0,1,1,0,1,1,0,1,1,0,1,0,1,1,0.9686
1,1,1,0,0,1,1,0,1,0,1,0,0,1,1,0,1,1,0,1,1,0,1,0,1,1,0.9688
1,1,1,0,1,0,1,0,0,1,1,1,0,0,1,0,1,1,0,1,1,1,0,0,1,0,0.9646
1,1,1,0,1,0,1,1,0,0,1,0,0,1,1,0,1,1,1,0,1,1,0,0,1,1,0.9684
1,1,1,0,1,0,1,1,0,0,1,0,0,1,1,0,1,1,1,0,1,0,0,1,1,1,0.9686
1,1,1,0,1,0,1,0,1,0,1,0,0,1,1,0,1,1,0,1,1,0,1,0,0,0,0.9687
1,1,1,1,0,0,1,0,1,0,1,0,0,1,1,0,1,1,0,1,1,0,1,0,0,0,0.9683
1,1,1,0,0,1,1,0,1,0,1,0,0,1,1,0,1,1,0,1,1,1,0,0,1,1,0.9685
1,1,1,0,1,0,1,0,0,1,1,0,1,0,1,0,1,1,0,1,1,0,1,0,0,0,0.9546
1,1,1,1,0,0,1,0,1,0,1,0,0,1,1,0,1,1,0,1,1,1,0,0,1,0,0.9678
1,1,1,0,1,0,1,0,0,1,1,1,0,0,1,0,1,1,0,1,1,1,0,0,1,1,0.9646
1,1,1,0,0,1,1,0,0,1,1,0,0,1,1,0,1,1,1,0,1,1,0,0,1,0,0.9677
1,1,1,0,1,0,1,0,0,1,1,0,1,0,1,0,1,1,0,1,1,1,0,0,1,0,0.9541
1,1,1,1,0,0,1,0,1,0,1,0,0,1,1,0,1,1,0,1,1,1,0,0,1,1,0.9678
1,1,1,0,1,0,1,0,0,1,1,0,0,1,1,1,0,1,0,1,1,1,0,0,0,0,0.9689
1,1,1,0,1,0,1,0,0,1,1,0,1,0,1,0,1,1,0,1,1,1,0,0,1,1,0.9541
1,1,1,0,1,0,1,1,0,0,1,0,0,1,1,0,1,1,0,1,1,0,0,1,1,0,0.9686
1,1,1,0,1,0,1,0,0,1,1,0,0,1,1,1,0,1,0,1,1,1,0,0,1,0,0.9689
1,1,1,0,1,0,1,0,0,1,1,0,0,1,1,1,0,1,0,1,1,0,1,0,0,0,0.9692
1,1,1,0,1,0,1,0,0,1,1,0,0,1,1,1,0,1,1,0,1,1,0,0,1,1,0.9686
1,1,1,0,1,0,1,1,0,0,1,0,0,1,1,0,1,1,1,0,1,0,0,1,0,0,0.9686
1,1,1,0,1,0,1,0,0,1,1,1,0,0,1,0,1,1,0,1,1,1,0,0,0,1,0.9646
1,1,1,0,1,0,1,1,0,0,1,0,0,1,1,0,1,1,0,1,1,0,0,1,1,1,0.9686
1,1,1,0,1,0,1,1,0,0,1,0,0,1,1,0,1,1,0,1,1,0,1,0,0,1,0.9686
1,1,1,0,1,0,1,0,0,1,1,0,0,1,1,1,0,1,0,1,1,1,0,0,0,1,0.9689
1,1,1,0,1,0,1,0,0,1,1,1,0,0,1,0,1,1,0,1,1,0,0,1,0,0,0.965
1,1,1,0,0,1,1,0,1,0,1,0,0,1,1,0,1,1,0,1,1,0,1,0,0,0,0.9688
1,1,1,1,0,0,1,0,1,0,1,0,0,1,1,0,1,1,0,1,1,1,0,0,0,1,0.9678
1,1,1,0,0,1,1,0,0,1,1,0,0,1,1,0,1,1,1,0,1,1,0,0,0,1,0.9677
1,1,1,0,1,0,1,0,0,1,1,0,1,0,1,0,1,1,0,1,1,0,0,1,1,1,0.9542
1,1,1,0,0,1,1,0,1,0,1,0,0,1,1,0,1,1,0,1,1,0,0,1,1,1,0.9693
1,1,1,0,1,0,1,0,0,1,1,0,1,0,1,0,1,1,0,1,1,1,0,0,0,1,0.9541
1,1,1,0,1,0,1,0,0,1,1,0,0,1,1,1,0,1,1,0,1,0,0,1,1,1,0.9692
1,1,1,0,1,0,1,0,0,1,1,1,0,0,1,0,1,1,0,1,1,0,0,1,1,1,0.965
1,1,1,1,0,0,1,0,1,0,1,0,0,1,1,0,1,1,0,1,1,0,0,1,1,1,0.9686
1,1,1,0,1,0,1,1,0,0,1,0,0,1,1,0,1,1,0,1,1,0,0,1,0,1,0.9686
1,1,1,0,1,0,1,0,0,1,1,0,0,1,1,1,0,1,0,1,1,0,0,1,1,1,0.9694
1,1,1,0,1,0,1,0,0,1,1,0,1,0,1,0,1,1,0,1,1,0,0,1,1,0,0.9542
1,1,1,1,0,0,1,0,1,0,1,0,0,1,1,0,1,1,0,1,1,0,0,1,0,0,0.9686
1,1,1,0,0,1,1,0,0,1,1,0,0,1,1,0,1,1,1,0,1,0,0,1,0,1,0.9682
1,1,1,0,1,0,1,0,0,1,1,0,1,0,1,0,1,1,0,1,1,0,0,1,0,0,0.9542
1,1,1,0,1,0,1,0,0,1,1,0,1,0,1,0,1,1,1,0,1,0,0,1,1,1,0.9542
1,1,1,1,0,0,1,0,1,0,1,0,0,1,1,0,1,1,0,1,1,0,0,1,1,0,0.9686
1,1,1,0,1,0,1,0,0,1,1,0,0,1,1,1,0,1,0,1,1,0,0,1,0,1,0.9694
1,1,1,0,1,0,1,0,0,1,1,0,1,0,1,0,1,1,0,1,1,1,0,0,0,0,0.9541
1,1,1,0,1,0,1,0,0,1,1,1,0,0,1,0,1,1,0,1,1,1,0,0,0,0,0.9646
1,1,1,0,1,0,1,1,0,0,1,0,0,1,1,0,1,1,1,0,1,0,1,0,0,1,0.9686
1,1,1,0,1,0,1,0,0,1,1,1,0,0,1,0,1,1,0,1,1,0,0,1,1,0,0.965
1,1,1,1,0,0,1,0,1,0,1,0,0,1,1,0,1,1,1,0,1,0,0,1,1,1,0.9686
1,1,1,0,0,1,1,0,1,0,1,0,0,1,1,0,1,1,1,0,1,0,0,1,1,1,0.9693
1,1,1,0,0,1,1,0,1,0,1,0,0,1,1,0,1,1,0,1,1,0,0,1,0,0,0.9693
1,1,1,0,1,0,1,0,0,1,1,1,0,0,1,0,1,1,1,0,1,0,0,1,1,1,0.965
1,1,1,0,1,0,1,1,0,0,1,0,0,1,1,0,1,1,1,0,1,0,1,0,1,0,0.9686
1,1,1,0,0,1,1,0,0,1,1,0,0,1,1,0,1,1,1,0,1,0,0,1,0,0,0.9682
1,1,1,0,1,0,1,0,0,1,1,0,0,1,1,1,0,1,0,1,1,0,0,1,1,0,0.9694
1,1,1,1,0,0,1,0,1,0,1,0,0,1,1,0,1,1,0,1,1,0,0,1,0,1,0.9686
1,1,1,0,1,0,1,0,0,1,1,0,0,1,1,1,0,1,0,1,1,0,0,1,0,0,0.9694
1,1,1,1,0,0,1,0,1,0,1,0,0,1,1,0,1,1,0,1,1,1,0,0,0,0,0.9678
1,1,1,0,0,1,1,0,1,0,1,0,0,1,1,0,1,1,1,0,1,1,0,0,1,1,0.9685
1,1,1,0,1,0,1,0,0,1,1,0,1,0,1,0,1,1,0,1,1,0,0,1,0,1,0.9542
1,1,1,0,1,0,1,0,0,1,1,1,0,0,1,0,1,1,0,1,1,0,0,1,0,1,0.965
1,1,1,0,1,0,1,1,0,0,1,0,0,1,1,1,0,1,1,0,1,0,1,0,0,1,0.9692
1,1,1,0,1,0,1,0,0,1,1,1,0,0,1,0,1,1,1,0,1,1,0,0,1,1,0.9646
1,1,1,0,1,0,1,0,0,1,1,0,1,0,1,0,1,1,0,1,1,0,1,0,0,1,0.9546
1,1,1,0,0,1,1,0,1,0,1,0,0,1,1,0,1,1,0,1,1,1,0,0,0,1,0.9685
1,1,1,1,0,0,1,0,1,0,1,0,0,1,1,0,1,1,0,1,1,0,1,0,0,1,0.9683
1,1,1,0,0,1,1,0,0,1,1,0,0,1,1,0,1,1,1,0,1,1,0,0,0,0,0.9677
1,1,1,0,1,0,1,0,0,1,1,1,0,0,1,0,1,1,1,0,1,1,0,0,0,0,0.9646
1,1,1,0,1,0,1,1,0,0,1,0,0,1,1,0,1,1,0,1,1,1,0,0,0,0,0.9684
1,1,1,1,0,0,1,0,1,0,1,0,0,1,1,0,1,1,1,0,1,1,0,0,0,0,0.9678
1,1,1,0,1,0,1,0,0,1,1,0,0,1,1,1,0,1,0,1,1,1,0,0,1,1,0.9689
1,1,1,0,1,0,1,0,0,1,1,1,0,0,1,0,1,1,0,1,1,0,1,0,0,1,0.9648
1,1,1,0,1,0,1,0,0,1,1,0,1,0,1,0,1,1,1,0,1,1,0,0,0,0,0.9541
1,1,1,0,0,1,1,0,1,0,1,0,0,1,1,0,1,1,0,1,1,0,0,1,1,0,0.9693
1,1,1,0,1,0,1,0,0,1,1,1,0,0,1,0,1,1,0,1,1,0,1,0,1,0,0.9648
1,1,1,1,0,0,1,0,1,0,1,0,0,1,1,0,1,1,0,1,1,0,1,0,1,0,0.9683
1,1,1,0,1,0,1,0,0,1,1,0,1,0,1,0,1,1,1,0,1,1,0,0,1,1,0.9541
1,1,1,0,1,0,1,0,0,1,1,0,0,1,1,1,0,1,1,0,1,0,0,1,0,0,0.9692
1,1,1,1,0,0,1,0,1,0,1,0,0,1,1,0,1,1,1,0,1,0,0,1,0,0,0.9686
1,1,1,0,1,0,1,1,0,0,1,0,0,1,1,0,1,1,0,1,1,1,0,0,1,1,0.9684
1,1,1,1,0,0,1,0,1,0,1,0,0,1,1,0,1,1,1,0,1,1,0,0,1,1,0.9678
1,1,1,0,1,0,1,0,0,1,1,1,0,0,1,0,1,1,1,0,1,0,1,0,1,1,0.9648
1,1,1,0,1,0,1,1,0,0,1,0,0,1,1,0,1,1,1,0,1,1,0,0,0,0,0.9684
1,1,1,0,1,0,1,1,0,0,1,0,0,1,1,0,1,1,1,0,1,0,1,0,1,1,0.9686
1,1,1,0,1,0,1,0,0,1,1,0,0,1,1,1,0,1,0,1,1,0,1,0,1,0,0.9692
1,1,1,0,1,0,1,0,0,1,1,0,1,0,1,0,1,1,0,1,1,0,1,0,1,0,0.9546
1,1,1,0,1,0,1,0,0,1,1,1,0,0,1,0,1,1,1,0,1,0,0,1,0,0,0.965
1,1,1,0,1,0,1,0,0,1,1,0,1,0,1,0,1,1,1,0,1,0,1,0,1,0,0.9546
1,1,1,0,1,0,1,0,0,1,1,0,1,0,1,0,1,1,1,0,1,0,0,1,0,0,0.9542
1,1,1,0,1,0,1,0,0,1,1,0,0,1,1,1,0,1,0,1,1,0,1,0,0,1,0.9692
1,1,1,0,1,0,1,0,0,1,1,0,0,1,1,1,0,1,1,0,1,0,1,0,0,0,0.9692
1,1,1,0,0,1,1,0,1,0,1,0,0,1,1,0,1,1,0,1,1,1,0,0,0,0,0.9685
1,1,1,0,1,0,1,0,0,1,1,0,1,0,1,0,1,1,1,0,1,0,1,0,1,1,0.9546
1,1,1,0,1,0,1,1,0,0,1,0,0,1,1,0,1,1,1,0,1,0,1,0,0,0,0.9686
1,1,1,0,1,0,1,0,0,1,1,0,0,1,1,1,0,1,1,0,1,1,0,0,0,0,0.9686
1,1,1,0,1,0,1,0,0,1,1,0,0,1,1,1,0,1,0,1,1,0,1,0,1,1,0.9692
1,1,1,1,0,0,1,0,1,0,1,0,0,1,1,0,1,1,1,0,1,0,1,0,1,1,0.9683
1,1,1,0,0,1,1,0,1,0,1,0,0,1,1,0,1,1,1,0,1,0,1,0,1,1,0.9688
1,1,1,0,0,1,1,0,1,0,1,0,0,1,1,0,1,1,0,1,1,0,0,1,0,1,0.9693
1,1,1,0,1,0,1,0,0,1,1,1,0,0,1,0,1,1,1,0,1,0,1,0,1,0,0.9648
1,1,1,1,0,0,1,0,1,0,1,0,0,1,1,0,1,1,1,0,1,0,1,0,1,0,0.9683
1,1,1,0,1,0,1,0,0,1,1,1,0,0,1,1,0,1,0,1,1,0,1,0,1,1,0.9666
1,1,1,1,0,0,1,0,1,0,1,0,0,1,1,0,1,1,1,0,1,0,1,0,0,0,0.9683
1,1,1,0,0,1,1,0,1,0,1,0,0,1,1,1,0,1,1,0,1,0,1,0,1,1,0.97
1,1,1,0,1,0,1,0,0,1,1,0,0,1,1,1,0,1,1,0,1,0,1,0,1,0,0.9692
1,1,1,0,1,0,1,0,0,1,1,1,0,0,1,0,1,1,1,0,1,0,1,0,0,0,0.9648
1,1,1,0,1,0,1,0,0,1,1,0,1,0,1,0,1,1,1,0,1,0,1,0,0,0,0.9546
1,1,1,1,0,0,1,0,1,0,1,0,0,1,1,1,0,1,1,0,1,0,1,0,1,1,0.9702
1,1,1,1,0,0,1,0,1,0,1,0,0,1,1,1,0,1,1,0,1,0,1,0,0,0,0.9702
1,1,1,0,1,0,1,0,0,1,1,1,0,0,1,0,1,1,1,0,1,0,1,0,0,1,0.9648
1,1,1,0,1,0,1,0,0,1,1,0,1,0,1,1,0,1,1,0,1,0,1,0,1,1,0.9557
1,1,1,1,0,0,1,0,1,0,1,0,0,1,1,0,1,1,1,0,1,0,1,0,0,1,0.9683
1,1,1,0,1,0,1,0,0,1,1,1,0,0,1,1,0,1,1,0,1,1,0,0,0,0,0.9661
1,1,1,0,1,0,1,1,0,0,1,0,0,1,1,1,0,1,1,0,1,0,1,0,1,1,0.9692
1,1,1,0,1,0,1,0,0,1,1,1,0,0,1,1,0,1,1,0,1,0,1,0,1,1,0.9665
1,1,1,0,1,0,1,0,0,1,1,0,1,0,1,1,0,1,1,0,1,0,1,0,0,0,0.9557
1,1,1,0,1,0,1,1,0,0,1,0,0,1,1,1,0,1,1,0,1,0,1,0,0,0,0.9692
1,1,1,0,0,1,1,0,1,0,1,0,0,1,1,1,0,1,0,1,1,0,1,0,1,1,0.9701
1,1,1,0,0,1,1,0,1,0,1,0,0,1,1,0,1,1,0,1,1,0,1,0,0,1,0.9688
1,1,1,1,0,0,1,0,1,0,1,0,0,1,1,1,0,1,0,1,1,0,1,0,1,1,0.9695
1,1,1,0,1,0,1,1,0,0,1,0,0,1,1,1,0,1,0,1,1,0,1,0,1,1,0.9692
1,1,1,0,1,0,1,1,0,0,1,0,0,1,1,0,1,1,0,1,1,1,0,0,1,0,0.9684
1,1,1,0,0,1,1,0,1,0,1,0,0,1,1,0,1,1,1,0,1,1,0,0,0,0,0.9685
1,1,1,0,1,0,1,1,0,0,1,0,0,1,1,1,0,1,1,0,1,0,0,1,0,0,0.9692
1,1,1,0,1,0,1,0,0,1,1,0,1,0,1,1,0,1,0,1,1,0,1,0,1,1,0.955
1,1,1,0,1,0,1,0,0,1,1,0,1,0,1,0,1,1,1,0,1,0,1,0,0,1,0.9546
1,1,1,0,1,0,1,0,0,1,1,0,0,1,1,1,0,1,1,0,1,0,1,0,0,1,0.9692
1,1,1,0,1,0,1,0,0,1,1,1,0,0,1,0,1,1,1,0,1,0,0,1,0,1,0.965
1,1,1,0,1,0,1,0,0,1,1,0,1,0,1,0,1,1,1,0,1,0,0,1,0,1,0.9542
1,1,1,1,0,0,1,0,1,0,1,0,0,1,1,0,1,1,1,0,1,0,0,1,0,1,0.9686
1,1,1,1,0,0,1,0,1,0,1,0,0,1,1,1,0,1,0,1,1,1,0,0,1,1,0.9694
1,1,1,0,1,0,1,1,0,0,1,0,0,1,1,0,1,1,0,1,1,1,0,0,0,1,0.9684
1,1,1,0,1,0,1,0,0,1,1,1,0,0,1,1,0,1,0,1,1,1,0,0,1,1,0.9658
1,1,1,1,0,0,1,0,1,0,1,0,0,1,1,1,0,1,1,0,1,0,0,1,0,0,0.9707
1,1,1,0,1,0,1,0,0,1,1,0,1,0,1,1,0,1,1,0,1,0,0,1,0,0,0.9552
1,1,1,0,1,0,1,0,0,1,1,0,1,0,1,1,0,1,0,1,1,1,0,0,1,1,0.9544
1,1,1,0,1,0,1,0,0,1,1,1,0,0,1,1,0,1,1,0,1,0,0,1,0,0,0.9667
1,1,1,0,0,1,1,0,1,0,1,0,0,1,1,1,0,1,0,1,1,1,0,0,1,1,0.9694
1,1,1,0,0,1,1,0,1,0,1,0,0,1,1,0,1,1,1,0,1,0,0,1,0,0,0.9693
1,1,1,0,1,0,1,1,0,0,1,0,0,1,1,1,0,1,0,1,1,1,0,0,1,1,0.9689
1,1,1,0,0,1,1,0,1,0,1,0,0,1,1,0,1,1,0,1,1,0,1,0,1,0,0.9688
1,1,1,0,1,0,1,0,0,1,1,1,0,0,1,1,0,1,1,0,1,1,0,0,1,1,0.9661
1,1,1,0,1,0,1,0,0,1,1,0,1,0,1,1,0,1,1,0,1,1,0,0,1,1,0.9552
1,1,1,0,1,0,1,0,0,1,1,1,0,0,1,1,0,1,1,0,1,0,1,0,0,0,0.9665
1,1,1,0,1,0,1,0,0,1,1,1,0,0,1,0,1,1,1,0,1,0,0,1,1,0,0.965
1,1,1,0,1,0,1,1,0,0,1,0,0,1,1,0,1,1,1,0,1,0,0,1,0,1,0.9686
1,1,1,1,0,0,1,0,1,0,1,0,0,1,1,1,0,1,1,0,1,1,0,0,1,1,0.9697
1,1,1,0,1,0,1,1,0,0,1,0,0,1,1,1,0,1,1,0,1,1,0,0,0,0,0.9686
1,1,1,0,1,0,1,0,0,1,1,0,0,1,1,1,0,1,1,0,1,0,0,1,0,1,0.9692
1,1,1,0,1,0,1,0,0,1,1,0,1,0,1,0,1,1,1,0,1,0,0,1,1,0,0.9542
1,1,1,1,0,0,1,0,1,0,1,0,0,1,1,0,1,1,1,0,1,0,0,1,1,0,0.9686
1,1,1,0,0,1,1,0,1,0,1,0,0,1,1,0,1,1,1,0,1,0,1,0,1,0,0.9688
1,1,1,0,1,0,1,1,0,0,1,0,0,1,1,0,1,1,1,0,1,0,0,1,1,0,0.9686
1,1,1,1,0,0,1,0,1,0,1,0,0,1,1,0,1,1,1,0,1,1,0,0,1,0,0.9678
1,1,1,0,0,1,1,0,1,0,1,0,0,1,1,0,1,1,1,0,1,0,1,0,0,1,0.9688
1,1,1,0,1,0,1,1,0,0,1,0,0,1,1,1,0,1,1,0,1,1,0,0,1,1,0.9686
1,1,1,0,1,0,1,0,0,1,1,1,0,0,1,0,1,1,1,0,1,1,0,0,1,0,0.9646
1,1,1,0,1,0,1,0,0,1,1,0,1,0,1,1,0,1,1,0,1,1,0,0,0,0,0.9552
1,1,1,0,1,0,1,0,0,1,1,0,0,1,1,1,0,1,1,0,1,0,0,1,1,0,0.9692
1,1,1,0,0,1,1,0,1,0,1,0,0,1,1,1,0,1,1,0,1,1,0,0,1,1,0.9697
1,1,1,1,0,0,1,0,1,0,1,0,0,1,1,1,0,1,1,0,1,1,0,0,0,0,0.9697
1,1,1,0,1,0,1,0,0,1,1,0,1,0,1,0,1,1,1,0,1,1,0,0,1,0,0.9541
1,1,1,0,1,0,1,0,0,1,1,1,0,0,1,0,1,1,1,0,1,1,0,0,0,1,0.9646
1,1,1,0,1,0,1,0,0,1,1,1,0,0,1,1,0,1,1,0,1,0,0,1,1,1,0.9667
1,1,1,0,0,1,1,0,1,0,1,0,0,1,1,0,1,1,1,0,1,0,1,0,0,0,0.9688
1,1,1,0,0,1,1,0,1,0,1,0,0,1,1,1,0,1,0,1,1,0,0,1,1,1,0.9703
1,1,1,1,0,0,1,0,1,0,1,0,0,1,1,1,0,1,0,1,1,0,0,1,1,1,0.9698
1,1,1,0,1,0,1,0,0,1,1,0,0,1,1,1,0,1,1,0,1,1,0,0,1,0,0.9686
1,1,1,0,1,0,1,0,0,1,1,0,1,0,1,1,0,1,0,1,1,1,0,0,0,0,0.9544
1,1,1,1,0,0,1,0,1,0,1,0,0,1,1,0,1,1,1,0,1,1,0,0,0,1,0.9678
1,1,1,1,0,0,1,0,1,0,1,0,0,1,1,1,0,1,0,1,1,1,0,0,0,0,0.9694
1,1,1,0,0,1,1,0,1,0,1,0,0,1,1,0,1,1,1,0,1,0,0,1,0,1,0.9693
1,1,1,0,1,0,1,1,0,0,1,0,0,1,1,1,0,1,1,0,1,0,0,1,1,1,0.9692
1,1,1,0,1,0,1,0,0,1,1,0,1,0,1,0,1,1,1,0,1,1,0,0,0,1,0.9541
1,1,1,0,1,0,1,0,0,1,1,0,1,0,1,1,0,1,1,0,1,0,0,1,1,1,0.9552
1,1,1,0,1,0,1,1,0,0,1,0,0,1,1,0,1,1,1,0,1,1,0,0,1,0,0.9684
1,1,1,0,0,1,1,0,1,0,1,0,0,1,1,0,1,1,1,0,1,0,0,1,1,0,0.9693
1,1,1,0,1,0,1,0,0,1,1,0,0,1,1,1,0,1,1,0,1,1,0,0,0,1,0.9686
1,1,1,0,1,0,1,1,0,0,1,0,0,1,1,1,0,1,0,1,1,1,0,0,0,0,0.9689
1,1,1,0,0,1,1,0,1,0,1,0,0,1,1,1,0,1,1,0,1,0,1,0,0,0,0.97
1,1,1,0,1,0,1,0,0,1,1,1,0,0,1,1,0,1,0,1,1,0,0,1,0,0,0.9667
1,1,1,0,1,0,1,0,0,1,1,1,0,0,1,1,0,1,1,0,1,1,0,0,0,1,0.9661
1,1,1,0,1,0,1,1,0,0,1,0,0,1,1,1,0,1,0,1,1,0,0,1,1,1,0.9694
1,1,1,0,1,0,1,1,0,0,1,0,0,1,1,1,0,1,0,1,1,0,1,0,0,0,0.9692
1,1,1,0,1,0,1,0,0,1,1,1,0,0,1,1,0,1,0,1,1,0,0,1,1,1,0.9667
1,1,1,0,1,0,1,0,0,1,1,0,1,0,1,1,0,1,0,1,1,0,0,1,1,1,0.9548
1,1,1,0,0,1,1,0,1,0,1,0,0,1,1,1,0,1,1,0,1,0,0,1,1,1,0.9702
1,1,1,0,1,0,1,0,0,1,1,0,1,0,1,1,0,1,0,1,1,0,1,0,0,0,0.955
1,1,1,1,0,0,1,0,1,0,1,0,0,1,1,1,0,1,1,0,1,0,0,1,1,1,0.9707
1,1,1,0,1,0,1,1,0,0,1,0,0,1,1,0,1,1,1,0,1,1,0,0,0,1,0.9684
1,1,1,0,1,0,1,1,0,0,1,0,1,0,1,1,0,1,0,1,1,0,0,1,1,1,0.9548
1,1,1,0,1,0,1,0,0,1,1,0,1,0,1,1,0,1,1,0,1,1,0,0,0,1,0.9552
1,1,1,1,0,0,1,0,1,0,1,0,0,1,1,1,0,1,1,0,1,1,0,0,0,1,0.9697
1,1,1,1,0,0,1,0,1,0,1,1,0,0,1,1,0,1,1,0,1,1,0,0,1,1,0.9661
1,1,1,0,0,1,1,0,1,0,1,1,0,0,1,1,0,1,1,0,1,1,0,0,1,1,0.9662
1,1,1,0,0,1,1,0,1,0,1,0,0,1,1,1,0,1,1,0,1,0,0,1,0,0,0.9702
1,1,1,0,1,0,1,0,0,1,1,1,0,0,1,1,0,1,0,1,1,0,1,0,0,0,0.9666
1,1,1,0,1,0,1,1,0,0,1,0,1,0,1,0,1,1,0,1,1,0,0,1,1,1,0.9542
1,1,1,0,0,1,1,0,1,0,1,1,0,0,1,1,0,1,0,1,1,1,0,0,1,1,0.966
1,1,1,0,0,1,1,0,1,0,1,0,0,1,1,0,1,1,1,0,1,1,0,0,1,0,0.9685
1,1,1,1,0,0,1,0,1,0,1,0,0,1,1,1,0,1,1,0,1,1,0,0,1,0,0.9697
1,1,1,1,0,0,1,0,1,0,1,0,0,1,1,1,0,1,0,1,1,0,1,0,0,0,0.9695
1,1,1,0,1,0,1,0,0,1,1,1,0,0,1,1,0,1,0,1,1,1,0,0,0,0,0.9658
1,1,1,0,1,0,1,0,0,1,1,0,1,0,1,1,0,1,0,1,1,0,0,1,0,0,0.9548
1,1,1,0,1,0,1,1,0,0,1,0,0,1,1,1,0,1,0,1,1,0,0,1,0,0,0.9694
1,1,1,0,0,1,1,0,1,0,1,0,0,1,1,1,0,1,1,0,1,1,0,0,0,0,0.9697
1,1,1,1,0,0,1,0,1,0,1,1,0,0,1,1,0,1,0,1,1,1,0,0,1,1,0.9658
1,1,1,1,0,0,1,0,1,0,1,0,0,1,1,1,0,1,0,1,1,0,0,1,0,0,0.9698
1,1,1,0,1,0,1,0,0,1,1,1,0,0,1,1,0,1,1,0,1,1,0,0,1,0,0.9661
1,1,1,0,1,0,1,1,0,0,1,0,1,0,1,0,1,1,1,0,1,0,0,1,1,1,0.9542
1,1,1,1,0,0,1,0,1,0,1,1,0,0,1,0,1,1,0,1,1,1,0,0,1,1,0.9644
1,1,1,0,1,0,1,0,0,1,1,0,1,0,1,1,0,1,1,0,1,1,0,0,1,0,0.9552
1,1,1,0,1,0,1,1,0,0,1,0,0,1,1,1,0,1,1,0,1,1,0,0,0,1,0.9686
1,1,1,0,0,1,1,0,1,0,1,1,0,0,1,0,1,1,0,1,1,1,0,0,1,1,0.9641
1,1,1,1,0,0,1,0,1,0,1,1,0,0,1,0,1,1,1,0,1,1,0,0,1,1,0.9644
1,1,1,0,1,0,1,1,0,0,1,1,0,0,1,1,0,1,0,1,1,0,0,1,0,0,0.9667
1,1,1,0,1,0,1,1,0,0,1,0,1,0,1,1,0,1,0,1,1,0,0,1,0,0,0.9548
1,1,1,0,0,1,1,0,1,0,1,0,0,1,1,1,0,1,0,1,1,1,0,0,0,0,0.9694
1,1,1,1,0,0,1,0,1,0,1,1,0,0,1,1,0,1,0,1,1,0,0,1,0,0,0.9669
1,1,1,0,0,1,1,0,1,0,1,0,0,1,1,0,1,1,1,0,1,1,0,0,0,1,0.9685
1,1,1,0,1,0,1,1,0,0,1,1,0,0,1,1,0,1,0,1,1,0,0,1,1,1,0.9667
1,1,1,1,0,0,1,0,1,0,1,0,1,0,1,1,0,1,0,1,1,0,0,1,0,0,0.9514
1,1,1,1,0,0,1,0,1,0,1,0,0,1,1,1,0,1,0,1,1,1,0,0,1,0,0.9694
1,1,1,0,1,0,1,0,0,1,1,1,0,0,1,1,0,1,0,1,1,1,0,0,1,0,0.9658
1,1,1,0,1,0,1,0,0,1,1,0,1,0,1,1,0,1,0,1,1,1,0,0,1,0,0.9544
1,1,1,0,0,1,1,0,1,0,1,0,0,1,1,1,0,1,0,1,1,0,0,1,0,0,0.9703
1,1,1,0,1,0,1,1,0,0,1,0,1,0,1,1,0,1,1,0,1,0,0,1,1,1,0.9552
1,1,1,0,0,1,1,0,1,0,1,1,0,0,1,0,1,1,1,0,1,1,0,0,1,1,0.9641
1,1,1,0,0,1,1,0,1,0,1,0,0,1,1,1,0,1,0,1,1,0,1,0,0,0,0.9701
1,1,1,0,1,0,1,1,0,0,1,0,1,0,1,1,0,1,0,1,1,1,0,0,0,0,0.9544
1,1,1,0,1,0,1,1,0,0,1,0,1,0,1,0,1,1,1,0,1,1,0,0,1,1,0.9541
1,1,1,0,1,0,1,1,0,0,1,1,0,0,1,1,0,1,0,1,1,1,0,0,0,0,0.9658
1,1,1,1,0,0,1,0,1,0,1,0,1,0,1,0,1,1,1,0,1,1,0,0,1,1,0.949
1,1,1,1,0,0,1,0,1,0,1,0,1,0,1,1,0,1,0,1,1,0,1,0,0,0,0.9511
1,1,1,0,0,1,1,0,1,0,1,0,1,0,1,0,1,1,1,0,1,1,0,0,1,1,0.9567
1,1,1,0,1,0,1,1,0,0,1,0,0,1,1,1,0,1,1,0,1,1,0,0,1,0,0.9686
1,1,1,1,0,0,1,0,1,0,1,0,1,0,1,0,1,1,0,1,1,1,0,0,1,1,0.949
1,1,1,0,1,0,1,1,0,0,1,0,0,1,1,1,0,1,0,1,1,1,0,0,1,0,0.9689
1,1,1,0,0,1,1,0,1,0,1,0,1,0,1,0,1,1,0,1,1,1,0,0,1,1,0.9567
1,1,1,0,0,1,1,0,1,0,1,1,0,0,1,1,0,1,0,1,1,0,1,0,0,0,0.9665
1,1,1,0,1,0,1,0,0,1,1,1,0,0,1,1,0,1,0,1,1,1,0,0,0,1,0.9658
1,1,1,0,0,1,1,0,1,0,1,0,1,0,1,1,0,1,0,1,1,1,0,0,1,1,0.9572
1,1,1,0,1,0,1,1,0,0,1,1,0,0,1,0,1,1,0,1,1,0,0,1,1,1,0.965
1,1,1,0,0,1,1,0,1,0,1,0,0,1,1,1,0,1,1,0,1,1,0,0,0,1,0.9697
1,1,1,1,0,0,1,0,1,0,1,1,0,0,1,1,0,1,0,1,1,0,1,0,0,0,0.9665
1,1,1,1,0,0,1,0,1,0,1,0,0,1,1,1,0,1,0,1,1,1,0,0,0,1,0.9694
1,1,1,0,1,0,1,1,0,0,1,0,1,0,1,1,0,1,0,1,1,0,1,0,0,0,0.955
1,1,1,1,0,0,1,0,1,0,1,0,1,0,1,1,0,1,0,1,1,1,0,0,1,1,0.9508
1,1,1,0,0,1,1,0,1,0,1,0,1,0,1,1,0,1,1,0,1,1,0,0,1,1,0.9573
1,1,1,0,1,0,1,1,0,0,1,1,0,0,1,0,1,1,1,0,1,0,0,1,1,1,0.965
1,1,1,0,0,1,1,0,1,0,1,0,1,0,1,1,0,1,0,1,1,0,1,0,0,0,0.9574
1,1,1,0,1,0,1,0,0,1,1,0,1,0,1,1,0,1,0,1,1,1,0,0,0,1,0.9544
1,1,1,1,0,0,1,0,1,0,1,0,1,0,1,1,0,1,1,0,1,1,0,0,1,1,0.9502
1,1,1,0,1,0,1,1,0,0,1,1,0,0,1,1,0,1,1,0,1,0,0,1,1,1,0.9667
1,1,1,0,1,0,1,1,0,0,1,0,0,1,1,1,0,1,0,1,1,1,0,0,0,1,0.9689
1,1,1,1,0,0,1,0,1,0,1,1,0,0,1,1,0,1,0,1,1,1,0,0,0,0,0.9658
1,1,1,0,1,0,1,1,0,0,1,1,0,0,1,1,0,1,0,1,1,0,1,0,0,0,0.9666
1,1,1,0,0,1,1,0,1,0,1,0,1,0,1,1,0,1,0,1,1,1,0,0,0,0,0.9572
1,1,1,1,0,0,1,0,1,0,1,0,1,0,1,1,0,1,1,0,1,0,1,0,1,1,0.9507
1,1,1,0,0,1,1,0,1,0,1,0,1,0,1,1,0,1,1,0,1,0,1,0,1,1,0.9576
1,1,1,0,1,0,1,1,0,0,1,1,0,0,1,0,1,1,1,0,1,1,0,0,1,1,0.9646
1,1,1,1,0,0,1,0,1,0,1,0,1,0,1,1,0,1,0,1,1,1,0,0,0,0,0.9508
1,1,1,1,0,0,1,0,1,0,1,0,0,1,1,1,0,1,0,1,1,0,0,1,0,1,0.9698
1,1,1,0,0,1,1,0,1,0,1,0,1,0,1,1,0,1,0,1,1,0,1,0,1,1,0.9574
1,1,1,1,0,0,1,0,1,0,1,0,1,0,1,1,0,1,0,1,1,0,1,0,1,1,0.9511
1,1,1,0,0,1,1,0,1,0,1,1,0,0,1,1,0,1,0,1,1,1,0,0,0,0,0.966
1,1,1,0,1,0,1,0,0,1,1,0,1,0,1,1,0,1,0,1,1,0,0,1,0,1,0.9548
1,1,1,0,0,1,1,0,1,0,1,0,0,1,1,1,0,1,1,0,1,1,0,0,1,0,0.9697
1,1,1,1,0,0,1,0,1,0,1,0,1,0,1,1,0,1,1,0,1,1,0,0,0,0,0.9502
1,1,1,0,0,1,1,0,1,0,1,0,1,0,1,0,1,1,0,1,1,0,1,0,1,1,0.9568
1,1,1,0,1,0,1,1,0,0,1,1,0,0,1,0,1,1,0,1,1,1,0,0,1,1,0.9646
1,1,1,0,1,0,1,1,0,0,1,1,0,0,1,1,0,1,1,0,1,0,1,0,0,0,0.9665
1,1,1,0,1,0,1,0,0,1,1,1,0,0,1,1,0,1,0,1,1,0,0,1,0,1,0.9667
1,1,1,1,0,0,1,0,1,0,1,0,1,0,1,0,1,1,0,1,1,0,1,0,1,1,0.9494
1,1,1,0,0,1,1,0,1,0,1,1,0,0,1,1,0,1,0,1,1,0,0,1,0,0,0.9669
1,1,1,1,0,0,1,0,1,0,1,0,1,0,1,1,0,1,1,0,1,0,0,1,0,0,0.9513
1,1,1,0,1,0,1,1,0,0,1,1,0,0,1,1,0,1,1,0,1,1,0,0,0,0,0.9661
1,1,1,0,0,1,1,0,1,0,1,0,1,0,1,0,1,1,1,0,1,0,1,0,1,1,0.9568
1,1,1,0,0,1,1,0,1,0,1,0,1,0,1,1,0,1,0,1,1,0,0,1,0,0,0.9576
1,1,1,0,1,0,1,1,0,0,1,1,0,0,1,1,0,1,1,0,1,0,0,1,0,0,0.9667
1,1,1,1,0,0,1,0,1,0,1,0,1,0,1,0,1,1,1,0,1,0,1,0,1,1,0.9494
1,1,1,0,1,0,1,1,0,0,1,0,0,1,1,1,0,1,0,1,1,0,0,1,0,1,0.9694
1,1,1,0,1,0,1,1,0,0,1,1,0,0,1,0,1,1,0,1,1,0,1,0,1,1,0.9648
1,1,1,0,0,1,1,0,1,0,1,1,0,0,1,0,1,1,1,0,1,0,1,0,1,1,0.9645
1,1,1,0,1,0,1,1,0,0,1,1,0,0,1,0,1,1,1,0,1,0,1,0,1,1,0.9648
1,1,1,1,0,0,1,0,1,0,1,0,1,0,1,1,0,1,1,0,1,0,1,0,0,0,0.9507
1,1,1,1,0,0,1,0,1,0,1,0,0,1,1,1,0,1,0,1,1,0,0,1,1,0,0.9698
1,1,1,1,0,0,1,0,1,0,1,1,0,0,1,0,1,1,1,0,1,0,1,0,1,1,0.9645
1,1,1,1,0,0,1,0,1,0,1,1,0,0,1,0,1,1,0,1,1,0,1,0,1,1,0.9645
1,1,1,0,0,1,1,0,1,0,1,1,0,0,1,0,1,1,0,1,1,0,1,0,1,1,0.9645
1,1,1,0,1,0,1,1,0,0,1,1,0,0,1,1,0,1,1,0,1,0,1,0,1,1,0.9665
1,1,1,0,0,1,1,0,1,0,1,1,0,0,1,1,0,1,0,1,1,0,1,0,1,1,0.9665
1,1,1,0,1,0,1,1,0,0,1,1,0,0,1,1,0,1,0,1,1,0,1,0,1,1,0.9666
1,1,1,1,0,0,1,0,1,0,1,0,1,0,1,0,1,1,1,0,1,0,1,0,0,0,0.9494
1,1,1,0,0,1,1,0,1,0,1,0,1,0,1,1,0,1,1,0,1,0,0,1,0,0,0.9584
1,1,1,0,1,0,1,0,0,1,1,1,0,0,1,1,0,1,0,1,1,0,0,1,1,0,0.9667
1,1,1,0,1,0,1,1,0,0,1,1,0,0,1,0,1,1,1,0,1,0,0,1,0,0,0.965
1,1,1,0,1,0,1,1,0,0,1,1,0,0,1,0,1,1,1,0,1,1,0,0,0,0,0.9646
1,1,1,0,0,1,1,0,1,0,1,0,1,0,1,1,0,1,1,0,1,0,1,0,0,0,0.9576
1,1,1,0,1,0,1,0,0,1,1,0,1,0,1,1,0,1,0,1,1,0,0,1,1,0,0.9548
1,1,1,1,0,0,1,0,1,0,1,1,0,0,1,1,0,1,0,1,1,0,1,0,1,1,0.9665
1,1,1,0,1,0,1,1,0,0,1,1,0,0,1,1,0,1,0,1,1,1,0,0,1,1,0.9658
1,1,1,1,0,0,1,0,1,0,1,1,0,0,1,1,0,1,1,0,1,0,1,0,1,1,0.9663
1,1,1,0,0,1,1,0,1,0,1,0,0,1,1,1,0,1,0,1,1,1,0,0,1,0,0.9694
1,1,1,0,1,0,1,0,0,1,1,0,1,0,1,1,0,1,1,0,1,0,0,1,1,0,0.9552
1,1,1,0,1,0,1,1,0,0,1,0,0,1,1,1,0,1,0,1,1,0,0,1,1,0,0.9694
1,1,1,1,0,0,1,0,1,0,1,0,1,0,1,0,1,1,1,0,1,0,0,1,0,0,0.9498
1,1,1,0,0,1,1,0,1,0,1,0,1,0,1,1,0,1,1,0,1,1,0,0,0,0,0.9573
1,1,1,1,0,0,1,0,1,0,1,0,0,1,1,1,0,1,1,0,1,0,0,1,1,0,0.9707
1,1,1,0,0,1,1,0,1,0,1,0,0,1,1,1,0,1,0,1,1,1,0,0,0,1,0.9694
1,1,1,0,0,1,1,0,1,0,1,1,0,0,1,1,0,1,1,0,1,0,1,0,1,1,0.9668
1,1,1,0,1,0,1,1,0,0,1,1,0,0,1,1,0,1,1,0,1,1,0,0,1,1,0.9661
1,1,1,0,1,0,1,0,0,1,1,1,0,0,1,1,0,1,1,0,1,0,0,1,1,0,0.9667
1,1,1,0,1,0,1,1,0,0,1,0,0,1,1,1,0,1,1,0,1,0,0,1,1,0,0.9692
1,1,1,1,0,0,1,0,1,0,1,0,1,0,1,0,1,1,1,0,1,1,0,0,0,0,0.949
1,1,1,1,0,0,1,0,1,0,1,0,0,1,1,1,0,1,1,0,1,0,0,1,0,1,0.9707
1,1,1,1,0,0,1,0,1,0,1,0,1,0,1,0,1,1,1,0,1,0,0,1,1,1,0.9498
1,1,1,0,0,1,1,0,1,0,1,0,1,0,1,0,1,1,1,0,1,0,0,1,1,1,0.9571
1,1,1,0,1,0,1,1,0,0,1,1,0,0,1,0,1,1,1,0,1,0,1,0,0,0,0.9648
1,1,1,1,0,0,1,0,1,0,1,0,1,0,1,0,1,1,0,1,1,1,0,0,0,0,0.949
1,1,1,1,0,0,1,0,1,0,1,0,1,0,1,0,1,1,0,1,1,0,0,1,1,1,0.9498
1,1,1,0,0,1,1,0,1,0,1,0,1,0,1,0,1,1,1,0,1,1,0,0,0,0,0.9567
1,1,1,0,0,1,1,0,1,0,1,0,1,0,1,0,1,1,0,1,1,0,0,1,1,1,0.9571
1,1,1,0,1,0,1,1,0,0,1,1,0,0,1,0,1,1,0,1,1,0,1,0,0,0,0.9648
1,1,1,0,1,0,1,1,0,0,1,1,0,0,1,0,1,1,0,1,1,1,0,0,0,0,0.9646
1,1,1,0,0,1,1,0,1,0,1,0,1,0,1,0,1,1,1,0,1,0,0,1,0,0,0.9571
1,1,1,1,0,0,1,0,1,0,1,0,1,0,1,0,1,1,0,1,1,0,0,1,0,0,0.9498
1,1,1,0,1,0,1,1,0,0,1,0,1,0,1,1,0,1,1,0,1,1,0,0,1,1,0.9552
1,1,1,1,0,0,1,0,1,0,1,0,1,0,1,0,1,1,0,1,1,0,1,0,0,0,0.9494
1,1,1,1,0,0,1,0,1,0,1,0,1,0,1,1,0,1,0,1,1,0,0,1,1,1,0.9514
1,1,1,0,0,1,1,0,1,0,1,0,1,0,1,0,1,1,1,0,1,0,1,0,0,0,0.9568
1,1,1,0,0,1,1,0,1,0,1,0,0,1,1,1,0,1,0,1,1,0,0,1,0,1,0.9703
1,1,1,0,1,0,1,1,0,0,1,0,1,0,1,1,0,1,0,1,1,1,0,0,1,1,0.9544
1,1,1,0,1,0,1,1,0,0,1,1,0,0,1,0,1,1,0,1,1,0,0,1,0,0,0.965
1,1,1,0,1,0,1,0,0,1,1,1,0,0,1,1,0,1,1,0,1,0,0,1,0,1,0.9667
1,1,1,0,1,0,1,1,0,0,1,0,1,0,1,0,1,1,0,1,1,0,0,1,0,0,0.9542
1,1,1,0,1,0,1,0,0,1,1,0,1,0,1,1,0,1,1,0,1,0,0,1,0,1,0.9552
1,1,1,0,0,1,1,0,1,0,1,0,1,0,1,1,0,1,0,1,1,0,0,1,1,1,0.9576
1,1,1,0,1,0,1,0,0,1,1,1,0,0,1,1,0,1,1,0,1,0,1,0,0,1,0.9665
1,1,1,1,0,0,1,0,1,0,1,0,0,1,1,1,0,1,1,0,1,0,1,0,0,1,0.9702
1,1,1,0,1,0,1,0,0,1,1,0,1,0,1,1,0,1,1,0,1,0,1,0,0,1,0.9557
1,1,1,1,0,0,1,0,1,0,1,1,0,0,1,0,1,1,0,1,1,0,1,0,0,0,0.9645
1,1,1,0,1,0,1,1,0,0,1,0,1,0,1,0,1,1,0,1,1,1,0,0,1,1,0.9541
1,1,1,0,0,1,1,0,1,0,1,0,0,1,1,1,0,1,0,1,1,0,0,1,1,0,0.9703
1,1,1,0,0,1,1,0,1,0,1,0,1,0,1,0,1,1,0,1,1,0,1,0,0,0,0.9568
1,1,1,0,1,0,1,1,0,0,1,0,0,1,1,1,0,1,1,0,1,0,0,1,0,1,0.9692
1,1,1,1,0,0,1,0,1,0,1,0,1,0,1,1,0,1,1,0,1,0,0,1,1,1,0.9513
1,1,1,0,1,0,1,0,0,1,1,1,0,0,1,1,0,1,1,0,1,0,1,0,1,0,0.9665
1,1,1,1,0,0,1,0,1,0,1,1,0,0,1,0,1,1,0,1,1,0,0,1,0,0,0.9647
1,1,1,0,0,1,1,0,1,0,1,0,0,1,1,1,0,1,1,0,1,0,0,1,1,0,0.9702
1,1,1,0,0,1,1,0,1,0,1,0,1,0,1,0,1,1,0,1,1,0,0,1,0,0,0.9571
1,1,1,0,1,0,1,0,0,1,1,0,1,0,1,1,0,1,1,0,1,0,1,0,1,0,0.9557
1,1,1,0,1,0,1,0,0,1,1,0,0,1,1,0,1,1,0,1,1,1,0,0,1,1,0.9684
1,1,1,0,1,0,1,1,0,0,1,0,0,1,1,1,0,1,1,0,1,0,1,0,1,0,0.9692
1,1,1,1,0,0,1,0,1,0,1,0,0,1,1,1,0,1,1,0,1,0,1,0,1,0,0.9702
1,1,1,0,1,0,1,1,0,0,1,0,1,0,1,0,1,1,0,1,1,1,0,0,0,0,0.9541
1,1,1,0,0,1,1,0,1,0,1,0,1,0,1,1,0,1,1,0,1,0,0,1,1,1,0.9584
1,1,1,0,1,0,1,0,0,1,1,1,0,0,1,1,0,1,0,1,1,0,1,0,1,0,0.9666
1,1,1,0,0,1,1,0,1,0,1,0,1,0,1,0,1,1,0,1,1,1,0,0,0,0,0.9567
1,1,1,0,1,0,1,0,0,1,1,0,1,0,1,1,0,1,0,1,1,0,1,0,1,0,0.955
1,1,1,0,0,1,1,0,1,0,1,0,0,1,1,1,0,1,1,0,1,0,0,1,0,1,0.9702
1,1,1,1,0,0,1,0,1,0,1,1,0,0,1,1,0,1,1,0,1,0,0,1,1,1,0.9671
1,1,1,0,1,0,1,1,0,0,1,0,0,1,1,1,0,1,0,1,1,0,1,0,1,0,0.9692
1,1,1,1,0,0,1,0,1,0,1,0,0,1,1,1,0,1,0,1,1,0,1,0,1,0,0.9695
1,1,1,0,0,1,1,0,1,0,1,0,0,1,1,1,0,1,1,0,1,0,1,0,0,1,0.97
1,1,1,0,1,0,1,1,0,0,1,0,1,0,1,1,0,1,1,0,1,0,1,0,1,1,0.9557
1,1,1,1,0,0,1,0,1,0,1,1,0,0,1,0,1,1,0,1,1,1,0,0,0,0,0.9644
1,1,1,0,1,0,1,1,0,0,1,0,1,0,1,0,1,1,0,1,1,0,1,0,0,0,0.9546
1,1,1,1,0,0,1,0,1,0,1,0,0,1,1,1,0,1,0,1,1,0,1,0,0,1,0.9695
1,1,1,0,1,0,1,0,0,1,1,0,0,1,1,0,1,1,0,1,1,0,0,1,1,1,0.9686
1,1,1,0,1,0,1,1,0,0,1,0,1,0,1,0,1,1,1,0,1,0,1,0,0,0,0.9546
1,1,1,0,0,1,1,0,1,0,1,1,0,0,1,0,1,1,0,1,1,1,0,0,0,0,0.9641
1,1,1,0,0,1,1,0,1,0,1,1,0,0,1,1,0,1,1,0,1,0,0,1,1,1,0.9671
1,1,1,0,1,0,1,0,0,1,1,1,0,0,1,1,0,1,0,1,1,0,1,0,0,1,0.9666
1,1,1,0,1,0,1,0,0,1,1,0,0,1,1,0,1,1,1,0,1,0,0,1,1,1,0.9686
1,1,1,1,0,0,1,0,1,0,1,1,0,0,1,1,0,1,0,1,1,0,0,1,1,1,0.9669
1,1,1,0,1,0,1,0,0,1,1,0,1,0,1,1,0,1,0,1,1,0,1,0,0,1,0.955
1,1,1,0,1,0,1,1,0,0,1,0,0,1,1,1,0,1,0,1,1,0,1,0,0,1,0.9692
1,1,1,0,0,1,1,0,1,0,1,1,0,0,1,1,0,1,0,1,1,0,0,1,1,1,0.9669
1,1,1,1,0,0,1,0,1,0,1,1,0,0,1,0,1,1,1,0,1,1,0,0,0,0,0.9644
1,1,1,1,0,0,1,0,1,0,1,1,0,0,1,0,1,1,1,0,1,0,0,1,0,0,0.9647
1,1,1,0,1,0,1,1,0,0,1,0,1,0,1,1,0,1,0,1,1,0,1,0,0,1,0.955
1,1,1,1,0,0,1,0,1,0,1,1,0,0,1,1,0,1,0,1,1,0,1,0,0,1,0.9665
1,1,1,0,0,1,1,0,1,0,1,0,0,1,1,1,0,1,1,0,1,0,1,0,1,0,0.97
1,1,1,0,1,0,1,1,0,0,1,0,1,0,1,1,0,1,0,1,1,0,1,0,1,0,0.955
1,1,1,0,1,0,1,1,0,0,1,0,1,0,1,1,0,1,0,1,1,0,1,0,1,1,0.955
1,1,1,0,1,0,1,1,0,0,1,0,1,0,1,0,1,1,0,1,1,0,1,0,1,1,0.9546
1,1,1,0,0,1,1,0,1,0,1,1,0,0,1,0,1,1,0,1,1,0,0,1,0,0,0.9648
1,1,1,0,1,0,1,1,0,0,1,1,0,0,1,1,0,1,0,1,1,0,1,0,0,1,0.9666
1,1,1,0,0,1,1,0,1,0,1,0,0,1,1,1,0,1,0,1,1,0,1,0,1,0,0.9701
1,1,1,1,0,0,1,0,1,0,1,1,0,0,1,1,0,1,0,1,1,0,1,0,1,0,0.9665
1,1,1,0,1,0,1,1,0,0,1,0,1,0,1,0,1,1,1,0,1,1,0,0,0,0,0.9541
1,1,1,0,1,0,1,0,0,1,1,0,0,1,1,0,1,1,1,0,1,1,0,0,1,1,0.9684
1,1,1,1,0,0,1,0,1,0,1,1,0,0,1,0,1,1,0,1,1,0,1,0,1,0,0.9645
1,1,1,0,1,0,1,1,0,0,1,0,1,0,1,0,1,1,1,0,1,0,0,1,0,0,0.9542
1,1,1,1,0,0,1,0,1,0,1,1,0,0,1,0,1,1,0,1,1,0,0,1,1,1,0.9647
1,1,1,1,0,0,1,0,1,0,1,1,0,0,1,0,1,1,1,0,1,0,1,0,0,0,0.9645
1,1,1,0,1,0,1,1,0,0,1,0,1,0,1,0,1,1,0,1,1,0,1,0,1,0,0.9546
1,1,1,0,0,1,1,0,1,0,1,0,0,1,1,1,0,1,0,1,1,0,1,0,0,1,0.9701
1,1,1,0,0,1,1,0,1,0,1,1,0,0,1,0,1,1,0,1,1,0,1,0,0,0,0.9645
1,1,1,0,1,0,1,1,0,0,1,0,1,0,1,0,1,1,0,1,1,0,1,0,0,1,0.9546
1,1,1,1,0,0,1,0,1,0,1,1,0,0,1,0,1,1,0,1,1,0,1,0,0,1,0.9645
1,1,1,1,0,0,1,0,1,0,1,1,0,0,1,1,0,1,1,0,1,0,1,0,0,0,0.9663
1,1,1,0,0,1,1,0,1,0,1,1,0,0,1,0,1,1,1,0,1,0,1,0,0,0,0.9645
1,1,1,0,0,1,1,0,1,0,1,1,0,0,1,0,1,1,0,1,1,0,0,1,1,1,0.9648
1,1,1,0,0,1,1,0,1,0,1,1,0,0,1,1,0,1,0,1,1,0,1,0,0,1,0.9665
1,1,1,0,1,0,1,0,0,1,1,0,0,1,1,0,1,1,1,0,1,0,1,0,1,1,0.9686
1,1,1,0,1,0,1,1,0,0,1,0,1,0,1,0,1,1,1,0,1,0,1,0,0,1,0.9546
1,1,1,0,0,1,1,0,1,0,1,1,0,0,1,1,0,1,0,1,1,0,1,0,1,0,0.9665
1,1,1,1,0,0,1,0,1,0,1,0,1,0,1,0,1,1,0,1,1,0,1,0,0,1,0.9494
1,1,1,1,0,0,1,0,1,0,1,1,0,0,1,0,1,1,1,0,1,0,0,1,1,1,0.9647
1,1,1,0,0,1,1,0,1,0,1,1,0,0,1,0,1,1,0,1,1,0,1,0,1,0,0.9645
1,1,1,0,1,0,1,1,0,0,1,0,1,0,1,1,0,1,1,0,1,0,0,1,0,0,0.9552
1,1,1,0,1,0,1,1,0,0,1,0,1,0,1,0,1,1,1,0,1,0,1,0,1,1,0.9546
1,1,1,0,0,1,1,0,1,0,1,1,0,0,1,0,1,1,1,0,1,0,0,1,1,1,0.9648
1,1,1,0,0,1,1,0,1,0,1,1,0,0,1,0,1,1,1,0,1,0,0,1,0,0,0.9648
1,1,1,1,0,0,1,0,1,0,1,0,1,0,1,0,1,1,0,1,1,0,1,0,1,0,0.9494
1,1,1,1,0,0,1,0,1,0,1,1,0,0,1,1,0,1,1,0,1,0,0,1,0,0,0.9671
1,1,1,1,0,0,1,0,1,0,1,0,1,0,1,1,0,1,0,1,1,0,1,0,1,0,0.9511
1,1,1,0,1,0,1,0,0,1,1,0,0,1,1,0,1,1,0,1,1,0,1,0,0,0,0.9686
1,1,1,0,1,0,1,1,0,0,1,1,0,0,1,1,0,1,0,1,1,0,1,0,1,0,0.9666
1,1,1,0,1,0,1,1,0,0,1,0,1,0,1,1,0,1,1,0,1,1,0,0,0,0,0.9552
1,1,1,0,0,1,1,0,1,0,1,1,0,0,1,0,1,1,0,1,1,0,1,0,0,1,0.9645
1,1,1,0,0,1,1,0,1,0,1,1,0,0,1,0,1,1,1,0,1,1,0,0,0,0,0.9641
1,1,1,0,1,0,1,1,0,0,1,1,0,0,1,0,1,1,0,1,1,0,1,0,1,0,0.9648
1,1,1,0,0,1,1,0,0,1,1,1,0,0,1,0,1,1,1,0,1,0,0,1,1,1,0.9654
1,1,1,0,0,1,1,1,0,0,1,0,1,0,1,0,1,1,1,0,1,0,1,0,1,1,0.9603
1,1,1,0,1,0,1,1,0,0,1,0,1,0,1,1,0,1,1,0,1,0,1,0,0,0,0.9557
1,1,1,1,0,0,1,0,0,1,1,1,0,0,1,0,1,1,1,0,1,0,0,1,1,1,0.9647
1,1,1,1,0,0,1,0,1,0,1,0,1,0,1,1,0,1,0,1,1,0,1,0,0,1,0.9511
1,1,1,0,0,1,1,0,1,0,1,0,1,0,1,0,1,1,0,1,1,0,1,0,0,1,0.9568
1,1,1,0,1,0,1,1,0,0,1,1,0,0,1,0,1,1,0,1,1,0,1,0,0,1,0.9648
1,1,1,0,0,1,1,0,1,0,1,0,1,0,1,0,1,1,0,1,1,0,1,0,1,0,0.9568
1,1,1,0,0,1,1,1,0,0,1,0,1,0,1,0,1,1,0,1,1,0,1,0,1,1,0.9603
1,1,1,1,0,0,1,0,1,0,1,0,1,0,1,1,0,1,1,0,1,0,1,0,0,1,0.9507
1,1,1,1,0,0,1,0,1,0,1,0,1,0,1,1,0,1,1,0,1,0,1,0,1,0,0.9507
1,1,1,0,0,1,1,0,1,0,1,0,1,0,1,1,0,1,0,1,1,0,1,0,1,0,0.9574
1,1,1,1,0,0,1,0,0,1,1,1,0,0,1,0,1,1,0,1,1,0,0,1,1,1,0.9647
1,1,1,0,0,1,1,1,0,0,1,0,1,0,1,1,0,1,0,1,1,0,1,0,1,1,0.9617
1,1,1,0,1,0,1,0,0,1,1,0,0,1,1,0,1,1,0,1,1,0,0,1,0,0,0.9686
1,1,1,1,0,0,1,0,1,0,1,1,0,0,1,1,0,1,1,0,1,1,0,0,0,0,0.9661
1,1,1,0,1,0,1,1,0,0,1,1,0,0,1,0,1,1,1,0,1,0,1,0,0,1,0.9648
1,1,1,1,0,0,1,0,0,1,1,1,0,0,1,1,0,1,0,1,1,0,0,1,1,1,0.9665
1,1,1,0,0,1,1,0,1,0,1,0,1,0,1,1,0,1,0,1,1,0,1,0,0,1,0.9574
1,1,1,0,0,1,1,1,0,0,1,0,1,0,1,1,0,1,1,0,1,0,1,0,1,1,0.9616
1,1,1,0,0,1,1,1,0,0,1,0,1,0,1,1,0,1,0,1,1,0,0,1,0,0,0.9616
1,1,1,1,0,0,1,0,0,1,1,1,0,0,1,1,0,1,1,0,1,1,0,0,0,0,0.9656
1,1,1,1,0,0,1,0,0,1,1,1,0,0,1,1,0,1,1,0,1,0,0,1,1,1,0.9664
1,1,1,1,0,0,1,0,0,1,1,0,0,1,1,1,0,1,1,0,1,0,0,1,1,1,0.9697
1,1,1,0,1,0,1,1,0,0,1,1,0,0,1,0,1,1,1,0,1,0,1,0,1,0,0.9648
1,1,1,0,0,1,1,1,0,0,1,0,0,1,1,1,0,1,1,0,1,0,1,0,1,1,0.9693
1,1,1,1,0,0,1,0,0,1,1,1,0,0,1,1,0,1,1,0,1,0,1,0,0,0,0.966
1,1,1,0,0,1,1,1,0,0,1,0,1,0,1,1,0,1,0,1,1,1,0,0,0,0,0.9614
1,1,1,0,0,1,1,0,1,0,1,1,0,0,1,1,0,1,1,0,1,1,0,0,0,0,0.9662
1,1,1,1,0,0,1,0,0,1,1,0,0,1,1,1,0,1,0,1,1,0,0,1,1,1,0.9702
1,1,1,0,0,1,1,1,0,0,1,0,0,1,1,1,0,1,0,1,1,0,1,0,1,1,0.9684
1,1,1,0,1,0,1,0,0,1,1,0,0,1,1,0,1,1,1,0,1,1,0,0,0,0,0.9684
1,1,1,1,0,0,1,0,1,0,1,0,1,0,1,0,1,1,1,0,1,0,1,0,1,0,0.9494
1,1,1,0,0,1,1,1,0,0,1,1,0,0,1,1,0,1,0,1,1,0,1,0,1,1,0.9655
1,1,1,1,0,0,1,0,0,1,1,0,0,1,1,0,1,1,0,1,1,0,0,1,1,1,0.9685
1,1,1,0,0,1,1,1,0,0,1,1,0,0,1,1,0,1,1,0,1,0,1,0,1,1,0.9661
1,1,1,0,0,1,1,1,0,0,1,0,1,0,1,1,0,1,0,1,1,0,1,0,0,0,0.9617
1,1,1,1,0,0,1,0,0,1,1,1,0,0,1,1,0,1,1,0,1,0,0,1,0,0,0.9664
1,1,1,0,1,0,1,1,0,0,1,1,0,0,1,1,0,1,1,0,1,0,1,0,1,0,0.9665
1,1,1,0,0,1,1,0,1,0,1,0,1,0,1,1,0,1,1,0,1,0,1,0,0,1,0.9576
1,1,1,1,0,0,1,0,0,1,1,0,0,1,1,0,1,1,1,0,1,0,0,1,1,1,0.9685
1,1,1,1,0,0,1,0,1,0,1,0,1,0,1,0,1,1,1,0,1,0,1,0,0,1,0.9494
1,1,1,0,0,1,1,0,1,0,1,0,1,0,1,1,0,1,1,0,1,0,1,0,1,0,0.9576
1,1,1,1,0,0,1,0,1,0,1,1,0,0,1,0,1,1,1,0,1,0,1,0,0,1,0.9645
1,1,1,0,0,1,1,1,0,0,1,0,1,0,1,1,0,1,1,0,1,0,1,0,0,0,0.9616
1,1,1,0,1,0,1,1,0,0,1,1,0,0,1,1,0,1,1,0,1,0,1,0,0,1,0.9665
1,1,1,1,0,0,1,0,0,1,1,0,1,0,1,0,1,1,1,0,1,0,0,1,1,1,0.9543
1,1,1,0,0,1,1,1,0,0,1,1,0,0,1,0,1,1,1,0,1,0,1,0,1,1,0.9651
1,1,1,0,1,0,1,1,0,0,1,1,0,0,1,1,0,1,1,0,1,0,0,1,0,1,0.9667
1,1,1,1,0,0,1,0,0,1,1,0,1,0,1,0,1,1,0,1,1,0,0,1,1,1,0.9543
1,1,1,1,0,0,1,0,1,0,1,1,0,0,1,0,1,1,1,0,1,0,1,0,1,0,0.9645
1,1,1,0,0,1,1,0,1,0,1,0,1,0,1,0,1,1,1,0,1,0,1,0,1,0,0.9568
1,1,1,0,0,1,1,1,0,0,1,1,0,0,1,0,1,1,0,1,1,0,1,0,1,1,0.9651
1,1,1,1,0,0,1,0,0,1,1,0,1,0,1,1,0,1,1,0,1,0,0,1,0,0,0.9552
1,1,1,0,0,1,1,1,0,0,1,0,1,0,1,1,0,1,1,0,1,1,0,0,0,0,0.9612
1,1,1,1,0,0,1,0,0,1,1,0,1,0,1,1,0,1,0,1,1,0,0,1,1,1,0.9549
1,1,1,0,0,1,1,1,0,0,1,0,0,1,1,0,1,1,0,1,1,0,1,0,1,1,0.9679
1,1,1,1,0,0,1,0,0,1,1,0,1,0,1,1,0,1,1,0,1,1,0,0,0,0,0.9554
1,1,1,0,0,1,1,1,0,0,1,0,0,1,1,0,1,1,1,0,1,0,1,0,1,1,0.9679
1,1,1,0,1,0,1,1,0,0,1,1,0,0,1,1,0,1,1,0,1,0,0,1,1,0,0.9667
1,1,1,1,0,0,1,0,0,1,1,0,1,0,1,1,0,1,1,0,1,0,0,1,1,1,0.9552
1,1,1,0,0,1,1,0,1,0,1,0,1,0,1,0,1,1,1,0,1,0,1,0,0,1,0.9568
1,1,1,1,0,0,1,0,1,0,1,1,0,0,1,1,0,1,1,0,1,0,1,0,1,0,0.9663
1,1,1,0,0,1,1,0,1,0,1,1,0,0,1,0,1,1,1,0,1,0,1,0,0,1,0.9645
1,1,1,0,1,0,1,0,1,0,1,0,1,0,1,0,1,1,0,1,1,1,0,0,1,1,0.9484
1,1,1,0,0,1,1,1,0,0,1,0,1,0,1,1,0,1,1,0,1,0,0,1,0,0,0.9614
1,1,1,1,0,0,1,0,0,1,1,0,1,0,1,1,0,1,1,0,1,0,1,0,0,0,0.9553
1,1,1,0,0,1,1,1,0,0,1,0,1,0,1,0,1,1,1,0,1,0,0,1,0,0,0.9604
1,1,1,0,1,0,1,1,0,0,1,1,0,0,1,0,1,1,1,0,1,0,0,1,1,0,0.965
1,1,1,1,0,0,1,0,0,1,1,0,0,1,1,1,0,1,1,0,1,1,0,0,1,1,0.9696
1,1,1,1,0,0,1,0,1,0,1,1,0,0,1,1,0,1,1,0,1,0,1,0,0,1,0.9663
1,1,1,0,0,1,1,1,0,0,1,0,0,1,1,0,1,1,1,0,1,1,0,0,1,1,0.9677
1,1,1,0,0,1,1,0,1,0,1,1,0,0,1,0,1,1,1,0,1,0,1,0,1,0,0.9645
1,1,1,0,0,1,1,1,0,0,1,0,0,1,1,0,1,1,0,1,1,1,0,0,1,1,0.9677
1,1,1,1,0,0,1,0,0,1,1,0,0,1,1,1,0,1,1,0,1,0,1,0,0,0,0.9698
1,1,1,0,1,0,1,1,0,0,1,1,0,0,1,0,1,1,1,0,1,0,0,1,0,1,0.965
1,1,1,1,0,0,1,0,0,1,1,0,0,1,1,1,0,1,0,1,1,1,0,0,1,1,0.9696
1,1,1,1,0,0,1,0,0,1,1,0,0,1,1,1,0,1,1,0,1,0,0,1,0,0,0.9697
1,1,1,0,0,1,1,1,0,0,1,0,0,1,1,1,0,1,0,1,1,1,0,0,1,1,0.9683
1,1,1,1,0,0,1,0,0,1,1,0,0,1,1,0,1,1,0,1,1,1,0,0,1,1,0.968
1,1,1,0,0,1,1,1,0,0,1,0,1,0,1,0,1,1,1,0,1,1,0,0,0,0,0.9599
1,1,1,1,0,0,1,0,1,0,1,1,0,0,1,1,0,1,1,0,1,0,0,1,0,1,0.9671
1,1,1,0,0,1,1,1,0,0,1,0,1,0,1,0,1,1,1,0,1,0,1,0,0,0,0.9603
1,1,1,1,0,0,1,0,1,0,1,1,0,0,1,1,0,1,1,0,1,0,0,1,1,0,0.9671
1,1,1,1,0,0,1,0,0,1,1,0,0,1,1,1,0,1,1,0,1,1,0,0,0,0,0.9696
1,1,1,1,0,0,1,0,0,1,1,0,1,0,1,1,0,1,0,1,1,1,0,0,0,0,0.9547
1,1,1,0,0,1,1,0,1,0,1,1,0,0,1,1,0,1,1,0,1,0,1,0,1,0,0.9668
1,1,1,1,0,0,1,0,0,1,1,0,0,1,1,0,1,1,1,0,1,1,0,0,1,1,0.968
1,1,1,0,0,1,1,1,0,0,1,0,0,1,1,1,0,1,1,0,1,1,0,0,1,1,0.9688
1,1,1,1,0,0,1,0,0,1,1,1,0,0,1,0,1,1,1,0,1,1,0,0,1,1,0.9639
1,1,1,0,0,1,1,1,0,0,1,1,0,0,1,1,0,1,1,0,1,1,0,0,1,1,0.9658
1,1,1,0,0,1,1,1,0,0,1,0,1,0,1,0,1,1,0,1,1,0,1,0,0,0,0.9603
1,1,1,1,0,0,1,0,0,1,1,0,1,0,1,1,0,1,0,1,1,0,1,0,0,0,0.955
1,1,1,0,0,1,1,1,0,0,1,1,0,0,1,1,0,1,0,1,1,1,0,0,1,1,0.9656
1,1,1,0,0,1,1,1,0,0,1,0,1,0,1,0,1,1,0,1,1,1,0,0,0,0,0.9599
1,1,1,0,1,0,1,1,0,0,1,1,0,0,1,0,1,1,0,1,1,0,0,1,0,1,0.965
1,1,1,0,1,0,1,1,0,0,1,1,0,0,1,0,1,1,0,1,1,0,0,1,1,0,0.965
1,1,1,0,0,1,1,0,1,0,1,1,0,0,1,1,0,1,1,0,1,0,1,0,0,1,0.9668
1,1,1,1,0,0,1,0,0,1,1,0,1,0,1,1,0,1,0,1,1,0,0,1,0,0,0.9549
1,1,1,1,0,0,1,0,1,0,1,1,0,0,1,0,1,1,1,0,1,0,0,1,1,0,0.9647
1,1,1,0,0,1,1,1,0,0,1,0,1,0,1,0,1,1,0,1,1,0,0,1,0,0,0.9604
1,1,1,1,0,0,1,0,0,1,1,1,0,0,1,0,1,1,0,1,1,1,0,0,1,1,0.9639
1,1,1,0,0,1,1,0,1,0,1,1,0,0,1,1,0,1,1,0,1,0,0,1,0,1,0.9671
1,1,1,0,1,0,1,1,0,0,1,1,0,0,1,1,0,1,0,1,1,0,0,1,1,0,0.9667
1,1,1,1,0,0,1,0,0,1,1,1,0,0,1,1,0,1,0,1,1,0,0,1,0,0,0.9665
1,1,1,1,0,0,1,0,0,1,1,1,0,0,1,1,0,1,0,1,1,1,0,0,1,1,0.9662
1,1,1,1,0,0,1,0,1,0,1,1,0,0,1,0,1,1,1,0,1,0,0,1,0,1,0.9647
1,1,1,0,0,1,1,1,0,0,1,1,0,0,1,0,1,1,0,1,1,1,0,0,1,1,0.9647
1,1,1,0,1,0,1,1,0,0,1,1,0,0,1,1,0,1,0,1,1,0,0,1,0,1,0.9667
1,1,1,0,0,1,1,1,0,0,1,0,0,1,1,0,1,1,0,1,1,0,0,1,0,0,0.9682
1,1,1,1,0,0,1,0,1,0,1,0,1,0,1,0,1,1,1,0,1,0,0,1,0,1,0.9498
1,1,1,0,0,1,1,1,0,0,1,0,0,1,1,0,1,1,0,1,1,1,0,0,0,0,0.9677
1,1,1,0,0,1,1,0,1,0,1,1,0,0,1,1,0,1,1,0,1,0,0,1,1,0,0.9671
1,1,1,1,0,0,1,0,1,0,1,0,1,0,1,0,1,1,1,0,1,0,0,1,1,0,0.9498
1,1,1,1,0,0,1,0,0,1,1,1,0,0,1,1,0,1,0,1,1,1,0,0,0,0,0.9662
1,1,1,0,0,1,1,0,1,0,1,1,0,0,1,0,1,1,1,0,1,0,0,1,1,0,0.9648
1,1,1,0,1,0,1,1,0,0,1,1,0,0,1,1,0,1,0,1,1,1,0,0,0,1,0.9658
1,1,1,0,1,0,1,1,0,0,1,1,0,0,1,1,0,1,0,1,1,1,0,0,1,0,0.9658
1,1,1,1,0,0,1,0,1,0,1,0,1,0,1,1,0,1,1,0,1,0,0,1,1,0,0.9513
1,1,1,0,0,1,1,0,1,0,1,1,0,0,1,0,1,1,1,0,1,0,0,1,0,1,0.9648
1,1,1,1,0,0,1,0,1,0,1,0,1,0,1,1,0,1,1,0,1,0,0,1,0,1,0.9513
1,1,1,0,0,1,1,1,0,0,1,0,0,1,1,0,1,1,0,1,1,0,1,0,0,0,0.9679
1,1,1,1,0,0,1,0,0,1,1,1,0,0,1,1,0,1,0,1,1,0,1,0,0,0,0.9663
1,1,1,1,0,0,1,0,0,1,1,1,0,0,1,0,1,1,0,1,1,0,1,0,0,0,0.9639
1,1,1,0,0,1,1,1,0,0,1,0,0,1,1,0,1,1,1,0,1,0,1,0,0,0,0.9679
1,1,1,0,0,1,1,0,1,0,1,0,1,0,1,0,1,1,1,0,1,0,0,1,0,1,0.9571
1,1,1,0,0,1,1,1,0,0,1,1,0,0,1,0,1,1,1,0,1,1,0,0,1,1,0.9647
1,1,1,0,1,0,1,1,0,0,1,1,0,0,1,0,1,1,0,1,1,1,0,0,1,0,0.9646
1,1,1,1,0,0,1,0,0,1,1,1,0,0,1,0,1,1,0,1,1,0,0,1,0,0,0.9647
1,1,1,1,0,0,1,0,1,0,1,0,1,0,1,1,0,1,0,1,1,0,0,1,0,1,0.9514
1,1,1,0,0,1,1,1,0,0,1,0,0,1,1,0,1,1,1,0,1,1,0,0,0,0,0.9677
1,1,1,0,0,1,1,1,0,0,1,0,0,1,1,0,1,1,1,0,1,0,0,1,0,0,0.9682
1,1,1,1,0,0,1,0,0,1,1,1,0,0,1,0,1,1,0,1,1,1,0,0,0,0,0.9639
1,1,1,1,0,0,1,0,0,1,1,0,1,0,1,0,1,1,0,1,1,1,0,0,0,0,0.9543
1,1,1,0,0,1,1,1,0,0,1,0,0,1,1,1,0,1,1,0,1,0,0,1,0,0,0.9698
1,1,1,1,0,0,1,0,0,1,1,1,0,0,1,1,0,1,1,0,1,1,0,0,1,1,0.9656
1,1,1,1,0,0,1,0,0,1,1,0,1,0,1,0,1,1,0,1,1,0,0,1,0,0,0.9543
1,1,1,0,0,1,1,0,1,0,1,0,1,0,1,0,1,1,1,0,1,0,0,1,1,0,0.9571
1,1,1,1,0,0,1,0,0,1,1,1,0,0,1,1,0,1,1,0,1,0,1,0,1,1,0.966
1,1,1,0,0,1,1,1,0,0,1,1,0,0,1,0,1,1,1,0,1,0,0,1,1,1,0.9654
1,1,1,0,1,0,1,1,0,0,1,1,0,0,1,0,1,1,0,1,1,1,0,0,0,1,0.9646
1,1,1,0,1,0,1,0,1,0,1,1,0,0,1,0,1,1,1,0,1,0,1,0,0,0,0.9643
1,1,1,0,0,1,1,1,0,0,1,0,0,1,1,1,0,1,1,0,1,1,0,0,0,0,0.9688
1,1,1,0,1,0,1,0,1,0,1,1,0,0,1,0,1,1,1,0,1,0,0,1,0,0,0.9649
1,1,1,1,0,0,1,0,0,1,1,1,0,0,1,1,0,1,0,1,1,0,1,0,1,1,0.9663
1,1,1,0,1,0,1,0,1,0,1,0,1,0,1,1,0,1,1,0,1,1,0,0,1,1,0.9496
1,1,1,1,0,0,1,0,0,1,1,0,1,0,1,0,1,1,0,1,1,0,1,0,0,0,0.9547
1,1,1,0,0,1,1,0,1,0,1,0,1,0,1,1,0,1,1,0,1,0,0,1,1,0,0.9584
1,1,1,0,0,1,1,1,0,0,1,0,0,1,1,1,0,1,1,0,1,0,1,0,0,0,0.9693
1,1,1,0,1,0,1,1,0,0,1,1,0,0,1,0,1,1,1,0,1,1,0,0,0,1,0.9646
1,1,1,0,0,1,1,1,0,0,1,1,0,0,1,0,1,1,0,1,1,0,0,1,1,1,0.9654
1,1,1,1,0,0,1,0,1,0,1,0,1,0,1,1,0,1,0,1,1,0,0,1,1,0,0.9514
1,1,1,1,0,0,1,0,1,0,1,0,1,0,1,0,1,1,0,1,1,0,0,1,1,0,0.9498
1,1,1,0,1,0,1,0,1,0,1,0,1,0,1,1,0,1,0,1,1,1,0,0,1,1,0.9494
1,1,1,1,0,0,1,0,0,1,1,1,0,0,1,0,1,1,0,1,1,0,1,0,1,1,0.9639
1,1,1,0,0,1,1,1,0,0,1,1,0,0,1,1,0,1,0,1,1,0,0,1,1,1,0.9662
1,1,1,1,0,0,1,0,0,1,1,0,1,0,1,0,1,1,1,0,1,0,1,0,0,0,0.9547
1,1,1,0,1,0,1,1,0,0,1,1,0,0,1,0,1,1,1,0,1,1,0,0,1,0,0.9646
1,1,1,1,0,0,1,0,0,1,1,1,0,0,1,0,1,1,1,0,1,0,1,0,1,1,0.9639
1,1,1,0,1,0,1,0,1,0,1,0,1,0,1,0,1,1,1,0,1,1,0,0,1,1,0.9484
1,1,1,0,0,1,1,1,0,0,1,1,0,0,1,1,0,1,1,0,1,0,0,1,1,1,0.9663
1,1,1,1,0,0,1,0,0,1,1,0,0,1,1,0,1,1,1,0,1,0,1,0,1,1,0.9682
1,1,1,0,0,1,1,1,0,0,1,0,0,1,1,1,0,1,0,1,1,0,1,0,0,0,0.9684
1,1,1,0,1,0,1,0,1,0,1,0,1,0,1,0,1,1,1,0,1,0,0,1,1,1,0.9487
1,1,1,0,1,0,1,0,1,0,1,1,0,0,1,1,0,1,1,0,1,0,0,1,0,0,0.9664
1,1,1,1,0,0,1,0,0,1,1,0,1,0,1,0,1,1,1,0,1,0,0,1,0,0,0.9543
1,1,1,0,0,1,1,1,0,0,1,0,0,1,1,1,0,1,0,1,1,1,0,0,0,0,0.9683
1,1,1,0,0,1,1,0,1,0,1,0,1,0,1,1,0,1,1,0,1,0,0,1,0,1,0.9584
1,1,1,0,0,1,1,1,0,0,1,0,0,1,1,1,0,1,1,0,1,0,0,1,1,1,0.9698
1,1,1,0,0,1,1,1,0,0,1,0,0,1,1,1,0,1,0,1,1,0,0,1,1,1,0.969
1,1,1,1,0,0,1,0,1,0,1,0,1,0,1,0,1,1,0,1,1,0,0,1,0,1,0.9498
1,1,1,1,0,0,1,0,0,1,1,0,0,1,1,0,1,1,0,1,1,0,1,0,1,1,0.9682
1,1,1,0,1,0,1,1,0,0,1,1,0,0,1,1,0,1,1,0,1,1,0,0,1,0,0.9661
1,1,1,0,1,0,1,0,1,0,1,1,0,0,1,1,0,1,1,0,1,0,1,0,0,0,0.9659
1,1,1,0,0,1,1,0,1,0,1,0,1,0,1,1,0,1,0,1,1,0,0,1,0,1,0.9576
1,1,1,0,0,1,1,0,1,0,1,0,1,0,1,1,0,1,0,1,1,0,0,1,1,0,0.9576
1,1,1,0,1,0,1,1,0,0,1,1,0,0,1,1,0,1,1,0,1,1,0,0,0,1,0.9661
1,1,1,1,0,0,1,0,1,0,1,1,0,0,1,0,1,1,0,1,1,0,0,1,0,1,0.9647
1,1,1,0,0,1,1,1,0,0,1,0,0,1,1,1,0,1,0,1,1,0,0,1,0,0,0.969
1,1,1,0,1,0,1,0,1,0,1,0,1,0,1,0,1,1,0,1,1,0,0,1,1,1,0.9487
1,1,1,0,1,0,1,1,0,0,1,0,1,0,1,1,0,1,1,0,1,1,0,0,0,1,0.9552
1,1,1,1,0,0,1,0,1,0,1,1,0,0,1,0,1,1,0,1,1,0,0,1,1,0,0.9647
1,1,1,0,0,1,1,1,0,0,1,0,0,1,1,0,1,1,0,1,1,0,0,1,1,1,0.9682
1,1,1,0,1,0,1,0,1,0,1,1,0,0,1,1,0,1,0,1,1,0,1,0,0,0,0.9664
1,1,1,1,0,0,1,0,0,1,1,0,0,1,1,1,0,1,0,1,1,0,1,0,1,1,0.9697
1,1,1,0,1,0,1,0,1,0,1,0,1,0,1,1,0,1,0,1,1,0,0,1,1,1,0.9505
1,1,1,0,0,1,1,0,1,0,1,0,1,0,1,0,1,1,0,1,1,0,0,1,1,0,0.9571
1,1,1,1,0,0,1,0,0,1,1,0,1,0,1,0,1,1,1,0,1,1,0,0,0,0,0.9543
1,1,1,0,0,1,1,1,0,0,1,0,0,1,1,0,1,1,1,0,1,0,0,1,1,1,0.9682
1,1,1,0,0,1,1,0,1,0,1,0,1,0,1,0,1,1,0,1,1,0,0,1,0,1,0.9571
1,1,1,0,1,0,1,0,1,0,1,0,1,0,1,1,0,1,1,0,1,0,0,1,1,1,0.9506
1,1,1,0,1,0,1,0,1,0,1,1,0,0,1,1,0,1,0,1,1,0,0,1,0,0,0.9671
1,1,1,0,1,0,1,1,0,0,1,0,1,0,1,1,0,1,1,0,1,1,0,0,1,0,0.9552
1,1,1,1,0,0,1,0,1,0,1,1,0,0,1,1,0,1,0,1,1,0,0,1,1,0,0.9669
1,1,1,1,0,0,1,0,0,1,1,0,0,1,1,1,0,1,1,0,1,0,1,0,1,1,0.9698
1,1,1,0,0,1,1,1,0,0,1,0,1,0,1,0,1,1,1,0,1,0,0,1,1,1,0.9604
1,1,1,0,1,0,1,1,0,0,1,0,1,0,1,0,1,1,1,0,1,1,0,0,1,0,0.9541
1,1,1,1,0,0,1,0,0,1,1,1,0,0,1,0,1,1,1,0,1,1,0,0,0,0,0.9639
1,1,1,1,0,0,1,0,0,1,1,0,1,0,1,1,0,1,1,0,1,0,1,0,1,1,0.9553
1,1,1,1,0,0,1,0,1,0,1,1,0,0,1,1,0,1,0,1,1,0,0,1,0,1,0.9669
1,1,1,0,0,1,1,1,0,0,1,1,0,0,1,1,0,1,0,1,1,0,0,1,0,0,0.9662
1,1,1,0,0,1,1,1,0,0,1,0,1,0,1,0,1,1,0,1,1,0,0,1,1,1,0.9604
1,1,1,1,0,0,1,0,0,1,1,1,0,0,1,0,1,1,1,0,1,0,0,1,0,0,0.9647
1,1,1,0,0,1,1,1,0,0,1,1,0,0,1,1,0,1,0,1,1,1,0,0,0,0,0.9656
1,1,1,1,0,0,1,0,0,1,1,0,1,0,1,1,0,1,0,1,1,0,1,0,1,1,0.955
1,1,1,0,0,1,1,0,1,0,1,1,0,0,1,0,1,1,0,1,1,0,0,1,0,1,0.9648
1,1,1,1,0,0,1,0,0,1,1,0,1,0,1,0,1,1,0,1,1,0,1,0,1,1,0.9547
1,1,1,0,0,1,1,1,0,0,1,0,1,0,1,1,0,1,0,1,1,0,0,1,1,1,0.9616
1,1,1,0,0,1,1,1,0,0,1,0,1,0,1,1,0,1,1,0,1,0,0,1,1,1,0.9614
1,1,1,0,0,1,1,0,1,0,1,1,0,0,1,0,1,1,0,1,1,0,0,1,1,0,0.9648
1,1,1,1,0,0,1,0,1,0,1,1,0,0,1,1,0,1,0,1,1,1,0,0,0,1,0.9658
1,1,1,1,0,0,1,0,0,1,1,0,1,0,1,0,1,1,1,0,1,0,1,0,1,1,0.9547
1,1,1,0,0,1,1,1,0,0,1,0,1,0,1,1,0,1,1,0,1,1,0,0,1,1,0.9612
1,1,1,0,1,0,1,1,0,0,1,0,1,0,1,0,1,1,1,0,1,1,0,0,0,1,0.9541
1,1,1,1,0,0,1,0,0,1,1,0,1,0,1,0,1,1,1,0,1,1,0,0,1,1,0.9543
1,1,1,1,0,0,1,0,0,1,1,1,0,0,1,0,1,1,1,0,1,0,1,0,0,0,0.9639
1,1,1,0,0,1,1,1,0,0,1,1,0,0,1,1,0,1,0,1,1,0,1,0,0,0,0.9655
1,1,1,0,1,0,1,1,0,0,1,0,1,0,1,0,1,1,0,1,1,1,0,0,0,1,0.9541
1,1,1,1,0,0,1,0,1,0,1,1,0,0,1,1,0,1,0,1,1,1,0,0,1,0,0.9658
1,1,1,0,0,1,1,0,1,0,1,1,0,0,1,1,0,1,0,1,1,0,0,1,1,0,0.9669
1,1,1,0,0,1,1,1,0,0,1,0,1,0,1,1,0,1,0,1,1,1,0,0,1,1,0.9614
1,1,1,0,0,1,1,1,0,0,1,1,0,0,1,1,0,1,1,0,1,0,1,0,0,0,0.9661
1,1,1,1,0,0,1,0,0,1,1,0,1,0,1,0,1,1,0,1,1,1,0,0,1,1,0.9543
1,1,1,1,0,0,1,1,0,0,1,1,0,0,1,0,1,1,1,0,1,0,1,0,0,0,0.9639
1,1,1,1,0,0,1,1,0,0,1,1,0,0,1,0,1,1,1,0,1,0,0,1,0,0,0.9647
1,1,1,1,0,0,1,0,1,0,1,1,0,0,1,0,1,1,0,1,1,1,0,0,1,0,0.9644
1,1,1,0,0,1,1,1,0,0,1,0,1,0,1,0,1,1,0,1,1,1,0,0,1,1,0.9599
1,1,1,0,1,0,1,0,0,1,1,0,0,1,1,0,1,1,1,0,1,0,0,1,0,0,0.9686
1,1,1,1,0,0,1,0,0,1,1,0,1,0,1,1,0,1,0,1,1,1,0,0,1,1,0.9547
1,1,1,1,0,0,1,0,0,1,1,0,1,0,1,1,0,1,1,0,1,1,0,0,1,1,0.9554
1,1,1,0,0,1,1,1,0,0,1,0,1,0,1,0,1,1,1,0,1,1,0,0,1,1,0.9599
1,1,1,0,0,1,1,0,1,0,1,1,0,0,1,1,0,1,0,1,1,0,0,1,0,1,0.9669
1,1,1,1,0,0,1,1,0,0,1,0,1,0,1,1,0,1,1,0,1,0,0,1,1,1,0.9552
1,1,1,0,1,0,1,1,0,0,1,0,1,0,1,0,1,1,0,1,1,1,0,0,1,0,0.9541
1,1,1,1,0,0,1,1,0,0,1,1,0,0,1,0,1,1,1,0,1,1,0,0,0,0,0.9639
1,1,1,0,0,1,1,0,1,0,1,1,0,0,1,1,0,1,1,0,1,0,0,1,0,0,0.9671
1,1,1,1,0,0,1,0,1,0,1,1,0,0,1,0,1,1,0,1,1,1,0,0,0,1,0.9644
1,1,1,0,1,0,1,1,0,0,1,0,1,0,1,1,0,1,0,1,1,1,0,0,1,0,0.9544
1,1,1,0,0,1,1,0,1,0,1,1,0,0,1,1,0,1,0,1,1,1,0,0,0,1,0.966
1,1,1,1,0,0,1,1,0,0,1,0,1,0,1,1,0,1,0,1,1,0,0,1,1,1,0.9549
1,1,1,0,1,0,1,0,0,1,1,0,0,1,1,0,1,1,1,0,1,0,1,0,0,0,0.9686
1,1,1,0,1,0,1,1,0,0,1,0,1,0,1,1,0,1,0,1,1,1,0,0,0,1,0.9544
1,1,1,0,1,0,1,0,1,0,1,0,0,1,1,1,0,1,1,0,1,0,1,0,1,1,0.9696
1,1,1,0,0,1,1,0,0,1,1,0,1,0,1,1,0,1,1,0,1,0,1,0,1,1,0.9616
1,1,1,1,0,0,1,0,1,0,1,0,1,0,1,0,1,1,0,1,1,1,0,0,0,1,0.949
1,1,1,0,0,1,1,0,1,0,1,1,0,0,1,1,0,1,1,0,1,0,1,0,0,0,0.9668
1,1,1,0,1,0,1,0,1,0,1,1,0,0,1,1,0,1,1,0,1,1,0,0,1,1,0.9656
1,1,1,0,0,1,1,0,1,0,1,1,0,0,1,1,0,1,0,1,1,1,0,0,1,0,0.966
1,1,1,0,1,0,1,0,1,0,1,1,0,0,1,1,0,1,0,1,1,1,0,0,1,1,0.9658
1,1,1,1,0,0,1,0,1,0,1,0,1,0,1,0,1,1,0,1,1,1,0,0,1,0,0.949
1,1,1,0,1,0,1,0,1,0,1,0,0,1,1,1,0,1,0,1,1,0,1,0,1,1,0.9698
1,1,1,1,0,0,1,1,0,0,1,0,1,0,1,0,1,1,1,0,1,1,0,0,0,0,0.9543
1,1,1,0,0,1,1,0,1,0,1,1,0,0,1,0,1,1,0,1,1,1,0,0,1,0,0.9641
1,1,1,0,0,1,1,0,0,1,1,0,1,0,1,1,0,1,0,1,1,0,0,1,0,0,0.9616
1,1,1,0,1,0,1,1,0,0,1,0,1,0,1,1,0,1,0,1,1,0,0,1,0,1,0.9548
1,1,1,0,0,1,1,0,0,1,1,0,1,0,1,1,0,1,0,1,1,0,1,0,0,0,0.9617
1,1,1,0,0,1,1,0,0,1,1,1,0,0,1,0,1,1,0,1,1,0,0,1,1,1,0.9654
1,1,1,0,1,0,1,1,0,0,1,0,1,0,1,1,0,1,0,1,1,0,0,1,1,0,0.9548
1,1,1,1,0,0,1,0,1,0,1,0,1,0,1,1,0,1,0,1,1,1,0,0,1,0,0.9508
1,1,1,0,0,1,1,0,1,0,1,1,0,0,1,0,1,1,0,1,1,1,0,0,0,1,0.9641
1,1,1,1,0,0,1,1,0,0,1,0,1,0,1,0,1,1,1,0,1,1,0,0,1,1,0.9543
1,1,1,0,1,0,1,0,1,0,1,0,0,1,1,0,1,1,0,1,1,0,0,1,0,0,0.969
1,1,1,0,1,0,1,0,1,0,1,0,0,1,1,1,0,1,0,1,1,1,0,0,1,1,0.9695
1,1,1,1,0,0,1,1,0,0,1,0,1,0,1,0,1,1,1,0,1,0,0,1,0,0,0.9543
1,1,1,0,0,1,1,0,0,1,1,1,0,0,1,1,0,1,0,1,1,0,0,1,1,1,0.9662
1,1,1,0,1,0,1,0,1,0,1,0,0,1,1,0,1,1,0,1,1,1,0,0,0,0,0.9682
1,1,1,1,0,0,1,1,0,0,1,0,1,0,1,0,1,1,0,1,1,1,0,0,1,1,0.9543
1,1,1,1,0,0,1,1,0,0,1,0,1,0,1,0,1,1,0,1,1,0,0,1,1,1,0.9543
1,1,1,1,0,0,1,1,0,0,1,0,1,0,1,0,1,1,1,0,1,0,1,0,0,0,0.9547
1,1,1,0,0,1,1,0,0,1,1,0,1,0,1,1,0,1,0,1,1,1,0,0,0,0,0.9614
1,1,1,0,0,1,1,0,0,1,1,0,1,0,1,1,0,1,0,1,1,0,1,0,1,1,0.9617
1,1,1,0,1,0,1,0,1,0,1,0,0,1,1,1,0,1,1,0,1,1,0,0,1,1,0.969
1,1,1,0,1,0,1,0,1,0,1,0,0,1,1,1,0,1,1,0,1,0,0,1,1,1,0.9701
1,1,1,0,0,1,1,0,0,1,1,0,1,0,1,1,0,1,1,0,1,1,0,0,0,0,0.9612
1,1,1,0,1,0,1,0,1,0,1,1,0,0,1,0,1,1,0,1,1,1,0,0,1,1,0.9638
1,1,1,0,1,0,1,1,0,0,1,0,1,0,1,0,1,1,0,1,1,0,0,1,1,0,0.9542
1,1,1,0,0,1,1,0,1,0,1,0,1,0,1,0,1,1,0,1,1,1,0,0,0,1,0.9567
1,1,1,0,1,0,1,0,1,0,1,0,0,1,1,0,1,1,1,0,1,0,1,0,0,0,0.9687
1,1,1,1,0,0,1,0,1,0,1,0,1,0,1,1,0,1,0,1,1,1,0,0,0,1,0.9508
1,1,1,1,0,0,1,1,0,0,1,0,1,0,1,0,1,1,0,1,1,0,1,0,0,0,0.9547
1,1,1,0,0,1,1,0,0,1,1,0,1,0,1,1,0,1,1,0,1,0,1,0,0,0,0.9616
1,1,1,0,0,1,1,0,1,0,1,0,1,0,1,0,1,1,0,1,1,1,0,0,1,0,0.9567
1,1,1,1,0,0,1,0,1,0,1,0,1,0,1,1,0,1,1,0,1,1,0,0,0,1,0.9502
1,1,1,0,1,0,1,1,0,0,1,0,1,0,1,0,1,1,0,1,1,0,0,1,0,1,0.9542
1,1,1,0,1,0,1,1,0,0,1,0,1,0,1,0,1,1,1,0,1,0,0,1,0,1,0.9542
1,1,1,1,0,0,1,1,0,0,1,0,1,0,1,1,0,1,0,1,1,1,0,0,1,1,0.9547
1,1,1,1,0,0,1,0,1,0,1,0,1,0,1,1,0,1,1,0,1,1,0,0,1,0,0.9502
1,1,1,0,0,1,1,0,1,0,1,0,1,0,1,1,0,1,0,1,1,1,0,0,1,0,0.9572
1,1,1,0,1,0,1,0,0,1,1,0,0,1,1,0,1,1,0,1,1,0,0,1,0,1,0.9686
1,1,1,1,0,0,1,0,1,0,1,0,1,0,1,0,1,1,1,0,1,1,0,0,1,0,0.949
1,1,1,0,1,0,1,1,0,0,1,0,1,0,1,0,1,1,1,0,1,0,0,1,1,0,0.9542
1,1,1,1,0,0,1,1,0,0,1,0,1,0,1,0,1,1,0,1,1,0,0,1,0,0,0.9543
1,1,1,0,1,0,1,0,1,0,1,0,0,1,1,0,1,1,1,0,1,1,0,0,0,0,0.9682
1,1,1,0,1,0,1,0,0,1,1,0,0,1,1,0,1,1,0,1,1,0,0,1,1,0,0.9686
1,1,1,0,0,1,1,0,0,1,1,0,1,0,1,1,0,1,0,1,1,1,0,0,1,1,0.9614
1,1,1,1,0,0,1,1,0,0,1,0,1,0,1,0,1,1,0,1,1,1,0,0,0,0,0.9543
1,1,1,0,0,1,1,0,1,0,1,0,1,0,1,1,0,1,0,1,1,1,0,0,0,1,0.9572
1,1,1,0,0,1,1,0,0,1,1,0,1,0,1,1,0,1,1,0,1,0,0,1,0,0,0.9614
1,1,1,0,1,0,1,0,0,1,1,0,0,1,1,0,1,1,0,1,1,0,1,0,1,0,0.9686
1,1,1,0,0,1,1,0,1,0,1,0,1,0,1,1,0,1,1,0,1,1,0,0,0,1,0.9573
1,1,1,1,0,0,1,0,1,0,1,0,1,0,1,0,1,1,1,0,1,1,0,0,0,1,0.949
1,1,1,0,1,0,1,0,1,0,1,0,0,1,1,0,1,1,1,0,1,0,0,1,0,0,0.969
1,1,1,0,1,0,1,0,1,0,1,0,1,0,1,0,1,1,0,1,1,0,1,0,1,1,0.9486
1,1,1,1,0,0,1,1,0,0,1,1,0,0,1,0,1,1,0,1,1,1,0,0,0,0,0.9639
1,1,1,1,0,0,1,1,0,0,1,0,1,0,1,1,0,1,1,0,1,1,0,0,1,1,0.9554
1,1,1,0,0,1,1,0,0,1,1,0,1,0,1,0,1,1,1,0,1,0,0,1,0,0,0.9604
1,1,1,0,1,0,1,1,0,0,1,0,1,0,1,1,0,1,1,0,1,0,0,1,1,0,0.9552
1,1,1,0,1,0,1,0,1,0,1,0,0,1,1,1,0,1,0,1,1,0,0,1,1,1,0.97
1,1,1,1,0,0,1,0,1,0,1,1,0,0,1,0,1,1,1,0,1,1,0,0,0,1,0.9644
1,1,1,0,1,0,1,0,1,0,1,0,0,1,1,1,0,1,1,0,1,0,0,1,0,0,0.9701
1,1,1,0,0,1,1,0,0,1,1,0,1,0,1,0,1,1,1,0,1,1,0,0,0,0,0.9599
1,1,1,0,1,0,1,0,1,0,1,1,0,0,1,0,1,1,1,0,1,1,0,0,1,1,0.9638
1,1,1,0,1,0,1,1,0,0,1,0,1,0,1,1,0,1,1,0,1,0,0,1,0,1,0.9552
1,1,1,0,1,0,1,0,1,0,1,0,0,1,1,1,0,1,1,0,1,1,0,0,0,0,0.969
1,1,1,1,0,0,1,1,0,0,1,1,0,0,1,0,1,1,0,1,1,0,0,1,0,0,0.9647
1,1,1,0,1,0,1,0,0,1,1,0,0,1,1,0,1,1,0,1,1,0,1,0,0,1,0.9686
1,1,1,0,0,1,1,0,0,1,1,0,1,0,1,0,1,1,1,0,1,0,1,0,0,0,0.9603
1,1,1,0,0,1,1,0,0,1,1,0,1,0,1,1,0,1,1,0,1,1,0,0,1,1,0.9612
1,1,1,0,1,0,1,0,1,0,1,0,1,0,1,0,1,1,1,0,1,0,1,0,1,1,0.9486
1,1,1,0,1,0,1,0,1,0,1,0,0,1,1,0,1,1,0,1,1,0,0,1,1,1,0.969
1,1,1,1,0,0,1,1,0,0,1,0,1,0,1,0,1,1,1,0,1,0,0,1,1,1,0.9543
1,1,1,1,0,0,1,1,0,0,1,1,0,0,1,0,1,1,0,1,1,0,1,0,0,0,0.9639
1,1,1,0,0,1,1,0,1,0,1,0,1,0,1,1,0,1,1,0,1,1,0,0,1,0,0.9573
1,1,1,0,1,0,1,1,0,0,1,0,1,0,1,1,0,1,1,0,1,0,1,0,0,1,0.9557
1,1,1,0,1,0,1,0,1,0,1,0,0,1,1,1,0,1,1,0,1,0,1,0,0,0,0.9696
1,1,1,0,1,0,1,0,1,0,1,1,0,0,1,0,1,1,1,0,1,0,1,0,1,1,0.9643
1,1,1,0,0,1,1,0,0,1,1,1,0,0,1,1,0,1,1,0,1,0,0,1,1,1,0.9663
1,1,1,1,0,0,1,1,0,0,1,1,0,0,1,1,0,1,0,1,1,0,1,0,0,0,0.9663
1,1,1,0,1,0,1,0,1,0,1,0,0,1,1,1,0,1,0,1,1,0,1,0,0,0,0.9698
1,1,1,0,1,0,1,0,0,1,1,0,0,1,1,0,1,1,1,0,1,0,1,0,0,1,0.9686
1,1,1,1,0,0,1,0,1,0,1,1,0,0,1,0,1,1,1,0,1,1,0,0,1,0,0.9644
1,1,1,0,1,0,1,0,1,0,1,0,0,1,1,0,1,1,1,0,1,0,0,1,1,1,0.969
1,1,1,0,0,1,1,0,0,1,1,0,1,0,1,0,1,1,0,1,1,0,1,0,0,0,0.9603
1,1,1,1,0,0,1,1,0,0,1,0,1,0,1,0,1,1,1,0,1,0,1,0,1,1,0.9547
1,1,1,0,0,1,1,0,0,1,1,0,1,0,1,0,1,1,0,1,1,1,0,0,0,0,0.9599
1,1,1,0,0,1,1,0,0,1,1,0,1,0,1,1,0,1,1,0,1,0,0,1,1,1,0.9614
1,1,1,1,0,0,1,1,0,0,1,0,1,0,1,0,1,1,0,1,1,0,1,0,1,1,0.9547
1,1,1,0,1,0,1,0,1,0,1,0,0,1,1,0,1,1,1,0,1,1,0,0,1,1,0.9682
1,1,1,0,1,0,1,0,1,0,1,1,0,0,1,0,1,1,1,0,1,0,0,1,1,1,0.9649
1,1,1,0,0,1,1,0,1,0,1,0,1,0,1,0,1,1,1,0,1,1,0,0,1,0,0.9567
1,1,1,0,1,0,1,0,1,0,1,0,0,1,1,1,0,1,0,1,1,1,0,0,0,0,0.9695
1,1,1,1,0,0,1,0,1,0,1,1,0,0,1,1,0,1,1,0,1,1,0,0,1,0,0.9661
1,1,1,0,1,0,1,0,0,1,1,0,0,1,1,0,1,1,1,0,1,0,1,0,1,0,0.9686
1,1,1,0,0,1,1,0,1,0,1,0,1,0,1,0,1,1,1,0,1,1,0,0,0,1,0.9567
1,1,1,0,0,1,1,0,0,1,1,0,1,0,1,1,0,1,0,1,1,0,0,1,1,1,0.9616
1,1,1,0,1,0,1,1,0,0,1,0,1,0,1,1,0,1,1,0,1,0,1,0,1,0,0.9557
1,1,1,1,0,0,1,1,0,0,1,0,0,1,1,0,1,1,1,0,1,0,0,1,1,1,0.9685
1,1,1,0,1,0,1,0,1,0,1,1,0,0,1,0,1,1,0,1,1,0,1,0,1,1,0.9643
1,1,1,1,0,0,1,1,0,0,1,1,0,0,1,1,0,1,0,1,1,0,0,1,0,0,0.9665
1,1,1,0,1,0,1,0,1,0,1,0,0,1,1,1,0,1,0,1,1,0,0,1,0,0,0.97
1,1,1,1,0,0,1,1,0,0,1,1,0,0,1,1,0,1,0,1,1,1,0,0,0,0,0.9662
1,1,1,0,0,1,1,0,0,1,1,0,0,1,1,1,0,1,1,0,1,0,0,1,1,1,0.9698
1,1,1,0,0,1,1,0,0,1,1,0,1,0,1,0,1,1,0,1,1,0,0,1,0,0,0.9604
1,1,1,0,1,0,1,1,0,0,1,0,1,0,1,0,1,1,1,0,1,0,1,0,1,0,0.9546
1,1,1,1,0,0,1,0,1,0,1,1,0,0,1,1,0,1,1,0,1,1,0,0,0,1,0.9661
1,1,1,0,0,1,1,0,1,0,1,1,0,0,1,0,1,1,1,0,1,1,0,0,0,1,0.9641
1,1,1,0,1,0,1,0,0,1,1,0,0,1,1,0,1,1,1,0,1,0,0,1,1,0,0.9686
1,1,1,0,1,0,1,0,1,0,1,0,0,1,1,0,1,1,1,0,1,0,1,0,1,1,0.9687
1,1,1,0,0,1,1,0,0,1,1,0,0,1,1,0,1,1,0,1,1,0,0,1,0,0,0.9682
1,1,1,1,0,0,1,1,0,0,1,0,1,0,1,1,0,1,0,1,1,1,0,0,0,0,0.9547
1,1,1,1,0,0,1,1,0,0,1,0,1,0,1,1,0,1,0,1,1,0,1,0,1,1,0.955
1,1,1,0,0,1,1,0,0,1,1,0,1,0,1,0,1,1,0,1,1,0,0,1,1,1,0.9604
1,1,1,0,1,0,1,0,1,0,1,1,0,0,1,0,1,1,0,1,1,0,0,1,1,1,0.9649
1,1,1,0,0,1,1,0,1,0,1,1,0,0,1,0,1,1,1,0,1,1,0,0,1,0,0.9641
1,1,1,0,1,0,1,0,0,1,1,0,0,1,1,0,1,1,1,0,1,0,0,1,0,1,0.9686
1,1,1,0,0,1,1,1,0,0,1,0,1,0,1,1,0,1,0,1,1,0,1,0,1,0,0.9617
1,1,1,1,0,0,1,1,0,0,1,0,1,0,1,1,0,1,1,0,1,0,1,0,1,1,0.9553
1,1,1,0,0,1,1,0,0,1,1,0,1,0,1,0,1,1,1,0,1,0,0,1,1,1,0.9604
1,1,1,0,0,1,1,0,0,1,1,0,0,1,1,0,1,1,0,1,1,1,0,0,0,0,0.9677
1,1,1,1,0,0,1,0,0,1,1,1,0,0,1,1,0,1,1,0,1,1,0,0,0,1,0.9656
1,1,1,0,1,0,1,0,1,0,1,1,0,0,1,0,1,1,0,1,1,0,0,1,0,0,0.9649
1,1,1,1,0,0,1,0,0,1,1,1,0,0,1,1,0,1,1,0,1,1,0,0,1,0,0.9656
1,1,1,0,1,0,1,0,1,0,1,1,0,0,1,1,0,1,0,1,1,0,0,1,1,1,0.9671
1,1,1,0,0,1,1,1,0,0,1,0,1,0,1,1,0,1,0,1,1,0,1,0,0,1,0.9617
1,1,1,0,0,1,1,1,0,0,1,0,1,0,1,0,1,1,0,1,1,0,1,0,0,1,0.9603
1,1,1,1,0,0,1,0,0,1,1,1,0,0,1,0,1,1,1,0,1,1,0,0,1,0,0.9639
1,1,1,0,1,0,1,0,1,0,1,0,0,1,1,0,1,1,0,1,1,1,0,0,1,1,0.9682
1,1,1,0,0,1,1,0,0,1,1,0,1,0,1,0,1,1,1,0,1,1,0,0,1,1,0.9599
1,1,1,0,0,1,1,1,0,0,1,0,1,0,1,0,1,1,0,1,1,0,1,0,1,0,0.9603
1,1,1,1,0,0,1,1,0,0,1,0,1,0,1,1,0,1,0,1,1,0,0,1,0,0,0.9549
1,1,1,0,1,0,1,0,1,0,1,1,0,0,1,0,1,1,0,1,1,0,1,0,0,0,0.9643
1,1,1,1,0,0,1,1,0,0,1,0,0,1,1,0,1,1,0,1,1,0,0,1,1,1,0.9685
1,1,1,1,0,0,1,0,0,1,1,1,0,0,1,0,1,1,1,0,1,1,0,0,0,1,0.9639
1,1,1,0,1,0,1,0,1,0,1,1,0,0,1,1,0,1,1,0,1,0,0,1,1,1,0.9664
1,1,1,0,0,1,1,0,0,1,1,0,1,0,1,0,1,1,0,1,1,1,0,0,1,1,0.9599
1,1,1,1,0,0,1,1,0,0,1,0,1,0,1,1,0,1,0,1,1,0,1,0,0,0,0.955
1,1,1,0,1,0,1,0,1,0,1,1,0,0,1,1,0,1,1,0,1,0,1,0,1,1,0.9659
1,1,1,1,0,0,1,1,0,0,1,0,0,1,1,1,0,1,1,0,1,0,1,0,1,1,0.9698
1,1,1,0,0,1,1,0,0,1,1,0,0,1,1,0,1,1,0,1,1,0,1,0,0,0,0.9679
1,1,1,0,1,0,1,0,1,0,1,1,0,0,1,1,0,1,0,1,1,0,1,0,1,1,0.9664
1,1,1,0,0,1,1,0,0,1,1,0,0,1,1,1,0,1,1,0,1,0,0,1,0,0,0.9698
1,1,1,1,0,0,1,1,0,0,1,0,1,0,1,1,0,1,1,0,1,0,1,0,0,0,0.9553
1,1,1,0,0,1,1,0,0,1,1,0,0,1,1,1,0,1,0,1,1,0,0,1,1,1,0.969
1,1,1,0,1,0,1,0,1,0,1,1,0,0,1,0,1,1,0,1,1,1,0,0,0,0,0.9638
1,1,1,0,0,1,1,1,0,0,1,1,0,0,1,0,1,1,0,1,1,0,1,0,1,0,0.9651
1,1,1,1,0,0,1,1,0,0,1,0,0,1,1,1,0,1,0,1,1,0,1,0,1,1,0.9697
1,1,1,0,0,1,1,0,0,1,1,0,0,1,1,1,0,1,1,0,1,1,0,0,0,0,0.9688
1,1,1,1,0,0,1,1,0,0,1,0,1,0,1,1,0,1,1,0,1,0,0,1,0,0,0.9552
1,1,1,1,0,0,1,0,0,1,1,0,0,1,1,0,1,1,1,0,1,1,0,0,0,1,0.968
1,1,1,1,0,0,1,0,0,1,1,0,0,1,1,0,1,1,1,0,1,1,0,0,1,0,0.968
1,1,1,0,0,1,1,1,0,0,1,1,0,0,1,0,1,1,0,1,1,0,1,0,0,1,0.9651
1,1,1,1,0,0,1,0,0,1,1,0,0,1,1,1,0,1,1,0,1,1,0,0,0,1,0.9696
1,1,1,0,1,0,1,0,1,0,1,1,0,0,1,1,0,1,0,1,1,1,0,0,0,0,0.9658
1,1,1,1,0,0,1,1,0,0,1,0,0,1,1,1,0,1,0,1,1,0,0,1,1,1,0.9702
1,1,1,0,0,1,1,0,0,1,1,0,0,1,1,1,0,1,1,0,1,0,1,0,0,0,0.9693
1,1,1,1,0,0,1,1,0,0,1,0,1,0,1,1,0,1,1,0,1,1,0,0,0,0,0.9554
1,1,1,0,0,1,1,1,0,0,1,1,0,0,1,1,0,1,0,1,1,0,1,0,1,0,0.9655
1,1,1,0,1,0,1,0,1,0,1,1,0,0,1,1,0,1,1,0,1,1,0,0,0,0,0.9656
1,1,1,1,0,0,1,1,0,0,1,1,0,0,1,1,0,1,1,0,1,1,0,0,0,0,0.9656
1,1,1,1,0,0,1,0,0,1,1,0,0,1,1,1,0,1,1,0,1,1,0,0,1,0,0.9696
1,1,1,0,0,1,1,1,0,0,1,1,0,0,1,1,0,1,0,1,1,0,1,0,0,1,0.9655
1,1,1,0,0,1,1,1,0,0,1,0,0,1,1,1,0,1,0,1,1,0,1,0,0,1,0.9684
1,1,1,0,0,1,1,0,0,1,1,0,0,1,1,1,0,1,0,1,1,0,1,0,0,0,0.9684
1,1,1,1,0,0,1,0,0,1,1,0,1,0,1,1,0,1,1,0,1,1,0,0,1,0,0.9554
1,1,1,0,1,0,1,0,1,0,1,1,0,0,1,0,1,1,1,0,1,1,0,0,0,0,0.9638
1,1,1,0,0,1,1,0,0,1,1,0,0,1,1,1,0,1,0,1,1,1,0,0,0,0,0.9683
1,1,1,0,0,1,1,1,0,0,1,0,0,1,1,1,0,1,0,1,1,0,1,0,1,0,0.9684
1,1,1,0,0,1,1,0,0,1,1,0,0,1,1,0,1,1,0,1,1,0,0,1,1,1,0.9682
1,1,1,1,0,0,1,1,0,0,1,1,0,0,1,1,0,1,1,0,1,0,0,1,0,0,0.9664
1,1,1,1,0,0,1,0,0,1,1,0,1,0,1,1,0,1,1,0,1,1,0,0,0,1,0.9554
1,1,1,0,0,1,1,0,0,1,1,0,0,1,1,1,0,1,0,1,1,0,0,1,0,0,0.969
1,1,1,0,0,1,1,0,0,1,1,1,0,0,1,1,0,1,1,0,1,0,1,0,1,1,0.9661
1,1,1,0,0,1,1,1,0,0,1,0,0,1,1,0,1,1,0,1,1,0,1,0,1,0,0.9679
1,1,1,1,0,0,1,1,0,0,1,1,0,0,1,1,0,1,1,0,1,0,1,0,0,0,0.966
1,1,1,1,0,0,1,1,0,0,1,0,0,1,1,1,0,1,1,0,1,0,0,1,1,1,0.9697
1,1,1,1,0,0,1,1,0,0,1,0,0,1,1,1,0,1,1,0,1,0,1,0,0,0,0.9698
1,1,1,1,0,0,1,0,0,1,1,0,1,0,1,0,1,1,1,0,1,1,0,0,0,1,0.9543
1,1,1,0,0,1,1,0,0,1,1,1,0,0,1,1,0,1,0,1,1,0,0,1,0,0,0.9662
1,1,1,0,0,1,1,1,0,0,1,0,0,1,1,0,1,1,0,1,1,0,1,0,0,1,0.9679
1,1,1,0,0,1,1,0,0,1,1,1,0,0,1,1,0,1,0,1,1,1,0,0,0,0,0.9656
1,1,1,1,0,0,1,0,0,1,1,0,1,0,1,0,1,1,1,0,1,1,0,0,1,0,0.9543
1,1,1,1,0,0,1,0,0,1,1,0,1,0,1,0,1,1,0,1,1,1,0,0,1,0,0.9543
1,1,1,0,0,1,1,1,0,0,1,0,0,1,1,0,1,1,1,0,1,0,1,0,0,1,0.9679
1,1,1,0,0,1,1,0,0,1,1,1,0,0,1,1,0,1,0,1,1,0,1,0,1,1,0.9655
1,1,1,1,0,0,1,1,0,0,1,0,0,1,1,1,0,1,1,0,1,0,0,1,0,0,0.9697
1,1,1,0,0,1,1,1,0,0,1,0,0,1,1,0,1,1,1,0,1,0,1,0,1,0,0.9679
1,1,1,0,0,1,1,0,0,1,1,1,0,0,1,1,0,1,0,1,1,0,1,0,0,0,0.9655
1,1,1,0,0,1,1,0,0,1,1,1,0,0,1,0,1,1,0,1,1,0,1,0,1,1,0.9651
1,1,1,1,0,0,1,1,0,0,1,0,0,1,1,0,1,1,0,1,1,0,1,0,1,1,0.9682
1,1,1,1,0,0,1,1,0,0,1,1,0,0,1,1,0,1,1,0,1,0,0,1,1,1,0.9664
1,1,1,1,0,0,1,1,0,0,1,0,0,1,1,0,1,1,1,0,1,0,1,0,1,1,0.9682
1,1,1,1,0,0,1,0,0,1,1,0,1,0,1,0,1,1,0,1,1,1,0,0,0,1,0.9543
1,1,1,1,0,0,1,1,0,0,1,0,0,1,1,1,0,1,1,0,1,1,0,0,0,0,0.9696
1,1,1,1,0,0,1,0,0,1,1,0,1,0,1,1,0,1,0,1,1,1,0,0,0,1,0.9547
1,1,1,0,0,1,1,1,0,0,1,0,0,1,1,1,0,1,1,0,1,0,1,0,1,0,0.9693
1,1,1,0,0,1,1,1,0,0,1,0,0,1,1,1,0,1,1,0,1,0,1,0,0,1,0.9693
1,1,1,0,0,1,1,0,0,1,1,0,1,0,1,0,1,1,0,1,1,0,1,0,1,1,0.9603
1,1,1,1,0,0,1,1,0,0,1,0,0,1,1,0,1,1,0,1,1,0,0,1,0,0,0.9685
1,1,1,0,0,1,1,0,0,1,1,1,0,0,1,0,1,1,1,0,1,0,1,0,1,1,0.9651
1,1,1,0,0,1,1,0,0,1,1,1,0,0,1,1,0,1,1,0,1,1,0,0,1,1,0.9658
1,1,1,0,0,1,1,0,0,1,1,1,0,0,1,1,0,1,0,1,1,1,0,0,1,1,0.9656
1,1,1,1,0,0,1,0,0,1,1,0,1,0,1,1,0,1,0,1,1,1,0,0,1,0,0.9547
1,1,1,1,0,0,1,1,0,0,1,1,0,0,1,1,0,1,0,1,1,0,0,1,1,1,0.9665
1,1,1,0,0,1,1,0,0,1,1,1,0,0,1,1,0,1,1,0,1,0,1,0,0,0,0.9661
1,1,1,0,0,1,1,0,0,1,1,0,0,1,1,1,0,1,0,1,1,1,0,0,1,1,0.9683
1,1,1,1,0,0,1,1,0,0,1,0,0,1,1,1,0,1,0,1,1,1,0,0,0,0,0.9696
1,1,1,0,0,1,1,1,0,0,1,1,0,0,1,1,0,1,1,0,1,0,1,0,0,1,0.9661
1,1,1,0,0,1,1,0,0,1,1,1,0,0,1,1,0,1,1,0,1,1,0,0,0,0,0.9658
1,1,1,1,0,0,1,1,0,0,1,1,0,0,1,0,1,1,1,0,1,0,1,0,1,1,0.9639
1,1,1,1,0,0,1,1,0,0,1,0,0,1,1,0,1,1,0,1,1,1,0,0,0,0,0.968
1,1,1,1,0,0,1,0,0,1,1,0,0,1,1,1,0,1,0,1,1,1,0,0,1,0,0.9696
1,1,1,1,0,0,1,0,0,1,1,0,0,1,1,1,0,1,0,1,1,1,0,0,0,1,0.9696
1,1,1,1,0,0,1,1,0,0,1,1,0,0,1,0,1,1,0,1,1,0,1,0,1,1,0.9639
1,1,1,0,0,1,1,1,0,0,1,1,0,0,1,1,0,1,1,0,1,0,1,0,1,0,0.9661
1,1,1,0,0,1,1,0,0,1,1,0,0,1,1,1,0,1,1,0,1,1,0,0,1,1,0.9688
1,1,1,1,0,0,1,1,0,0,1,1,0,0,1,1,0,1,0,1,1,0,1,0,1,1,0.9663
1,1,1,0,0,1,1,0,0,1,1,0,0,1,1,0,1,1,1,0,1,1,0,0,1,1,0.9677
1,1,1,0,0,1,1,1,0,0,1,1,0,0,1,0,1,1,1,0,1,0,1,0,1,0,0.9651
1,1,1,0,0,1,1,0,0,1,1,1,0,0,1,1,0,1,1,0,1,0,0,1,0,0,0.9663
1,1,1,1,0,0,1,1,0,0,1,1,0,0,1,0,1,1,0,1,1,0,0,1,1,1,0.9647
1,1,1,0,0,1,1,0,0,1,1,1,0,0,1,0,1,1,1,0,1,0,0,1,0,0,0.9654
1,1,1,1,0,0,1,0,0,1,1,0,0,1,1,0,1,1,0,1,1,1,0,0,1,0,0.968
1,1,1,0,0,1,1,0,0,1,1,0,0,1,1,0,1,1,0,1,1,1,0,0,1,1,0.9677
1,1,1,1,0,0,1,1,0,0,1,0,0,1,1,0,1,1,0,1,1,0,1,0,0,0,0.9682
1,1,1,0,0,1,1,0,0,1,1,1,0,0,1,0,1,1,1,0,1,1,0,0,0,0,0.9647
1,1,1,1,0,0,1,0,0,1,1,0,0,1,1,0,1,1,0,1,1,1,0,0,0,1,0.968
1,1,1,1,0,0,1,1,0,0,1,0,0,1,1,0,1,1,1,0,1,0,1,0,0,0,0.9682
1,1,1,0,0,1,1,1,0,0,1,1,0,0,1,0,1,1,1,0,1,0,1,0,0,1,0.9651
1,1,1,0,0,1,1,1,0,0,1,0,1,0,1,0,1,1,1,0,1,0,1,0,0,1,0.9603
1,1,1,1,0,0,1,0,0,1,1,1,0,0,1,0,1,1,0,1,1,1,0,0,0,1,0.9639
1,1,1,0,0,1,1,0,0,1,1,1,0,0,1,0,1,1,0,1,1,1,0,0,1,1,0.9647
1,1,1,1,0,0,1,1,0,0,1,1,0,0,1,0,1,1,1,0,1,0,0,1,1,1,0.9647
1,1,1,0,0,1,1,0,0,1,1,0,0,1,1,1,0,1,1,0,1,0,1,0,1,1,0.9693
1,1,1,0,0,1,1,0,0,1,1,1,0,0,1,0,1,1,1,0,1,0,1,0,0,0,0.9651
1,1,1,1,0,0,1,1,0,0,1,1,0,0,1,1,0,1,1,0,1,0,1,0,1,1,0.966
1,1,1,0,0,1,1,0,0,1,1,1,0,0,1,0,1,1,1,0,1,1,0,0,1,1,0.9647
1,1,1,1,0,0,1,1,0,0,1,1,0,0,1,1,0,1,1,0,1,1,0,0,1,1,0.9656
1,1,1,1,0,0,1,1,0,0,1,0,0,1,1,1,0,1,0,1,1,0,0,1,0,0,0.9702
1,1,1,0,0,1,1,1,0,0,1,0,1,0,1,0,1,1,1,0,1,0,1,0,1,0,0.9603
1,1,1,0,0,1,1,0,0,1,1,0,0,1,1,1,0,1,0,1,1,0,1,0,1,1,0.9684
1,1,1,1,0,0,1,1,0,0,1,0,0,1,1,0,1,1,1,0,1,1,0,0,1,1,0.968
1,1,1,0,0,1,1,0,0,1,1,1,0,0,1,0,1,1,0,1,1,0,1,0,0,0,0.9651
1,1,1,1,0,0,1,0,0,1,1,1,0,0,1,0,1,1,0,1,1,1,0,0,1,0,0.9639
1,1,1,0,1,0,1,0,1,0,1,0,1,0,1,0,1,1,0,1,1,0,0,1,0,0,0.9487
1,1,1,0,1,0,1,0,1,0,1,0,1,0,1,0,1,1,1,0,1,1,0,0,0,0,0.9484
1,1,1,1,0,0,1,1,0,0,1,0,0,1,1,1,0,1,0,1,1,0,1,0,0,0,0.9697
1,1,1,1,0,0,1,1,0,0,1,0,0,1,1,0,1,1,0,1,1,1,0,0,1,1,0.968
1,1,1,1,0,0,1,1,0,0,1,1,0,0,1,0,1,1,1,0,1,1,0,0,1,1,0.9639
1,1,1,0,0,1,1,0,0,1,1,1,0,0,1,0,1,1,0,1,1,1,0,0,0,0,0.9647
1,1,1,1,0,0,1,1,0,0,1,0,0,1,1,0,1,1,1,0,1,1,0,0,0,0,0.968
1,1,1,0,0,1,1,0,0,1,1,0,0,1,1,0,1,1,1,0,1,0,0,1,1,1,0.9682
1,1,1,1,0,0,1,0,0,1,1,1,0,0,1,1,0,1,0,1,1,1,0,0,1,0,0.9662
1,1,1,0,1,0,1,0,1,0,1,0,1,0,1,0,1,1,1,0,1,0,0,1,0,0,0.9487
1,1,1,0,0,1,1,1,0,0,1,0,1,0,1,1,0,1,1,0,1,0,1,0,1,0,0.9616
1,1,1,0,0,1,1,0,0,1,1,1,0,0,1,0,1,1,0,1,1,0,0,1,0,0,0.9654
1,1,1,1,0,0,1,1,0,0,1,0,0,1,1,0,1,1,1,0,1,0,0,1,0,0,0.9685
1,1,1,0,1,0,1,0,1,0,1,0,1,0,1,1,0,1,1,0,1,0,1,0,1,1,0.9498
1,1,1,1,0,0,1,0,0,1,1,0,0,1,1,1,0,1,0,1,1,0,0,1,0,0,0.9702
1,1,1,0,1,0,1,0,1,0,1,0,1,0,1,1,0,1,0,1,1,0,1,0,1,1,0.9499
1,1,1,0,0,1,1,0,0,1,1,0,0,1,1,0,1,1,0,1,1,0,1,0,1,1,0.9679
1,1,1,0,1,0,1,0,1,0,1,0,1,0,1,0,1,1,0,1,1,1,0,0,0,0,0.9484
1,1,1,0,1,0,1,0,1,0,1,0,1,0,1,0,1,1,1,0,1,0,1,0,0,0,0.9486
1,1,1,0,0,1,1,1,0,0,1,0,1,0,1,1,0,1,1,0,1,0,1,0,0,1,0.9616
1,1,1,1,0,0,1,0,0,1,1,1,0,0,1,1,0,1,0,1,1,1,0,0,0,1,0.9662
1,1,1,1,0,0,1,1,0,0,1,1,0,0,1,0,1,1,0,1,1,1,0,0,1,1,0.9639
1,1,1,1,0,0,1,1,0,0,1,1,0,0,1,1,0,1,0,1,1,1,0,0,1,1,0.9662
1,1,1,0,0,1,1,0,0,1,1,0,0,1,1,0,1,1,1,0,1,0,1,0,1,1,0.9679
1,1,1,1,0,0,1,1,0,0,1,0,0,1,1,1,0,1,0,1,1,1,0,0,1,1,0.9696
1,1,1,1,0,0,1,0,0,1,1,0,0,1,1,1,0,1,0,1,1,1,0,0,0,0,0.9696
1,1,1,1,0,0,1,1,0,0,1,0,0,1,1,1,0,1,1,0,1,1,0,0,1,1,0.9696
1,1,1,0,0,1,1,0,0,1,1,0,1,0,1,0,1,1,1,0,1,0,1,0,1,1,0.9603
1,1,1,1,0,0,1,0,0,1,1,1,0,0,1,1,0,1,0,1,1,0,0,1,0,1,0.9665
1,1,1,0,0,1,1,1,0,0,1,1,0,0,1,0,1,1,1,0,1,0,1,0,0,0,0.9651
1,1,1,0,0,1,1,1,0,0,1,0,1,0,1,1,0,1,1,0,1,0,0,1,0,1,0.9614
1,1,1,0,1,0,1,0,1,0,1,0,1,0,1,1,0,1,0,1,1,0,0,1,0,0,0.9505
1,1,1,1,0,0,1,0,0,1,1,0,0,1,1,1,0,1,0,1,1,0,1,0,0,0,0.9697
1,1,1,1,0,0,1,0,0,1,1,1,0,0,1,1,0,1,0,1,1,0,0,1,1,0,0.9665
1,1,1,0,0,1,1,1,0,0,1,0,1,0,1,1,0,1,1,0,1,0,0,1,1,0,0.9614
1,1,1,0,0,1,1,1,0,0,1,1,0,0,1,1,0,1,1,0,1,1,0,0,0,0,0.9658
1,1,1,0,1,0,1,0,1,0,1,0,1,0,1,1,0,1,1,0,1,0,0,1,0,0,0.9506
1,1,1,0,1,0,1,0,1,0,1,0,1,0,1,0,1,1,0,1,1,0,1,0,0,0,0.9486
1,1,1,1,0,0,1,0,0,1,1,0,0,1,1,0,1,1,1,0,1,0,0,1,0,0,0.9685
1,1,1,0,1,0,1,0,1,0,1,0,1,0,1,1,0,1,0,1,1,1,0,0,0,0,0.9494
1,1,1,0,0,1,1,1,0,0,1,1,0,0,1,0,1,1,0,1,1,1,0,0,0,0,0.9647
1,1,1,0,0,1,1,1,0,0,1,0,1,0,1,0,1,1,1,0,1,0,0,1,1,0,0.9604
1,1,1,1,0,0,1,0,0,1,1,1,0,0,1,0,1,1,0,1,1,0,0,1,1,0,0.9647
1,1,1,0,0,1,1,1,0,0,1,0,1,0,1,0,1,1,1,0,1,0,0,1,0,1,0.9604
1,1,1,1,0,0,1,0,0,1,1,1,0,0,1,0,1,1,0,1,1,0,0,1,0,1,0.9647
1,1,1,0,0,1,1,1,0,0,1,1,0,0,1,0,1,1,1,0,1,0,0,1,0,1,0.9654
1,1,1,0,1,0,1,0,1,0,1,0,1,0,1,1,0,1,0,1,1,0,1,0,0,0,0.9499
1,1,1,1,0,0,1,0,0,1,1,0,0,1,1,0,1,1,0,1,1,0,0,1,0,1,0.9685
1,1,1,0,0,1,1,1,0,0,1,1,0,0,1,1,0,1,1,0,1,0,0,1,0,0,0.9663
1,1,1,0,0,1,1,1,0,0,1,1,0,0,1,0,1,1,1,0,1,0,0,1,1,0,0.9654
1,1,1,1,0,0,1,0,0,1,1,0,0,1,1,0,1,1,1,0,1,1,0,0,0,0,0.968
1,1,1,1,0,0,1,0,0,1,1,0,0,1,1,0,1,1,1,0,1,0,1,0,0,0,0.9682
1,1,1,0,0,1,1,1,0,0,1,1,0,0,1,0,1,1,1,0,1,0,0,1,0,0,0.9654
1,1,1,1,0,0,1,0,0,1,1,0,0,1,1,0,1,1,0,1,1,0,0,1,1,0,0.9685
1,1,1,1,0,0,1,0,0,1,1,0,0,1,1,1,0,1,0,1,1,0,0,1,0,1,0.9702
1,1,1,1,0,0,1,0,0,1,1,0,0,1,1,0,1,1,0,1,1,0,1,0,0,0,0.9682
1,1,1,0,1,0,1,0,1,0,1,0,1,0,1,1,0,1,1,0,1,1,0,0,0,0,0.9496
1,1,1,0,0,1,1,1,0,0,1,1,0,0,1,0,1,1,1,0,1,1,0,0,0,0,0.9647
1,1,1,0,0,1,1,1,0,0,1,1,0,0,1,1,0,1,1,0,1,0,0,1,0,1,0.9663
1,1,1,0,0,1,1,1,0,0,1,1,0,0,1,1,0,1,1,0,1,0,0,1,1,0,0.9663
1,1,1,1,0,0,1,0,0,1,1,0,0,1,1,1,0,1,0,1,1,0,0,1,1,0,0.9702
1,1,1,1,0,0,1,0,0,1,1,0,1,0,1,1,0,1,0,1,1,0,0,1,1,0,0.9549
1,1,1,0,0,1,1,1,0,0,1,1,0,0,1,0,1,1,0,1,1,0,0,1,0,0,0.9654
1,1,1,1,0,0,1,0,0,1,1,0,0,1,1,0,1,1,0,1,1,1,0,0,0,0,0.968
1,1,1,0,1,0,1,0,1,0,1,0,1,0,1,1,0,1,1,0,1,0,1,0,0,0,0.9498
1,1,1,1,0,0,1,0,0,1,1,0,0,1,1,0,1,1,0,1,1,0,0,1,0,0,0.9685
1,1,1,0,0,1,1,1,0,0,1,0,0,1,1,1,0,1,1,0,1,0,0,1,1,0,0.9698
1,1,1,0,0,1,1,1,0,0,1,1,0,0,1,0,1,1,0,1,1,0,1,0,0,0,0.9651
1,1,1,1,0,0,1,0,0,1,1,0,1,0,1,1,0,1,0,1,1,0,0,1,0,1,0.9549
1,1,1,0,0,1,1,1,0,0,1,0,0,1,1,1,0,1,1,0,1,0,0,1,0,1,0.9698
1,1,1,0,0,1,1,1,0,0,1,0,0,1,1,0,1,1,1,0,1,0,0,1,0,1,0.9682
1,1,1,1,0,0,1,0,0,1,1,0,1,0,1,0,1,1,0,1,1,0,0,1,0,1,0.9543
1,1,1,1,0,0,1,0,0,1,1,0,1,0,1,0,1,1,0,1,1,0,0,1,1,0,0.9543
1,1,1,0,0,1,1,1,0,0,1,0,0,1,1,0,1,1,1,0,1,0,0,1,1,0,0.9682
1,1,1,1,0,0,1,0,0,1,1,0,1,0,1,0,1,1,1,0,1,0,0,1,1,0,0.9543
1,1,1,0,0,1,1,1,0,0,1,0,0,1,1,0,1,1,0,1,1,0,0,1,1,0,0.9682
1,1,1,1,0,0,1,0,0,1,1,0,1,0,1,0,1,1,1,0,1,0,0,1,0,1,0.9543
1,1,1,0,0,1,1,1,0,0,1,0,0,1,1,0,1,1,0,1,1,0,0,1,0,1,0.9682
1,1,1,0,0,1,1,1,0,0,1,0,0,1,1,1,0,1,0,1,1,0,0,1,0,1,0.969
1,1,1,1,0,0,1,0,0,1,1,0,1,0,1,1,0,1,1,0,1,0,0,1,0,1,0.9552
1,1,1,1,0,0,1,0,0,1,1,0,1,0,1,1,0,1,1,0,1,0,0,1,1,0,0.9552
1,1,1,0,0,1,1,1,0,0,1,0,0,1,1,1,0,1,0,1,1,0,0,1,1,0,0.969
1,1,1,0,0,1,1,1,0,0,1,1,0,0,1,1,0,1,0,1,1,0,0,1,1,0,0.9662
1,1,1,1,0,0,1,0,0,1,1,0,0,1,1,1,0,1,1,0,1,0,0,1,1,0,0.9697
1,1,1,1,0,0,1,0,0,1,1,0,0,1,1,1,0,1,1,0,1,0,0,1,0,1,0.9697
1,1,1,0,0,1,1,1,0,0,1,1,0,0,1,1,0,1,0,1,1,0,0,1,0,1,0.9662
1,1,1,1,0,0,1,0,0,1,1,0,0,1,1,0,1,1,1,0,1,0,0,1,0,1,0.9685
1,1,1,0,0,1,1,1,0,0,1,1,0,0,1,0,1,1,0,1,1,0,0,1,0,1,0.9654
1,1,1,0,0,1,1,1,0,0,1,1,0,0,1,0,1,1,0,1,1,0,0,1,1,0,0.9654
1,1,1,1,0,0,1,0,0,1,1,0,0,1,1,0,1,1,1,0,1,0,0,1,1,0,0.9685
1,1,1,0,0,1,1,1,0,0,1,0,1,0,1,0,1,1,0,1,1,0,0,1,1,0,0.9604
1,1,1,1,0,0,1,0,0,1,1,1,0,0,1,0,1,1,1,0,1,0,0,1,1,0,0.9647
1,1,1,1,0,0,1,0,0,1,1,1,0,0,1,0,1,1,1,0,1,0,0,1,0,1,0.9647
1,1,1,0,0,1,1,1,0,0,1,0,1,0,1,0,1,1,0,1,1,0,0,1,0,1,0.9604
1,1,1,1,0,0,1,0,0,1,1,1,0,0,1,1,0,1,1,0,1,0,0,1,0,1,0.9664
1,1,1,0,0,1,1,1,0,0,1,0,1,0,1,1,0,1,0,1,1,0,0,1,0,1,0.9616
1,1,1,1,0,0,1,0,0,1,1,1,0,0,1,1,0,1,1,0,1,0,0,1,1,0,0.9664
1,1,1,0,0,1,1,1,0,0,1,0,1,0,1,1,0,1,0,1,1,0,0,1,1,0,0.9616
1,1,1,0,1,0,1,0,0,1,1,0,0,1,1,0,1,1,1,0,1,1,0,0,0,1,0.9684
1,1,1,0,1,0,1,0,0,1,1,0,0,1,1,0,1,1,1,0,1,1,0,0,1,0,0.9684
1,1,1,0,1,0,1,0,1,0,1,1,0,0,1,1,0,1,0,1,1,0,1,0,1,0,0.9664
1,1,1,0,0,1,1,1,0,0,1,0,1,0,1,1,0,1,0,1,1,1,0,0,1,0,0.9614
1,1,1,1,0,0,1,0,0,1,1,1,0,0,1,1,0,1,1,0,1,0,1,0,1,0,0.966
1,1,1,0,0,1,1,1,0,0,1,0,1,0,1,1,0,1,0,1,1,1,0,0,0,1,0.9614
1,1,1,1,0,0,1,0,0,1,1,1,0,0,1,1,0,1,1,0,1,0,1,0,0,1,0.966
1,1,1,1,0,0,1,0,0,1,1,1,0,0,1,0,1,1,1,0,1,0,1,0,0,1,0.9639
1,1,1,0,0,1,1,1,0,0,1,0,1,0,1,0,1,1,0,1,1,1,0,0,0,1,0.9599
1,1,1,1,0,0,1,0,0,1,1,1,0,0,1,0,1,1,1,0,1,0,1,0,1,0,0.9639
1,1,1,0,0,1,1,1,0,0,1,0,1,0,1,0,1,1,0,1,1,1,0,0,1,0,0.9599
1,1,1,1,0,0,1,0,0,1,1,0,0,1,1,0,1,1,1,0,1,0,1,0,1,0,0.9682
1,1,1,0,0,1,1,1,0,0,1,1,0,0,1,0,1,1,0,1,1,1,0,0,1,0,0.9647
1,1,1,1,0,0,1,0,0,1,1,0,0,1,1,0,1,1,1,0,1,0,1,0,0,1,0.9682
1,1,1,0,0,1,1,1,0,0,1,1,0,0,1,0,1,1,0,1,1,1,0,0,0,1,0.9647
1,1,1,0,0,1,1,1,0,0,1,1,0,0,1,1,0,1,0,1,1,1,0,0,0,1,0.9656
1,1,1,1,0,0,1,0,0,1,1,0,0,1,1,1,0,1,1,0,1,0,1,0,0,1,0.9698
1,1,1,1,0,0,1,0,0,1,1,0,0,1,1,1,0,1,1,0,1,0,1,0,1,0,0.9698
1,1,1,0,0,1,1,1,0,0,1,1,0,0,1,1,0,1,0,1,1,1,0,0,1,0,0.9656
1,1,1,0,0,1,1,1,0,0,1,0,0,1,1,1,0,1,0,1,1,1,0,0,1,0,0.9683
1,1,1,1,0,0,1,0,0,1,1,0,1,0,1,1,0,1,1,0,1,0,1,0,1,0,0.9553
1,1,1,1,0,0,1,0,0,1,1,0,1,0,1,1,0,1,1,0,1,0,1,0,0,1,0.9553
1,1,1,0,0,1,1,1,0,0,1,0,0,1,1,1,0,1,0,1,1,1,0,0,0,1,0.9683
1,1,1,0,0,1,1,1,0,0,1,0,0,1,1,0,1,1,0,1,1,1,0,0,0,1,0.9677
1,1,1,1,0,0,1,0,0,1,1,0,1,0,1,0,1,1,1,0,1,0,1,0,0,1,0.9547
1,1,1,0,0,1,1,1,0,0,1,0,0,1,1,0,1,1,0,1,1,1,0,0,1,0,0.9677
1,1,1,1,0,0,1,0,0,1,1,0,1,0,1,0,1,1,1,0,1,0,1,0,1,0,0.9547
1,1,1,0,0,1,1,1,0,0,1,0,0,1,1,0,1,1,1,0,1,1,0,0,1,0,0.9677
1,1,1,1,0,0,1,0,0,1,1,0,1,0,1,0,1,1,0,1,1,0,1,0,1,0,0.9547
1,1,1,0,0,1,1,1,0,0,1,0,0,1,1,0,1,1,1,0,1,1,0,0,0,1,0.9677
1,1,1,1,0,0,1,0,0,1,1,0,1,0,1,0,1,1,0,1,1,0,1,0,0,1,0.9547
1,1,1,1,0,0,1,0,0,1,1,0,1,0,1,1,0,1,0,1,1,0,1,0,0,1,0.955
1,1,1,0,0,1,1,1,0,0,1,0,0,1,1,1,0,1,1,0,1,1,0,0,0,1,0.9688
1,1,1,0,0,1,1,1,0,0,1,0,0,1,1,1,0,1,1,0,1,1,0,0,1,0,0.9688
1,1,1,0,1,0,1,0,1,0,1,1,0,0,1,1,0,1,1,0,1,1,0,0,0,1,0.9656
1,1,1,1,0,0,1,0,0,1,1,0,1,0,1,1,0,1,0,1,1,0,1,0,1,0,0.955
1,1,1,1,0,0,1,0,0,1,1,0,0,1,1,1,0,1,0,1,1,0,1,0,1,0,0.9697
1,1,1,0,0,1,1,1,0,0,1,1,0,0,1,1,0,1,1,0,1,1,0,0,1,0,0.9658
1,1,1,1,0,0,1,0,0,1,1,0,0,1,1,1,0,1,0,1,1,0,1,0,0,1,0.9697
1,1,1,0,1,0,1,0,1,0,1,1,0,0,1,1,0,1,1,0,1,1,0,0,1,0,0.9656
1,1,1,0,0,1,1,1,0,0,1,1,0,0,1,1,0,1,1,0,1,1,0,0,0,1,0.9658
1,1,1,0,0,1,1,1,0,0,1,1,0,0,1,0,1,1,1,0,1,1,0,0,0,1,0.9647
1,1,1,1,0,0,1,0,0,1,1,0,0,1,1,0,1,1,0,1,1,0,1,0,0,1,0.9682
1,1,1,0,0,1,1,1,0,0,1,1,0,0,1,0,1,1,1,0,1,1,0,0,1,0,0.9647
1,1,1,1,0,0,1,0,0,1,1,0,0,1,1,0,1,1,0,1,1,0,1,0,1,0,0.9682
1,1,1,0,1,0,1,0,1,0,1,0,1,0,1,1,0,1,1,0,1,1,0,0,0,1,0.9496
1,1,1,0,0,1,1,1,0,0,1,0,1,0,1,0,1,1,1,0,1,1,0,0,1,0,0.9599
1,1,1,1,0,0,1,0,0,1,1,1,0,0,1,0,1,1,0,1,1,0,1,0,1,0,0.9639
1,1,1,0,0,1,1,1,0,0,1,0,1,0,1,0,1,1,1,0,1,1,0,0,0,1,0.9599
1,1,1,1,0,0,1,0,0,1,1,1,0,0,1,0,1,1,0,1,1,0,1,0,0,1,0.9639
1,1,1,0,0,1,1,1,0,0,1,0,1,0,1,1,0,1,1,0,1,1,0,0,0,1,0.9612
1,1,1,1,0,0,1,0,0,1,1,1,0,0,1,1,0,1,0,1,1,0,1,0,0,1,0.9663
1,1,1,0,0,1,1,1,0,0,1,0,1,0,1,1,0,1,1,0,1,1,0,0,1,0,0.9612
1,1,1,1,0,0,1,0,0,1,1,1,0,0,1,1,0,1,0,1,1,0,1,0,1,0,0.9663
1,1,1,1,0,0,1,1,0,0,1,1,0,0,1,1,0,1,0,1,1,0,1,0,1,0,0.9663
1,1,1,0,0,1,1,0,1,0,1,1,0,0,1,1,0,1,1,0,1,1,0,0,1,0,0.9662
1,1,1,0,1,0,1,0,1,0,1,0,1,0,1,1,0,1,1,0,1,1,0,0,1,0,0.9496
1,1,1,1,0,0,1,1,0,0,1,0,1,0,1,1,0,1,1,0,1,1,0,0,1,0,0.9554
1,1,1,0,1,0,1,0,1,0,1,1,0,0,1,1,0,1,1,0,1,0,0,1,0,1,0.9664
1,1,1,0,0,1,1,0,1,0,1,1,0,0,1,1,0,1,1,0,1,1,0,0,0,1,0.9662
1,1,1,1,0,0,1,1,0,0,1,0,1,0,1,1,0,1,1,0,1,1,0,0,0,1,0.9554
1,1,1,0,1,0,1,0,1,0,1,1,0,0,1,1,0,1,1,0,1,0,0,1,1,0,0.9664
1,1,1,0,1,0,1,0,1,0,1,1,0,0,1,1,0,1,0,1,1,0,1,0,0,1,0.9664
1,1,1,0,1,0,1,0,1,0,1,1,0,0,1,0,1,1,0,1,1,0,1,0,0,1,0.9643
1,1,1,0,1,0,1,0,1,0,1,1,0,0,1,0,1,1,1,0,1,0,0,1,1,0,0.9649
1,1,1,1,0,0,1,1,0,0,1,1,0,0,1,1,0,1,0,1,1,0,1,0,0,1,0.9663
1,1,1,0,0,1,1,0,0,1,1,1,0,0,1,1,0,1,1,0,1,1,0,0,0,1,0.9658
1,1,1,0,1,0,1,0,1,0,1,1,0,0,1,0,1,1,1,0,1,0,0,1,0,1,0.9649
1,1,1,0,1,0,1,0,1,0,1,0,0,1,1,1,0,1,1,0,1,1,0,0,0,1,0.969
1,1,1,0,0,1,1,0,0,1,1,1,0,0,1,1,0,1,1,0,1,1,0,0,1,0,0.9658
1,1,1,0,1,0,1,0,1,0,1,0,1,0,1,0,1,1,1,0,1,1,0,0,1,0,0.9484
1,1,1,1,0,0,1,1,0,0,1,0,1,0,1,0,1,1,1,0,1,1,0,0,0,1,0.9543
1,1,1,1,0,0,1,1,0,0,1,1,0,0,1,0,1,1,0,1,1,0,1,0,0,1,0.9639
1,1,1,0,0,1,1,0,0,1,1,1,0,0,1,0,1,1,1,0,1,1,0,0,1,0,0.9647
1,1,1,0,1,0,1,0,1,0,1,0,0,1,1,1,0,1,1,0,1,1,0,0,1,0,0.969
1,1,1,0,1,0,1,0,1,0,1,0,0,1,1,0,1,1,1,0,1,0,0,1,0,1,0.969
1,1,1,0,0,1,1,0,0,1,1,0,1,0,1,1,0,1,0,1,1,0,1,0,0,1,0.9617
1,1,1,0,1,0,1,0,1,0,1,0,0,1,1,0,1,1,1,0,1,0,0,1,1,0,0.969
1,1,1,1,0,0,1,1,0,0,1,0,1,0,1,0,1,1,1,0,1,1,0,0,1,0,0.9543
1,1,1,0,0,1,1,0,0,1,1,0,1,0,1,1,0,1,0,1,1,0,1,0,1,0,0.9617
1,1,1,1,0,0,1,1,0,0,1,1,0,0,1,0,1,1,1,0,1,1,0,0,1,0,0.9639
1,1,1,0,1,0,1,0,1,0,1,0,0,1,1,1,0,1,1,0,1,0,0,1,1,0,0.9701
1,1,1,0,1,0,1,0,1,0,1,0,0,1,1,1,0,1,1,0,1,0,0,1,0,1,0.9701
1,1,1,1,0,0,1,1,0,0,1,1,0,0,1,0,1,1,1,0,1,1,0,0,0,1,0.9639
1,1,1,0,0,1,1,0,0,1,1,0,1,0,1,0,1,1,0,1,1,0,1,0,1,0,0.9603
1,1,1,0,0,1,1,0,0,1,1,1,0,0,1,0,1,1,1,0,1,1,0,0,0,1,0.9647
1,1,1,0,1,0,1,0,1,0,1,1,0,0,1,0,1,1,0,1,1,0,1,0,1,0,0.9643
1,1,1,1,0,0,1,1,0,0,1,1,0,0,1,0,1,1,0,1,1,0,1,0,1,0,0.9639
1,1,1,0,1,0,1,0,1,0,1,0,1,0,1,1,0,1,1,0,1,0,0,1,0,1,0.9506
1,1,1,1,0,0,1,1,0,0,1,0,0,1,1,0,1,1,0,1,1,0,1,0,1,0,0.9682
1,1,1,0,0,1,1,0,0,1,1,0,0,1,1,1,0,1,1,0,1,1,0,0,0,1,0.9688
1,1,1,0,1,0,1,0,1,0,1,0,1,0,1,1,0,1,1,0,1,0,0,1,1,0,0.9506
1,1,1,1,0,0,1,1,0,0,1,0,0,1,1,0,1,1,0,1,1,0,1,0,0,1,0.9682
1,1,1,0,1,0,1,0,1,0,1,0,1,0,1,0,1,1,1,0,1,0,0,1,1,0,0.9487
1,1,1,0,0,1,1,0,0,1,1,0,0,1,1,1,0,1,1,0,1,1,0,0,1,0,0.9688
1,1,1,1,0,0,1,1,0,0,1,0,0,1,1,0,1,1,1,0,1,1,0,0,0,1,0.968
1,1,1,0,0,1,1,0,0,1,1,0,1,0,1,0,1,1,0,1,1,0,1,0,0,1,0.9603
1,1,1,0,1,0,1,0,1,0,1,0,1,0,1,0,1,1,1,0,1,0,0,1,0,1,0.9487
1,1,1,0,0,1,1,0,0,1,1,0,1,0,1,1,0,1,1,0,1,1,0,0,1,0,0.9612
1,1,1,1,0,0,1,1,0,0,1,0,0,1,1,0,1,1,1,0,1,1,0,0,1,0,0.968
1,1,1,0,1,0,1,0,1,0,1,0,1,0,1,0,1,1,0,1,1,0,0,1,0,1,0.9487
1,1,1,0,1,0,1,0,1,0,1,0,0,1,1,0,1,1,0,1,1,0,1,0,1,0,0.9687
1,1,1,0,0,1,1,0,0,1,1,0,0,1,1,0,1,1,0,1,1,0,1,0,0,1,0.9679
1,1,1,0,1,0,1,0,1,0,1,0,1,0,1,0,1,1,0,1,1,0,0,1,1,0,0.9487
1,1,1,1,0,0,1,1,0,0,1,0,0,1,1,1,0,1,0,1,1,0,1,0,0,1,0.9697
1,1,1,1,0,0,1,1,0,0,1,0,0,1,1,1,0,1,0,1,1,0,1,0,1,0,0.9697
1,1,1,0,1,0,1,0,1,0,1,0,1,0,1,1,0,1,0,1,1,0,0,1,1,0,0.9505
1,1,1,0,0,1,1,0,0,1,1,0,0,1,1,0,1,1,0,1,1,0,1,0,1,0,0.9679
1,1,1,0,0,1,1,0,0,1,1,0,1,0,1,1,0,1,1,0,1,1,0,0,0,1,0.9612
1,1,1,1,0,0,1,1,0,0,1,0,1,0,1,1,0,1,0,1,1,0,1,0,1,0,0.955
1,1,1,0,1,0,1,0,1,0,1,0,1,0,1,1,0,1,0,1,1,0,0,1,0,1,0.9505
1,1,1,0,1,0,1,0,1,0,1,0,0,1,1,1,0,1,0,1,1,0,0,1,0,1,0.97
1,1,1,0,0,1,1,0,0,1,1,0,0,1,1,1,0,1,0,1,1,0,1,0,1,0,0.9684
1,1,1,1,0,0,1,1,0,0,1,0,0,1,1,1,0,1,1,0,1,1,0,0,1,0,0.9696
1,1,1,0,0,1,1,0,0,1,1,0,0,1,1,1,0,1,0,1,1,0,1,0,0,1,0.9684
1,1,1,0,1,0,1,0,1,0,1,0,0,1,1,1,0,1,0,1,1,0,0,1,1,0,0.97
1,1,1,1,0,0,1,1,0,0,1,0,1,0,1,1,0,1,0,1,1,0,1,0,0,1,0.955
1,1,1,1,0,0,1,1,0,0,1,0,0,1,1,1,0,1,1,0,1,1,0,0,0,1,0.9696
1,1,1,0,0,1,1,0,0,1,1,0,1,0,1,0,1,1,1,0,1,1,0,0,0,1,0.9599
1,1,1,0,1,0,1,0,1,0,1,0,0,1,1,0,1,1,0,1,1,0,0,1,1,0,0.969
1,1,1,1,0,0,1,1,0,0,1,1,0,0,1,1,0,1,1,0,1,1,0,0,0,1,0.9656
1,1,1,0,1,0,1,0,1,0,1,0,0,1,1,0,1,1,0,1,1,0,0,1,0,1,0.969
1,1,1,0,0,1,1,0,0,1,1,1,0,0,1,1,0,1,0,1,1,0,1,0,0,1,0.9655
1,1,1,0,1,0,1,0,1,0,1,1,0,0,1,0,1,1,0,1,1,0,0,1,0,1,0.9649
1,1,1,0,0,1,1,0,0,1,1,1,0,0,1,1,0,1,0,1,1,0,1,0,1,0,0.9655
1,1,1,1,0,0,1,1,0,0,1,1,0,0,1,1,0,1,1,0,1,1,0,0,1,0,0.9656
1,1,1,0,1,0,1,0,1,0,1,1,0,0,1,0,1,1,0,1,1,0,0,1,1,0,0.9649
1,1,1,0,0,1,1,0,0,1,1,1,0,0,1,0,1,1,0,1,1,0,1,0,1,0,0.9651
1,1,1,1,0,0,1,1,0,0,1,0,1,0,1,0,1,1,0,1,1,0,1,0,0,1,0.9547
1,1,1,1,0,0,1,1,0,0,1,1,0,0,1,1,0,1,0,1,1,1,0,0,1,0,0.9662
1,1,1,0,1,0,1,0,1,0,1,1,0,0,1,1,0,1,0,1,1,0,0,1,1,0,0.9671
1,1,1,0,0,1,1,0,0,1,1,1,0,0,1,0,1,1,0,1,1,0,1,0,0,1,0.9651
1,1,1,0,0,1,1,0,0,1,1,1,0,0,1,0,1,1,1,0,1,0,1,0,0,1,0.9651
1,1,1,1,0,0,1,1,0,0,1,0,1,0,1,0,1,1,0,1,1,0,1,0,1,0,0.9547
1,1,1,0,1,0,1,0,1,0,1,1,0,0,1,1,0,1,0,1,1,0,0,1,0,1,0.9671
1,1,1,0,0,1,1,0,0,1,1,1,0,0,1,0,1,1,1,0,1,0,1,0,1,0,0.9651
1,1,1,0,0,1,1,0,0,1,1,0,1,0,1,0,1,1,0,1,1,0,0,1,0,1,0.9604
1,1,1,1,0,0,1,1,0,0,1,1,0,0,1,0,1,1,0,1,1,1,0,0,1,0,0.9639
1,1,1,1,0,0,1,1,0,0,1,0,1,0,1,0,1,1,1,0,1,0,1,0,1,0,0.9547
1,1,1,0,0,1,1,0,0,1,1,0,1,0,1,0,1,1,0,1,1,0,0,1,1,0,0.9604
1,1,1,1,0,0,1,1,0,0,1,0,0,1,1,0,1,1,1,0,1,0,1,0,1,0,0.9682
1,1,1,0,0,1,1,0,0,1,1,0,1,0,1,1,0,1,0,1,1,0,0,1,1,0,0.9616
1,1,1,1,0,0,1,1,0,0,1,1,0,0,1,0,1,1,1,0,1,0,1,0,1,0,0.9639
1,1,1,0,0,1,1,0,0,1,1,0,1,0,1,1,0,1,0,1,1,0,0,1,0,1,0.9616
1,1,1,0,0,1,1,0,0,1,1,1,0,0,1,1,0,1,0,1,1,0,0,1,0,1,0.9662
1,1,1,1,0,0,1,1,0,0,1,0,0,1,1,0,1,1,0,1,1,1,0,0,1,0,0.968
1,1,1,0,0,1,1,0,0,1,1,1,0,0,1,1,0,1,0,1,1,0,0,1,1,0,0.9662
1,1,1,1,0,0,1,1,0,0,1,0,1,0,1,0,1,1,0,1,1,1,0,0,1,0,0.9543
1,1,1,0,0,1,1,0,0,1,1,1,0,0,1,0,1,1,0,1,1,0,0,1,1,0,0.9654
1,1,1,0,1,0,1,0,1,0,1,0,0,1,1,0,1,1,1,0,1,1,0,0,1,0,0.9682
1,1,1,1,0,0,1,1,0,0,1,0,1,0,1,1,0,1,0,1,1,1,0,0,1,0,0.9547
1,1,1,0,0,1,1,0,0,1,1,1,0,0,1,0,1,1,0,1,1,0,0,1,0,1,0.9654
1,1,1,1,0,0,1,1,0,0,1,0,0,1,1,1,0,1,0,1,1,1,0,0,1,0,0.9696
1,1,1,0,1,0,1,0,1,0,1,0,0,1,1,0,1,1,1,0,1,1,0,0,0,1,0.9682
1,1,1,1,0,0,1,1,0,0,1,1,0,0,1,1,0,1,0,1,1,1,0,0,0,1,0.9662
1,1,1,0,0,1,1,0,0,1,1,0,0,1,1,0,1,1,0,1,1,0,0,1,0,1,0.9682
1,1,1,0,1,0,1,0,1,0,1,0,1,0,1,0,1,1,1,0,1,1,0,0,0,1,0.9484
1,1,1,1,0,0,1,1,0,0,1,1,0,0,1,0,1,1,0,1,1,1,0,0,0,1,0.9639
1,1,1,0,1,0,1,0,1,0,1,0,1,0,1,0,1,1,0,1,1,1,0,0,0,1,0.9484
1,1,1,0,0,1,1,0,0,1,1,0,0,1,1,0,1,1,0,1,1,0,0,1,1,0,0.9682
1,1,1,0,1,0,1,0,1,0,1,0,0,1,1,0,1,1,0,1,1,0,1,0,0,1,0.9687
1,1,1,0,1,0,1,0,1,0,1,0,1,0,1,0,1,1,0,1,1,1,0,0,1,0,0.9484
1,1,1,1,0,0,1,1,0,0,1,1,0,0,1,1,0,1,1,0,1,0,1,0,1,0,0.966
1,1,1,0,0,1,1,0,0,1,1,0,0,1,1,1,0,1,0,1,1,0,0,1,1,0,0.969
1,1,1,0,1,0,1,0,1,0,1,0,1,0,1,1,0,1,0,1,1,1,0,0,1,0,0.9494
1,1,1,1,0,0,1,1,0,0,1,0,0,1,1,1,0,1,0,1,1,1,0,0,0,1,0.9696
1,1,1,0,1,0,1,0,1,0,1,0,0,1,1,1,0,1,0,1,1,0,1,0,0,1,0.9698
1,1,1,0,0,1,1,0,0,1,1,0,0,1,1,1,0,1,0,1,1,0,0,1,0,1,0.969
1,1,1,0,1,0,1,0,1,0,1,0,0,1,1,1,0,1,0,1,1,0,1,0,1,0,0.9698
1,1,1,0,1,0,1,0,1,0,1,0,1,0,1,1,0,1,0,1,1,1,0,0,0,1,0.9494
1,1,1,1,0,0,1,1,0,0,1,0,0,1,1,0,1,1,0,1,1,1,0,0,0,1,0.968
1,1,1,0,0,1,1,0,0,1,1,0,0,1,1,1,0,1,1,0,1,0,0,1,1,0,0.9698
1,1,1,0,1,0,1,0,1,0,1,0,1,0,1,1,0,1,0,1,1,0,1,0,1,0,0.9499
1,1,1,0,0,1,1,0,0,1,1,0,0,1,1,1,0,1,1,0,1,0,0,1,0,1,0.9698
1,1,1,1,0,0,1,1,0,0,1,0,1,0,1,0,1,1,0,1,1,1,0,0,0,1,0.9543
1,1,1,0,1,0,1,0,1,0,1,0,1,0,1,1,0,1,0,1,1,0,1,0,0,1,0.9499
1,1,1,0,0,1,1,0,0,1,1,0,0,1,1,0,1,1,1,0,1,0,0,1,1,0,0.9682
1,1,1,1,0,0,1,1,0,0,1,0,1,0,1,1,0,1,0,1,1,1,0,0,0,1,0.9547
1,1,1,1,0,0,1,1,0,0,1,0,1,0,1,1,0,1,1,0,1,0,1,0,1,0,0.9553
1,1,1,0,0,1,1,0,0,1,1,0,1,0,1,0,1,1,1,0,1,0,0,1,1,0,0.9604
1,1,1,1,0,0,1,1,0,0,1,0,1,0,1,1,0,1,1,0,1,0,1,0,0,1,0.9553
1,1,1,0,0,1,1,0,0,1,1,0,1,0,1,0,1,1,1,0,1,0,0,1,0,1,0.9604
1,1,1,0,1,0,1,0,1,0,1,1,0,0,1,0,1,1,1,0,1,1,0,0,1,0,0.9638
1,1,1,1,0,0,1,1,0,0,1,0,0,1,1,1,0,1,1,0,1,0,1,0,0,1,0.9698
1,1,1,0,0,1,1,0,0,1,1,0,1,0,1,1,0,1,1,0,1,0,0,1,0,1,0.9614
1,1,1,1,0,0,1,1,0,0,1,0,0,1,1,1,0,1,1,0,1,0,1,0,1,0,0.9698
1,1,1,0,0,1,1,0,0,1,1,0,1,0,1,1,0,1,1,0,1,0,0,1,1,0,0.9614
1,1,1,0,1,0,1,0,1,0,1,1,0,0,1,0,1,1,1,0,1,1,0,0,0,1,0.9638
1,1,1,0,1,0,1,0,1,0,1,0,1,0,1,0,1,1,0,1,1,0,1,0,0,1,0.9486
1,1,1,1,0,0,1,1,0,0,1,1,0,0,1,1,0,1,1,0,1,0,0,1,0,1,0.9664
1,1,1,0,0,1,1,0,0,1,1,0,1,0,1,0,1,1,1,0,1,1,0,0,1,0,0.9599
1,1,1,0,1,0,1,0,1,0,1,1,0,0,1,0,1,1,0,1,1,1,0,0,0,1,0.9638
1,1,1,0,1,0,1,0,1,0,1,0,1,0,1,0,1,1,0,1,1,0,1,0,1,0,0.9486
1,1,1,0,0,1,1,0,0,1,1,1,0,0,1,1,0,1,1,0,1,0,0,1,1,0,0.9663
1,1,1,1,0,0,1,1,0,0,1,1,0,0,1,1,0,1,1,0,1,0,1,0,0,1,0.966
1,1,1,1,0,0,1,1,0,0,1,1,0,0,1,1,0,1,0,1,1,0,0,1,0,1,0.9665
1,1,1,1,0,0,1,1,0,0,1,1,0,0,1,1,0,1,1,0,1,0,0,1,1,0,0.9664
1,1,1,0,1,0,1,0,1,0,1,0,1,0,1,0,1,1,1,0,1,0,1,0,1,0,0.9486
1,1,1,0,0,1,1,0,0,1,1,0,1,0,1,0,1,1,0,1,1,1,0,0,1,0,0.9599
1,1,1,0,1,0,1,0,1,0,1,0,1,0,1,0,1,1,1,0,1,0,1,0,0,1,0.9486
1,1,1,0,0,1,1,0,0,1,1,1,0,0,1,1,0,1,1,0,1,0,0,1,0,1,0.9663
1,1,1,1,0,0,1,1,0,0,1,1,0,0,1,1,0,1,0,1,1,0,0,1,1,0,0.9665
1,1,1,0,1,0,1,0,1,0,1,0,0,1,1,0,1,1,0,1,1,1,0,0,0,1,0.9682
1,1,1,0,0,1,1,0,0,1,1,0,1,0,1,0,1,1,0,1,1,1,0,0,0,1,0.9599
1,1,1,0,1,0,1,0,1,0,1,0,1,0,1,1,0,1,1,0,1,0,1,0,0,1,0.9498
1,1,1,1,0,0,1,1,0,0,1,1,0,0,1,0,1,1,0,1,1,0,0,1,0,1,0.9647
1,1,1,0,1,0,1,0,1,0,1,0,0,1,1,1,0,1,0,1,1,1,0,0,0,1,0.9695
1,1,1,0,1,0,1,0,1,0,1,0,1,0,1,1,0,1,1,0,1,0,1,0,1,0,0.9498
1,1,1,0,0,1,1,0,0,1,1,1,0,0,1,1,0,1,1,0,1,0,1,0,1,0,0.9661
1,1,1,1,0,0,1,1,0,0,1,1,0,0,1,0,1,1,1,0,1,0,0,1,0,1,0.9647
1,1,1,0,1,0,1,0,1,0,1,0,0,1,1,1,0,1,0,1,1,1,0,0,1,0,0.9695
1,1,1,1,0,0,1,1,0,0,1,1,0,0,1,0,1,1,1,0,1,0,0,1,1,0,0.9647
1,1,1,0,0,1,1,0,0,1,1,1,0,0,1,1,0,1,1,0,1,0,1,0,0,1,0.9661
1,1,1,0,1,0,1,0,1,0,1,0,0,1,1,1,0,1,1,0,1,0,1,0,1,0,0.9696
1,1,1,0,0,1,1,0,0,1,1,0,1,0,1,1,0,1,0,1,1,1,0,0,0,1,0.9614
1,1,1,1,0,0,1,1,0,0,1,0,1,0,1,0,1,1,1,0,1,0,0,1,1,0,0.9543
1,1,1,0,1,0,1,0,1,0,1,0,0,1,1,1,0,1,1,0,1,0,1,0,0,1,0.9696
1,1,1,1,0,0,1,1,0,0,1,0,0,1,1,1,0,1,0,1,1,0,0,1,0,1,0.9702
1,1,1,0,0,1,1,0,0,1,1,0,1,0,1,1,0,1,0,1,1,1,0,0,1,0,0.9614
1,1,1,0,1,0,1,0,1,0,1,0,0,1,1,0,1,1,1,0,1,0,1,0,0,1,0.9687
1,1,1,0,0,1,1,0,0,1,1,0,0,1,1,1,0,1,0,1,1,1,0,0,1,0,0.9683
1,1,1,1,0,0,1,1,0,0,1,0,1,0,1,1,0,1,1,0,1,0,0,1,1,0,0.9552
1,1,1,1,0,0,1,1,0,0,1,0,0,1,1,1,0,1,1,0,1,0,0,1,1,0,0.9697
1,1,1,0,0,1,1,0,0,1,1,0,0,1,1,1,0,1,1,0,1,0,1,0,0,1,0.9693
1,1,1,1,0,0,1,1,0,0,1,0,0,1,1,1,0,1,1,0,1,0,0,1,0,1,0.9697
1,1,1,0,0,1,1,0,0,1,1,0,0,1,1,1,0,1,0,1,1,1,0,0,0,1,0.9683
1,1,1,0,1,0,1,0,1,0,1,0,0,1,1,0,1,1,1,0,1,0,1,0,1,0,0.9687
1,1,1,0,0,1,1,0,0,1,1,0,0,1,1,0,1,1,0,1,1,1,0,0,0,1,0.9677
1,1,1,0,1,0,1,0,1,0,1,1,0,0,1,0,1,1,0,1,1,1,0,0,1,0,0.9638
1,1,1,1,0,0,1,1,0,0,1,0,1,0,1,1,0,1,1,0,1,0,0,1,0,1,0.9552
1,1,1,0,1,0,1,0,1,0,1,1,0,0,1,1,0,1,0,1,1,1,0,0,1,0,0.9658
1,1,1,0,0,1,1,0,0,1,1,0,0,1,1,1,0,1,1,0,1,0,1,0,1,0,0.9693
1,1,1,1,0,0,1,1,0,0,1,0,0,1,1,0,1,1,1,0,1,0,0,1,1,0,0.9685
1,1,1,0,0,1,1,0,0,1,1,0,0,1,1,0,1,1,1,0,1,0,1,0,1,0,0.9679
1,1,1,1,0,0,1,1,0,0,1,0,0,1,1,0,1,1,1,0,1,0,0,1,0,1,0.9685
1,1,1,0,1,0,1,0,1,0,1,1,0,0,1,1,0,1,0,1,1,1,0,0,0,1,0.9658
1,1,1,0,1,0,1,0,1,0,1,1,0,0,1,1,0,1,1,0,1,0,1,0,0,1,0.9659
1,1,1,1,0,0,1,1,0,0,1,0,1,0,1,1,0,1,0,1,1,0,0,1,0,1,0.9549
1,1,1,0,0,1,1,0,0,1,1,0,0,1,1,0,1,1,0,1,1,1,0,0,1,0,0.9677
1,1,1,0,1,0,1,0,1,0,1,1,0,0,1,1,0,1,1,0,1,0,1,0,1,0,0.9659
1,1,1,1,0,0,1,1,0,0,1,1,0,0,1,0,1,1,1,0,1,0,1,0,0,1,0.9639
1,1,1,0,0,1,1,0,0,1,1,0,0,1,1,0,1,1,1,0,1,0,1,0,0,1,0.9679
1,1,1,1,0,0,1,1,0,0,1,0,1,0,1,0,1,1,1,0,1,0,0,1,0,1,0.9543
1,1,1,0,0,1,1,0,0,1,1,1,0,0,1,0,1,1,0,1,1,1,0,0,1,0,0.9647
1,1,1,0,0,1,1,0,0,1,1,1,0,0,1,0,1,1,0,1,1,1,0,0,0,1,0.9647
1,1,1,1,0,0,1,1,0,0,1,0,1,0,1,0,1,1,1,0,1,0,1,0,0,1,0.9547
1,1,1,0,0,1,1,0,0,1,1,1,0,0,1,0,1,1,1,0,1,0,0,1,0,1,0.9654
1,1,1,1,0,0,1,1,0,0,1,1,0,0,1,0,1,1,0,1,1,0,0,1,1,0,0.9647
1,1,1,1,0,0,1,1,0,0,1,0,0,1,1,0,1,1,1,0,1,0,1,0,0,1,0.9682
1,1,1,0,0,1,1,0,0,1,1,0,1,0,1,0,1,1,1,0,1,0,1,0,0,1,0.9603
1,1,1,0,0,1,1,0,0,1,1,1,0,0,1,0,1,1,1,0,1,0,0,1,1,0,0.9654
1,1,1,1,0,0,1,1,0,0,1,0,1,0,1,0,1,1,0,1,1,0,0,1,0,1,0.9543
1,1,1,0,0,1,1,0,0,1,1,0,1,0,1,0,1,1,1,0,1,0,1,0,1,0,0.9603
1,1,1,1,0,0,1,1,0,0,1,0,1,0,1,0,1,1,0,1,1,0,0,1,1,0,0.9543
1,1,1,1,0,0,1,1,0,0,1,0,1,0,1,1,0,1,0,1,1,0,0,1,1,0,0.9549
1,1,1,0,0,1,1,0,0,1,1,0,1,0,1,1,0,1,1,0,1,0,1,0,1,0,0.9616
1,1,1,0,1,0,1,0,1,0,1,1,0,0,1,0,1,1,1,0,1,0,1,0,1,0,0.9643
1,1,1,0,0,1,1,0,0,1,1,0,1,0,1,1,0,1,1,0,1,0,1,0,0,1,0.9616
1,1,1,1,0,0,1,1,0,0,1,0,0,1,1,1,0,1,0,1,1,0,0,1,1,0,0.9702
1,1,1,0,1,0,1,0,1,0,1,1,0,0,1,0,1,1,1,0,1,0,1,0,0,1,0.9643
1,1,1,0,0,1,1,0,0,1,1,1,0,0,1,1,0,1,0,1,1,1,0,0,0,1,0.9656
1,1,1,1,0,0,1,1,0,0,1,0,0,1,1,0,1,1,0,1,1,0,0,1,0,1,0.9685
1,1,1,1,0,0,1,1,0,0,1,0,0,1,1,0,1,1,0,1,1,0,0,1,1,0,0.9685
1,1,1,0,0,1,1,0,0,1,1,1,0,0,1,1,0,1,0,1,1,1,0,0,1,0,0.9656
