sgd,average,early_stopping,fit_intercept,loss,epsilon_insensitive,hinge,huber,log_loss,modified_huber,perceptron,squared_error,penalty,elasticnet,l1,l2,None,shuffle,warm_start,Performance,None$$warm_start,average$$early_stopping,average$$huber,average$$modified_huber,early_stopping$$fit_intercept,early_stopping$$huber,early_stopping$$modified_huber$$shuffle,early_stopping$$shuffle,elasticnet$$huber,elasticnet$$squared_error,fit_intercept$$squared_error,hinge$$shuffle,l1$$log_loss,l1$$modified_huber,l2$$modified_huber,l2$$perceptron,modified_huber$$shuffle,perceptron$$warm_start,shuffle$$squared_error,shuffle$$warm_start,Performance Prediction
1,0,0,0,1,0,0,1,0,0,0,0,1,0,0,0,1,0,0,0.8973,0,0,0,0,0,0,0,0,0,0,0,0,0,0,0,0,0,0,0,0,0.6286
1,1,1,1,1,0,0,0,0,0,1,0,1,0,1,0,0,1,1,0.0988,0,1,0,0,1,0,0,1,0,0,0,0,0,0,0,0,0,1,0,1,0.1039
1,1,0,1,1,0,0,0,1,0,0,0,1,0,1,0,0,1,1,0.3237,0,0,0,0,0,0,0,0,0,0,0,0,1,0,0,0,0,0,0,1,0.7485
1,0,0,1,1,0,0,0,1,0,0,0,1,1,0,0,0,1,0,0.9157,0,0,0,0,0,0,0,0,0,0,0,0,0,0,0,0,0,0,0,0,0.7463
1,0,0,0,1,0,0,0,0,0,0,1,1,0,1,0,0,0,0,0.7414,0,0,0,0,0,0,0,0,0,0,0,0,0,0,0,0,0,0,0,0,0.8071
1,1,1,1,1,0,0,0,0,0,0,1,1,1,0,0,0,1,1,0.8875,0,1,0,0,1,0,0,1,0,1,1,0,0,0,0,0,0,0,1,1,1.0121
1,1,1,1,1,0,0,0,1,0,0,0,1,1,0,0,0,1,1,0.8751,0,1,0,0,1,0,0,1,0,0,0,0,0,0,0,0,0,0,0,1,0.6722
1,0,0,0,1,0,0,1,0,0,0,0,1,0,1,0,0,1,1,0.405,0,0,0,0,0,0,0,0,0,0,0,0,0,0,0,0,0,0,0,1,0.4419
1,0,0,0,1,0,0,1,0,0,0,0,1,0,0,1,0,1,1,0.9108,0,0,0,0,0,0,0,0,0,0,0,0,0,0,0,0,0,0,0,1,0.3945
1,0,0,0,1,0,0,0,0,0,0,1,1,0,0,0,1,1,1,0.9179,1,0,0,0,0,0,0,0,0,0,0,0,0,0,0,0,0,0,1,1,0.9156
1,1,1,1,1,0,0,0,0,0,1,0,1,0,0,0,1,1,1,0.9093,1,1,0,0,1,0,0,1,0,0,0,0,0,0,0,0,0,1,0,1,0.3312
1,1,1,0,1,0,0,1,0,0,0,0,1,1,0,0,0,1,1,0.9055,0,1,1,0,0,1,0,1,1,0,0,0,0,0,0,0,0,0,0,1,0.7708
1,0,0,0,1,0,1,0,0,0,0,0,1,0,0,1,0,1,0,0.6507,0,0,0,0,0,0,0,0,0,0,0,1,0,0,0,0,0,0,0,0,0.177
1,0,1,0,1,0,0,0,1,0,0,0,1,1,0,0,0,1,0,0.2378,0,0,0,0,0,0,0,1,0,0,0,0,0,0,0,0,0,0,0,0,0.6007
1,0,0,0,1,0,0,0,0,0,0,1,1,0,0,1,0,0,0,0.8998,0,0,0,0,0,0,0,0,0,0,0,0,0,0,0,0,0,0,0,0,0.7596
1,1,1,1,1,0,0,0,0,0,1,0,1,0,0,1,0,1,1,0.1005,0,1,0,0,1,0,0,1,0,0,0,0,0,0,0,1,0,1,0,1,0.7738
1,0,0,0,1,0,0,0,1,0,0,0,1,0,0,1,0,0,0,0.9024,0,0,0,0,0,0,0,0,0,0,0,0,0,0,0,0,0,0,0,0,0.7968
1,0,0,0,1,1,0,0,0,0,0,0,1,0,0,1,0,0,0,0.9062,0,0,0,0,0,0,0,0,0,0,0,0,0,0,0,0,0,0,0,0,0.7968
1,0,0,0,1,0,0,0,0,0,1,0,1,0,0,1,0,0,0,0.9078,0,0,0,0,0,0,0,0,0,0,0,0,0,0,0,1,0,0,0,0,1.3597
1,0,0,0,1,0,1,0,0,0,0,0,1,0,0,1,0,0,0,0.9038,0,0,0,0,0,0,0,0,0,0,0,0,0,0,0,0,0,0,0,0,0.7968
1,1,1,1,1,0,1,0,0,0,0,0,1,1,0,0,0,1,1,0.8974,0,1,0,0,1,0,0,1,0,0,0,1,0,0,0,0,0,0,0,1,0.1029
1,0,0,1,1,0,0,0,0,0,0,1,1,0,1,0,0,1,1,0.0971,0,0,0,0,0,0,0,0,0,0,1,0,0,0,0,0,0,0,1,1,0.7894
1,1,0,1,1,0,1,0,0,0,0,0,1,0,1,0,0,1,1,0.9131,0,0,0,0,0,0,0,0,0,0,0,1,0,0,0,0,0,0,0,1,0.055
1,1,1,0,1,0,0,1,0,0,0,0,1,0,0,1,0,1,1,0.9058,0,1,1,0,0,1,0,1,0,0,0,0,0,0,0,0,0,0,0,1,0.8961
1,0,0,0,1,0,0,0,0,1,0,0,1,0,0,1,0,0,0,0.9058,0,0,0,0,0,0,0,0,0,0,0,0,0,0,1,0,0,0,0,0,0.7626
1,0,1,0,1,0,0,1,0,0,0,0,1,0,0,0,1,1,1,0.0964,1,0,0,0,0,1,0,1,0,0,0,0,0,0,0,0,0,0,0,1,1.2448
1,1,1,0,1,0,0,1,0,0,0,0,1,0,0,0,1,1,1,0.0826,1,1,1,0,0,1,0,1,0,0,0,0,0,0,0,0,0,0,0,1,1.171
1,1,0,1,1,0,0,0,0,0,1,0,1,0,1,0,0,1,1,0.9103,0,0,0,0,0,0,0,0,0,0,0,0,0,0,0,0,0,1,0,1,0.0085
1,0,0,0,1,1,0,0,0,0,0,0,1,0,0,0,1,1,1,0.1915,1,0,0,0,0,0,0,0,0,0,0,0,0,0,0,0,0,0,0,1,0.8517
1,1,1,1,1,0,0,0,0,1,0,0,1,1,0,0,0,1,1,0.1037,0,1,0,1,1,0,1,1,0,0,0,0,0,0,0,0,1,0,0,1,0.8323
1,0,0,0,1,0,1,0,0,0,0,0,1,0,0,0,1,1,1,0.3119,1,0,0,0,0,0,0,0,0,0,0,1,0,0,0,0,0,0,0,1,0.2823
1,0,0,0,1,0,0,0,0,1,0,0,1,0,0,0,1,1,1,0.3836,1,0,0,0,0,0,0,0,0,0,0,0,0,0,0,0,1,0,0,1,1.1799
1,0,0,0,1,0,0,1,0,0,0,0,1,0,1,0,0,1,0,0.8999,0,0,0,0,0,0,0,0,0,0,0,0,0,0,0,0,0,0,0,0,0.6114
1,1,1,1,1,0,0,1,0,0,0,0,1,1,0,0,0,1,1,0.8875,0,1,1,0,1,1,0,1,1,0,0,0,0,0,0,0,0,0,0,1,0.7038
1,0,1,0,1,0,0,0,0,0,1,0,1,0,0,1,0,1,1,0.9059,0,0,0,0,0,0,0,1,0,0,0,0,0,0,0,1,0,1,0,1,0.5328
1,0,0,0,1,0,0,0,0,0,0,1,1,1,0,0,0,0,0,0.8998,0,0,0,0,0,0,0,0,0,1,0,0,0,0,0,0,0,0,0,0,0.9344
1,0,1,0,1,0,0,0,0,1,0,0,1,0,0,1,0,1,1,0.8471,0,0,0,0,0,0,1,1,0,0,0,0,0,0,1,0,1,0,0,1,0.4603
1,1,0,1,1,1,0,0,0,0,0,0,1,0,1,0,0,1,1,0.3494,0,0,0,0,0,0,0,0,0,0,0,0,0,0,0,0,0,0,0,1,0.6243
1,0,0,0,1,0,0,0,0,0,0,1,1,0,0,0,1,0,0,0.7748,0,0,0,0,0,0,0,0,0,0,0,0,0,0,0,0,0,0,0,0,0.7737
1,0,0,0,1,0,0,1,0,0,0,0,1,1,0,0,0,1,0,0.4483,0,0,0,0,0,0,0,0,1,0,0,0,0,0,0,0,0,0,0,0,0.4386
1,1,0,0,1,0,0,0,1,0,0,0,1,1,0,0,0,1,0,0.8999,0,0,0,0,0,0,0,0,0,0,0,0,0,0,0,0,0,0,0,0,0.7463
1,0,0,0,1,0,0,0,0,0,1,0,1,0,0,0,1,1,1,0.885,1,0,0,0,0,0,0,0,0,0,0,0,0,0,0,0,0,1,0,1,0.2359
1,0,0,0,1,0,0,0,0,1,0,0,1,0,0,1,0,1,0,0.9114,0,0,0,0,0,0,0,0,0,0,0,0,0,0,1,0,1,0,0,0,0.8241
1,0,0,1,1,0,0,0,1,0,0,0,1,1,0,0,0,0,1,0.9153,0,0,0,0,0,0,0,0,0,0,0,0,0,0,0,0,0,0,0,0,0.7968
1,0,1,0,1,0,0,1,0,0,0,0,1,1,0,0,0,1,1,0.8875,0,0,0,0,0,1,0,1,1,0,0,0,0,0,0,0,0,0,0,1,0.8447
1,1,1,1,1,1,0,0,0,0,0,0,1,1,0,0,0,1,1,0.915,0,1,0,0,1,0,0,1,0,0,0,0,0,0,0,0,0,0,0,1,0.6722
1,1,0,1,1,0,0,0,0,1,0,0,1,0,1,0,0,1,1,0.1177,0,0,0,1,0,0,0,0,0,0,0,0,0,1,0,0,1,0,0,1,-0.0079
1,1,1,1,1,0,0,0,0,0,0,1,1,0,0,0,1,1,1,0.8847,1,1,0,0,1,0,0,1,0,0,1,0,0,0,0,0,0,0,1,1,1.1122
1,0,1,0,1,0,0,0,1,0,0,0,1,1,0,0,0,0,1,0.1022,0,0,0,0,0,0,0,0,0,0,0,0,0,0,0,0,0,0,0,0,0.4377
1,0,0,0,1,0,0,0,1,0,0,0,1,0,0,1,0,1,0,0.912,0,0,0,0,0,0,0,0,0,0,0,0,0,0,0,0,0,0,0,0,0.7463
1,0,0,0,1,0,1,0,0,0,0,0,1,0,1,0,0,0,0,0.9056,0,0,0,0,0,0,0,0,0,0,0,0,0,0,0,0,0,0,0,0,0.8443
1,1,1,1,1,0,0,0,0,1,0,0,1,0,0,1,0,1,1,0.9047,0,1,0,1,1,0,1,1,0,0,0,0,0,0,1,0,1,0,0,1,0.5818
1,0,0,0,1,0,0,0,0,0,1,0,1,0,0,1,0,1,0,0.0888,0,0,0,0,0,0,0,0,0,0,0,0,0,0,0,1,0,0,0,0,1.3092
1,0,0,0,1,0,0,0,0,1,0,0,1,0,0,1,0,1,1,0.9114,0,0,0,0,0,0,0,0,0,0,0,0,0,0,1,0,1,0,0,1,0.6546
1,1,1,1,1,0,0,1,0,0,0,0,1,0,0,1,0,1,1,0.891,0,1,1,0,1,1,0,1,0,0,0,0,0,0,0,0,0,0,0,1,0.8291
1,0,0,0,1,0,0,1,0,0,0,0,1,0,0,0,1,1,0,0.0126,0,0,0,0,0,0,0,0,0,0,0,0,0,0,0,0,0,0,0,0,0.5781
1,1,1,1,1,0,0,0,1,0,0,0,1,0,0,1,0,1,1,0.9029,0,1,0,0,1,0,0,1,0,0,0,0,0,0,0,0,0,0,0,1,0.6722
1,1,0,1,1,0,0,0,0,0,0,1,1,0,1,0,0,1,1,0.0971,0,0,0,0,0,0,0,0,0,0,1,0,0,0,0,0,0,0,1,1,0.7894
1,1,0,0,1,0,0,0,1,0,0,0,1,1,0,0,0,0,1,0.0033,0,0,0,0,0,0,0,0,0,0,0,0,0,0,0,0,0,0,0,0,0.7968
1,0,0,0,1,0,0,1,0,0,0,0,1,1,0,0,0,0,0,0.6661,0,0,0,0,0,0,0,0,1,0,0,0,0,0,0,0,0,0,0,0,0.4892
1,0,1,0,1,0,1,0,0,0,0,0,1,0,0,1,0,1,1,0.1043,0,0,0,0,0,0,0,1,0,0,0,1,0,0,0,0,0,0,0,1,-0.1381
1,0,0,0,1,1,0,0,0,0,0,0,1,0,1,0,0,0,0,0.894,0,0,0,0,0,0,0,0,0,0,0,0,0,0,0,0,0,0,0,0,0.8443
1,0,0,0,1,0,1,0,0,0,0,0,1,0,0,1,0,1,1,0.9108,0,0,0,0,0,0,0,0,0,0,0,1,0,0,0,0,0,0,0,1,0.0075
1,1,1,1,1,0,1,0,0,0,0,0,1,0,0,1,0,1,1,0.221,0,1,0,0,1,0,0,1,0,0,0,1,0,0,0,0,0,0,0,1,0.1029
1,0,0,0,1,0,0,1,0,0,0,0,1,1,0,0,0,0,1,0.9122,0,0,0,0,0,0,0,0,1,0,0,0,0,0,0,0,0,0,0,0,0.4892
1,0,1,0,1,0,0,0,1,0,0,0,1,0,0,1,0,1,1,0.917,0,0,0,0,0,0,0,1,0,0,0,0,0,0,0,0,0,0,0,1,0.4312
1,1,1,1,1,0,0,0,0,0,0,1,1,0,1,0,0,1,1,0.0962,0,1,0,0,1,0,0,1,0,0,1,0,0,0,0,0,0,0,1,1,0.8848
1,0,1,1,1,1,0,0,0,0,0,0,1,0,1,0,0,1,1,0.8839,0,0,0,0,1,0,0,1,0,0,0,0,0,0,0,0,0,0,0,1,0.4116
1,0,0,0,1,0,0,0,1,0,0,0,1,0,1,0,0,0,0,0.6462,0,0,0,0,0,0,0,0,0,0,0,0,1,0,0,0,0,0,0,0,0.9685
1,1,1,1,1,1,0,0,0,0,0,0,1,0,0,1,0,1,1,0.9099,0,1,0,0,1,0,0,1,0,0,0,0,0,0,0,0,0,0,0,1,0.6722
1,0,1,1,1,0,1,0,0,0,0,0,1,0,1,0,0,1,1,0.9038,0,0,0,0,1,0,0,1,0,0,0,1,0,0,0,0,0,0,0,1,-0.1577
1,0,0,0,1,0,0,0,0,0,1,0,1,0,0,1,0,1,1,0.916,0,0,0,0,0,0,0,0,0,0,0,0,0,0,0,1,0,1,0,1,0.6784
1,1,0,0,1,0,0,0,0,0,0,1,1,0,1,0,0,1,1,0.8685,0,0,0,0,0,0,0,0,0,0,0,0,0,0,0,0,0,0,1,1,0.6883
1,0,0,0,1,0,0,0,0,0,1,0,1,0,1,0,0,0,0,0.734,0,0,0,0,0,0,0,0,0,0,0,0,0,0,0,0,0,0,0,0,0.6898
1,0,0,0,1,1,0,0,0,0,0,0,1,0,0,1,0,1,1,0.9136,0,0,0,0,0,0,0,0,0,0,0,0,0,0,0,0,0,0,0,1,0.5768
1,0,0,0,1,0,0,0,0,0,0,1,1,0,0,1,0,1,1,0.1022,0,0,0,0,0,0,0,0,0,0,0,0,0,0,0,0,0,0,1,1,0.6408
1,1,1,1,1,0,1,0,0,0,0,0,1,0,0,0,1,1,1,0.9093,1,1,0,0,1,0,0,1,0,0,0,1,0,0,0,0,0,0,0,1,0.3777
1,1,1,1,1,1,0,0,0,0,0,0,1,0,0,0,1,1,1,0.8798,1,1,0,0,1,0,0,1,0,0,0,0,0,0,0,0,0,0,0,1,0.9471
1,0,0,1,1,0,0,1,0,0,0,0,1,0,1,0,0,0,1,0.9022,0,0,0,0,0,0,0,0,0,0,0,0,0,0,0,0,0,0,0,0,0.6619
1,1,1,1,1,0,0,1,0,0,0,0,1,0,0,1,0,0,1,0.8764,0,1,1,0,1,1,0,0,0,0,0,0,0,0,0,0,0,0,0,0,0.8356
1,0,1,0,1,0,0,0,1,0,0,0,1,0,0,0,1,0,0,0.7992,0,0,0,0,0,0,0,0,0,0,0,0,0,0,0,0,0,0,0,0,0.4518
1,0,0,1,1,0,0,0,1,0,0,0,1,0,0,0,1,0,0,0.9018,0,0,0,0,0,0,0,0,0,0,0,0,0,0,0,0,0,0,0,0,0.8109
1,0,1,0,1,1,0,0,0,0,0,0,1,0,0,1,0,1,1,0.0994,0,0,0,0,0,0,0,1,0,0,0,0,0,0,0,0,0,0,0,1,0.4312
1,0,0,0,1,0,0,0,0,0,0,1,1,0,0,1,0,1,0,0.7925,0,0,0,0,0,0,0,0,0,0,0,0,0,0,0,0,0,0,1,0,0.8103
1,0,0,0,1,0,0,0,0,0,0,1,1,0,1,0,0,1,1,0.5138,0,0,0,0,0,0,0,0,0,0,0,0,0,0,0,0,0,0,1,1,0.6883
1,1,1,1,1,0,0,0,1,0,0,0,1,0,0,0,1,1,1,0.8847,1,1,0,0,1,0,0,1,0,0,0,0,0,0,0,0,0,0,0,1,0.9471
1,0,1,0,1,0,0,0,1,0,0,0,1,0,0,0,1,1,0,0.0927,0,0,0,0,0,0,0,1,0,0,0,0,0,0,0,0,0,0,0,0,0.6148
1,1,1,1,1,0,0,1,0,0,0,0,1,0,0,0,1,1,1,0.1244,1,1,1,0,1,1,0,1,0,0,0,0,0,0,0,0,0,0,0,1,1.104
1,1,0,0,1,0,0,0,0,0,0,1,1,0,0,0,1,1,1,0.8685,1,0,0,0,0,0,0,0,0,0,0,0,0,0,0,0,0,0,1,1,0.9156
1,0,1,1,1,1,0,0,0,0,0,0,1,0,0,1,0,1,0,0.8004,0,0,0,0,1,0,0,1,0,0,0,0,0,0,0,0,0,0,0,0,0.5336
1,0,0,0,1,1,0,0,0,0,0,0,1,0,0,1,0,1,0,0.9098,0,0,0,0,0,0,0,0,0,0,0,0,0,0,0,0,0,0,0,0,0.7463
1,0,0,0,1,0,1,0,0,0,0,0,1,0,1,0,0,1,1,0.6576,0,0,0,0,0,0,0,0,0,0,0,1,0,0,0,0,0,0,0,1,0.055
1,1,0,0,1,0,0,0,1,0,0,0,1,0,0,0,1,0,0,0.9041,0,0,0,0,0,0,0,0,0,0,0,0,0,0,0,0,0,0,0,0,0.8109
1,0,0,0,1,0,0,0,0,1,0,0,1,0,1,0,0,0,0,0.7026,0,0,0,0,0,0,0,0,0,0,0,0,0,1,0,0,0,0,0,0,0.2196
1,0,1,1,1,0,0,0,0,1,0,0,1,0,0,1,0,1,0,0.9076,0,0,0,0,1,0,1,1,0,0,0,0,0,0,1,0,1,0,0,0,0.5627
1,1,0,0,1,0,0,0,1,0,0,0,1,0,0,0,1,1,0,0.9087,0,0,0,0,0,0,0,0,0,0,0,0,0,0,0,0,0,0,0,0,0.7604
1,0,0,0,1,0,0,0,0,1,0,0,1,0,1,0,0,1,1,0.8989,0,0,0,0,0,0,0,0,0,0,0,0,0,1,0,0,1,0,0,1,0.1116
1,1,1,1,1,0,0,1,0,0,0,0,1,0,1,0,0,1,1,0.0948,0,1,1,0,1,1,0,1,0,0,0,0,0,0,0,0,0,0,0,1,0.8766
1,1,1,1,1,0,0,0,0,1,0,0,1,0,0,0,1,1,1,0.1045,1,1,0,1,1,0,1,1,0,0,0,0,0,0,0,0,1,0,0,1,1.1071
1,0,0,0,1,0,1,0,0,0,0,0,1,0,0,0,1,0,0,0.9086,0,0,0,0,0,0,0,0,0,0,0,0,0,0,0,0,0,0,0,0,0.8109
1,0,0,0,1,1,0,0,0,0,0,0,1,0,1,0,0,1,1,0.7176,0,0,0,0,0,0,0,0,0,0,0,0,0,0,0,0,0,0,0,1,0.6243
1,0,1,1,1,0,0,0,0,0,1,0,1,0,1,0,0,1,1,0.7119,0,0,0,0,1,0,0,1,0,0,0,0,0,0,0,0,0,1,0,1,-0.2042
1,0,0,0,1,1,0,0,0,0,0,0,1,0,0,0,1,0,0,0.0853,0,0,0,0,0,0,0,0,0,0,0,0,0,0,0,0,0,0,0,0,0.8109
1,1,1,1,1,0,0,1,0,0,0,0,1,1,0,0,0,0,1,0.8425,0,1,1,0,1,1,0,0,1,0,0,0,0,0,0,0,0,0,0,0,0.7103
1,0,0,0,1,0,0,0,0,0,1,0,1,0,1,0,0,1,1,0.008,0,0,0,0,0,0,0,0,0,0,0,0,0,0,0,0,0,1,0,1,0.0085
1,0,1,1,1,0,1,0,0,0,0,0,1,0,0,1,0,1,0,0.0039,0,0,0,0,1,0,0,1,0,0,0,1,0,0,0,0,0,0,0,0,-0.0357
1,0,1,1,1,0,0,1,0,0,0,0,1,1,0,0,0,0,1,0.8659,0,0,0,0,1,1,0,0,1,0,0,0,0,0,0,0,0,0,0,0,0.7841
1,0,0,0,1,0,1,0,0,0,0,0,1,0,0,1,0,0,1,0.8875,0,0,0,0,0,0,0,0,0,0,0,0,0,0,0,0,0,0,0,0,0.7968
1,0,0,0,1,0,0,0,0,0,1,0,1,0,0,0,1,0,0,0.8533,0,0,0,0,0,0,0,0,0,0,0,0,0,0,0,0,0,0,0,0,0.6564
1,0,0,0,1,0,0,0,1,0,0,0,1,0,0,0,1,0,0,0.8999,0,0,0,0,0,0,0,0,0,0,0,0,0,0,0,0,0,0,0,0,0.8109
1,0,0,0,1,0,0,0,0,1,0,0,1,1,0,0,0,1,1,0.9122,0,0,0,0,0,0,0,0,0,0,0,0,0,0,0,0,1,0,0,1,0.9051
1,0,0,0,1,0,1,0,0,0,0,0,1,1,0,0,0,0,0,0.8998,0,0,0,0,0,0,0,0,0,0,0,0,0,0,0,0,0,0,0,0,0.7968
1,0,0,0,1,0,0,1,0,0,0,0,1,0,0,0,1,1,1,0.1066,1,0,0,0,0,0,0,0,0,0,0,0,0,0,0,0,0,0,0,1,0.6693
1,1,1,1,1,0,1,0,0,0,0,0,1,0,1,0,0,1,1,0.1201,0,1,0,0,1,0,0,1,0,0,0,1,0,0,0,0,0,0,0,1,0.1503
1,0,0,0,1,0,0,0,0,1,0,0,1,0,0,0,1,0,0,0.7295,0,0,0,0,0,0,0,0,0,0,0,0,0,0,0,0,0,0,0,0,1.0272
1,0,1,1,1,0,0,0,0,0,0,1,1,0,1,0,0,1,1,0.6418,0,0,0,0,1,0,0,1,0,0,1,0,0,0,0,0,0,0,1,1,0.5768
1,1,1,1,1,0,0,0,0,0,1,0,1,1,0,0,0,1,1,0.4398,0,1,0,0,1,0,0,1,0,0,0,0,0,0,0,0,0,1,0,1,0.0564
1,0,0,0,1,1,0,0,0,0,0,0,1,1,0,0,0,1,1,0.0024,0,0,0,0,0,0,0,0,0,0,0,0,0,0,0,0,0,0,0,1,0.5768
1,1,1,1,1,0,0,0,0,1,0,0,1,0,1,0,0,1,1,0.9095,0,1,0,1,1,0,1,1,0,0,0,0,0,1,0,0,1,0,0,1,0.0388
1,0,1,1,1,0,0,0,1,0,0,0,1,0,1,0,0,1,1,0.0103,0,0,0,0,1,0,0,1,0,0,0,0,1,0,0,0,0,0,0,1,0.5358
1,0,0,0,1,0,0,0,0,0,0,1,1,0,0,1,0,0,1,0.7327,0,0,0,0,0,0,0,0,0,0,0,0,0,0,0,0,0,0,0,0,0.7596
1,1,1,1,1,0,0,0,1,0,0,0,1,0,1,0,0,1,1,0.1,0,1,0,0,1,0,0,1,0,0,0,0,1,0,0,0,0,0,0,1,0.8439
1,1,1,1,1,1,0,0,0,0,0,0,1,0,1,0,0,1,1,0.8004,0,1,0,0,1,0,0,1,0,0,0,0,0,0,0,0,0,0,0,1,0.7197
1,1,1,1,1,0,0,1,0,0,0,0,1,0,0,0,1,0,1,0.0848,1,1,1,0,1,1,0,0,0,0,0,0,0,0,0,0,0,0,0,0,1.1105
1,0,1,1,1,0,0,0,1,0,0,0,1,0,0,1,0,1,0,0.3819,0,0,0,0,1,0,0,1,0,0,0,0,0,0,0,0,0,0,0,0,0.5336
1,0,0,1,1,0,0,0,1,0,0,0,1,0,0,0,1,1,0,0.8917,0,0,0,0,0,0,0,0,0,0,0,0,0,0,0,0,0,0,0,0,0.7604
1,0,0,0,1,1,0,0,0,0,0,0,1,0,0,1,0,0,1,0.6563,0,0,0,0,0,0,0,0,0,0,0,0,0,0,0,0,0,0,0,0,0.7968
1,0,1,1,1,0,0,0,0,1,0,0,1,0,1,0,0,1,1,0.4191,0,0,0,0,1,0,1,1,0,0,0,0,0,1,0,0,1,0,0,1,-0.1498
1,0,1,1,1,0,0,0,0,0,1,0,1,0,0,1,0,1,0,0.8764,0,0,0,0,1,0,0,1,0,0,0,0,0,0,0,1,0,0,0,0,1.0966
1,0,1,1,1,0,0,0,1,0,0,0,1,0,0,1,0,0,1,0.9021,0,0,0,0,1,0,0,0,0,0,0,0,0,0,0,0,0,0,0,0,0.3707
1,1,1,1,1,0,0,1,0,0,0,0,1,0,0,1,0,1,0,0.1096,0,1,1,0,1,1,0,1,0,0,0,0,0,0,0,0,0,0,0,0,0.9986
1,1,1,1,1,0,0,0,0,0,0,1,1,0,0,1,0,1,1,0.9073,0,1,0,0,1,0,0,1,0,0,1,0,0,0,0,0,0,0,1,1,0.8373
1,0,1,1,1,0,0,1,0,0,0,0,1,0,0,0,1,0,1,0.9036,1,0,0,0,1,1,0,0,0,0,0,0,0,0,0,0,0,0,0,0,1.1843
1,0,1,1,1,1,0,0,0,0,0,0,1,0,0,1,0,0,1,0.1255,0,0,0,0,1,0,0,0,0,0,0,0,0,0,0,0,0,0,0,0,0.3707
1,0,0,0,1,0,0,1,0,0,0,0,1,0,1,0,0,0,1,0.9132,0,0,0,0,0,0,0,0,0,0,0,0,0,0,0,0,0,0,0,0,0.6619
1,0,0,0,1,0,0,1,0,0,0,0,1,0,0,1,0,0,0,0.8965,0,0,0,0,0,0,0,0,0,0,0,0,0,0,0,0,0,0,0,0,0.6145
1,0,1,1,1,0,1,0,0,0,0,0,1,0,0,1,0,0,1,0.2084,0,0,0,0,1,0,0,0,0,0,0,0,0,0,0,0,0,0,0,0,0.3707
1,0,0,0,1,0,0,0,0,0,1,0,1,0,0,1,0,0,1,0.8984,0,0,0,0,0,0,0,0,0,0,0,0,0,0,0,1,0,1,0,0,0.8984
1,1,0,0,1,0,0,0,0,0,0,1,1,1,0,0,0,1,1,0.0385,0,0,0,0,0,0,0,0,0,1,0,0,0,0,0,0,0,0,1,1,0.8156
1,1,1,1,1,0,0,0,0,1,0,0,1,0,1,0,0,0,1,0.907,0,1,0,1,1,0,0,0,0,0,0,0,0,1,0,0,0,0,0,0,-0.018
1,0,0,0,1,0,0,0,0,1,0,0,1,1,0,0,0,0,0,0.9037,0,0,0,0,0,0,0,0,0,0,0,0,0,0,0,0,0,0,0,0,1.0131
1,0,0,0,1,0,0,0,0,1,0,0,1,0,0,1,0,0,1,0.7421,0,0,0,0,0,0,0,0,0,0,0,0,0,0,1,0,0,0,0,0,0.7626
1,1,1,1,1,0,0,0,0,0,0,1,1,0,1,0,0,1,0,0.8698,0,1,0,0,1,0,0,1,0,0,1,0,0,0,0,0,0,0,1,0,1.0543
1,1,1,1,1,0,0,0,1,0,0,0,1,0,1,0,0,0,1,0.9031,0,1,0,0,1,0,0,0,0,0,0,0,1,0,0,0,0,0,0,0,0.8504
1,0,1,0,1,0,0,1,0,0,0,0,1,0,1,0,0,1,1,0.4112,0,0,0,0,0,1,0,1,0,0,0,0,0,0,0,0,0,0,0,1,1.0174
1,1,1,1,1,0,0,1,0,0,0,0,1,1,0,0,0,1,0,0.1032,0,1,1,0,1,1,0,1,1,0,0,0,0,0,0,0,0,0,0,0,0.8732
1,1,1,1,1,0,0,1,0,0,0,0,1,0,0,0,1,1,0,0.8868,0,1,1,0,1,1,0,1,0,0,0,0,0,0,0,0,0,0,0,0,1.0127
1,0,0,1,1,0,0,0,1,0,0,0,1,1,0,0,0,0,0,0.2378,0,0,0,0,0,0,0,0,0,0,0,0,0,0,0,0,0,0,0,0,0.7968
1,0,1,1,1,0,0,0,0,0,1,0,1,0,0,1,0,0,1,0.5269,0,0,0,0,1,0,0,0,0,0,0,0,0,0,0,1,0,1,0,0,0.4723
1,0,1,0,1,0,0,0,1,0,0,0,1,0,0,0,1,0,1,0.6965,1,0,0,0,0,0,0,0,0,0,0,0,0,0,0,0,0,0,0,0,0.7126
1,0,0,0,1,0,0,0,0,0,0,1,1,1,0,0,0,1,1,0.0048,0,0,0,0,0,0,0,0,0,1,0,0,0,0,0,0,0,0,1,1,0.8156
1,0,1,0,1,0,0,0,1,0,0,0,1,1,0,0,0,0,0,0.9043,0,0,0,0,0,0,0,0,0,0,0,0,0,0,0,0,0,0,0,0,0.4377
1,0,1,1,1,0,0,0,0,1,0,0,1,0,0,1,0,0,1,0.2964,0,0,0,0,1,0,0,0,0,0,0,0,0,0,1,0,0,0,0,0,0.3365
1,1,0,0,1,0,0,0,1,0,0,0,1,0,0,0,1,0,1,0.8988,1,0,0,0,0,0,0,0,0,0,0,0,0,0,0,0,0,0,0,0,1.0717
1,0,0,0,1,0,0,0,0,0,1,0,1,1,0,0,0,1,1,0.7331,0,0,0,0,0,0,0,0,0,0,0,0,0,0,0,0,0,1,0,1,-0.039
1,0,0,0,1,0,1,0,0,0,0,0,1,1,0,0,0,1,1,0.6607,0,0,0,0,0,0,0,0,0,0,0,1,0,0,0,0,0,0,0,1,0.0075
1,1,0,0,1,0,0,0,1,0,0,0,1,1,0,0,0,0,0,0.8343,0,0,0,0,0,0,0,0,0,0,0,0,0,0,0,0,0,0,0,0,0.7968
1,0,1,0,1,0,0,0,0,0,1,0,1,0,0,1,0,0,0,0.6591,0,0,0,0,0,0,0,0,0,0,0,0,0,0,0,1,0,0,0,0,1.0007
1,0,1,0,1,0,0,0,0,0,0,1,1,0,0,1,0,0,0,0.9143,0,0,0,0,0,0,0,0,0,0,0,0,0,0,0,0,0,0,0,0,0.4005
1,1,0,0,1,0,0,0,1,0,0,0,1,0,0,1,0,0,0,0.7026,0,0,0,0,0,0,0,0,0,0,0,0,0,0,0,0,0,0,0,0,0.7968
1,0,1,1,1,0,0,1,0,0,0,0,1,1,0,0,0,1,0,0.9001,0,0,0,0,1,1,0,1,1,0,0,0,0,0,0,0,0,0,0,0,0.9471
1,0,0,1,1,0,0,0,0,0,0,1,1,0,0,0,1,0,1,0.1087,1,0,0,0,0,0,0,0,0,0,1,0,0,0,0,0,0,0,0,0,1.1356
1,0,1,1,1,0,0,1,0,0,0,0,1,0,1,0,0,0,1,0.5492,0,0,0,0,1,1,0,0,0,0,0,0,0,0,0,0,0,0,0,0,0.9569
1,0,0,0,1,0,0,1,0,0,0,0,1,0,1,0,0,0,0,0.912,0,0,0,0,0,0,0,0,0,0,0,0,0,0,0,0,0,0,0,0,0.6619
1,0,0,1,1,0,0,0,1,0,0,0,1,0,0,1,0,1,1,0.9114,0,0,0,0,0,0,0,0,0,0,0,0,0,0,0,0,0,0,0,1,0.5768
1,1,1,1,1,0,0,0,0,0,1,0,1,0,1,0,0,1,0,0.835,0,1,0,0,1,0,0,1,0,0,0,0,0,0,0,0,0,0,0,0,0.7347
1,0,0,0,1,0,0,0,0,0,1,0,1,1,0,0,0,0,0,0.8545,0,0,0,0,0,0,0,0,0,0,0,0,0,0,0,0,0,0,0,0,0.6423
1,0,0,1,1,0,0,0,0,1,0,0,1,0,0,1,0,1,1,0.8876,0,0,0,0,0,0,0,0,0,0,0,0,0,0,1,0,1,0,0,1,0.6546
1,0,0,0,1,0,0,0,1,0,0,0,1,1,0,0,0,0,0,0.9059,0,0,0,0,0,0,0,0,0,0,0,0,0,0,0,0,0,0,0,0,0.7968
1,0,0,1,1,0,0,0,0,0,1,0,1,0,0,0,1,0,1,0.8092,1,0,0,0,0,0,0,0,0,0,0,0,0,0,0,0,0,1,0,0,0.4558
1,0,0,1,1,0,0,0,0,0,1,0,1,0,0,1,0,1,1,0.8664,0,0,0,0,0,0,0,0,0,0,0,0,0,0,0,1,0,1,0,1,0.6784
1,1,1,1,1,1,0,0,0,0,0,0,1,0,1,0,0,1,0,0.0062,0,1,0,0,1,0,0,1,0,0,0,0,0,0,0,0,0,0,0,0,0.8891
1,0,0,1,1,1,0,0,0,0,0,0,1,0,0,1,0,1,1,0.717,0,0,0,0,0,0,0,0,0,0,0,0,0,0,0,0,0,0,0,1,0.5768
1,0,0,1,1,0,1,0,0,0,0,0,1,1,0,0,0,0,1,0.4952,0,0,0,0,0,0,0,0,0,0,0,0,0,0,0,0,0,0,0,0,0.7968
1,1,0,0,1,0,0,0,0,0,0,1,1,0,0,1,0,1,1,0.161,0,0,0,0,0,0,0,0,0,0,0,0,0,0,0,0,0,0,1,1,0.6408
1,0,1,1,1,0,0,1,0,0,0,0,1,0,0,0,1,1,0,0.4952,0,0,0,0,1,1,0,1,0,0,0,0,0,0,0,0,0,0,0,0,1.0865
1,0,0,1,1,0,1,0,0,0,0,0,1,0,0,1,0,1,1,0.8992,0,0,0,0,0,0,0,0,0,0,0,1,0,0,0,0,0,0,0,1,0.0075
1,1,0,1,1,0,1,0,0,0,0,0,1,0,0,1,0,0,1,0.8992,0,0,0,0,0,0,0,0,0,0,0,0,0,0,0,0,0,0,0,0,0.7968
1,1,1,1,1,0,1,0,0,0,0,0,1,0,1,0,0,0,1,0.9127,0,1,0,0,1,0,0,0,0,0,0,0,0,0,0,0,0,0,0,0,0.7262
1,0,0,1,1,0,0,1,0,0,0,0,1,1,0,0,0,1,1,0.9143,0,0,0,0,0,0,0,0,1,0,0,0,0,0,0,0,0,0,0,1,0.2692
1,1,1,1,1,1,0,0,0,0,0,0,1,0,1,0,0,0,1,0.4662,0,1,0,0,1,0,0,0,0,0,0,0,0,0,0,0,0,0,0,0,0.7262
1,0,0,0,1,1,0,0,0,0,0,0,1,1,0,0,0,0,0,0.7411,0,0,0,0,0,0,0,0,0,0,0,0,0,0,0,0,0,0,0,0,0.7968
1,0,1,0,1,0,0,0,0,1,0,0,1,0,0,1,0,0,0,0.9115,0,0,0,0,0,0,0,0,0,0,0,0,0,0,1,0,0,0,0,0,0.4036
1,0,0,1,1,0,0,0,1,0,0,0,1,0,1,0,0,0,0,0.1137,0,0,0,0,0,0,0,0,0,0,0,0,1,0,0,0,0,0,0,0,0.9685
1,0,0,0,1,0,0,1,0,0,0,0,1,1,0,0,0,1,1,0.405,0,0,0,0,0,0,0,0,1,0,0,0,0,0,0,0,0,0,0,1,0.2692
1,0,1,0,1,0,0,0,1,0,0,0,1,0,0,1,0,1,0,0.8839,0,0,0,0,0,0,0,1,0,0,0,0,0,0,0,0,0,0,0,0,0.6007
1,1,0,1,1,0,0,0,0,1,0,0,1,0,0,1,0,0,1,0.0994,0,0,0,1,0,0,0,0,0,0,0,0,0,0,1,0,0,0,0,0,0.6432
1,0,0,1,1,1,0,0,0,0,0,0,1,0,1,0,0,0,1,0.4191,0,0,0,0,0,0,0,0,0,0,0,0,0,0,0,0,0,0,0,0,0.8443
1,0,0,1,1,0,0,0,0,1,0,0,1,0,0,0,1,0,1,0.7719,1,0,0,0,0,0,0,0,0,0,0,0,0,0,0,0,0,0,0,0,1.2879
1,1,0,0,1,0,0,0,1,0,0,0,1,0,0,1,0,1,0,0.8989,0,0,0,0,0,0,0,0,0,0,0,0,0,0,0,0,0,0,0,0,0.7463
1,1,0,1,1,1,0,0,0,0,0,0,1,0,0,1,0,0,1,0.0067,0,0,0,0,0,0,0,0,0,0,0,0,0,0,0,0,0,0,0,0,0.7968
1,1,1,1,1,0,1,0,0,0,0,0,1,0,1,0,0,1,0,0.0958,0,1,0,0,1,0,0,1,0,0,0,1,0,0,0,0,0,0,0,0,0.3198
1,0,1,0,1,0,1,0,0,0,0,0,1,1,0,0,0,0,1,0.7393,0,0,0,0,0,0,0,0,0,0,0,0,0,0,0,0,0,0,0,0,0.4377
1,0,1,1,1,0,0,1,0,0,0,0,1,0,0,1,0,1,1,0.9093,0,0,0,0,1,1,0,1,0,0,0,0,0,0,0,0,0,0,0,1,0.9029
1,0,1,1,1,0,0,1,0,0,0,0,1,0,1,0,0,1,0,0.8046,0,0,0,0,1,1,0,1,0,0,0,0,0,0,0,0,0,0,0,0,1.1199
1,0,1,0,1,0,0,0,0,0,1,0,1,0,0,0,1,0,1,0.916,1,0,0,0,0,0,0,0,0,0,0,0,0,0,0,0,0,1,0,0,0.0968
1,0,1,0,1,1,0,0,0,0,0,0,1,0,0,1,0,0,0,0.0972,0,0,0,0,0,0,0,0,0,0,0,0,0,0,0,0,0,0,0,0,0.4377
1,1,0,1,1,0,0,0,1,0,0,0,1,0,0,1,0,0,1,0.9113,0,0,0,0,0,0,0,0,0,0,0,0,0,0,0,0,0,0,0,0,0.7968
1,0,1,0,1,0,1,0,0,0,0,0,1,0,0,1,0,0,0,0.0977,0,0,0,0,0,0,0,0,0,0,0,0,0,0,0,0,0,0,0,0,0.4377
1,1,1,1,1,0,0,0,0,0,0,1,1,0,1,0,0,0,1,0.0852,0,1,0,0,1,0,0,0,0,0,1,0,0,0,0,0,0,0,0,0,0.7902
1,1,0,0,1,0,0,0,1,0,0,0,1,0,0,1,0,0,1,0.0962,0,0,0,0,0,0,0,0,0,0,0,0,0,0,0,0,0,0,0,0,0.7968
1,0,0,1,1,1,0,0,0,0,0,0,1,0,0,0,1,0,1,0.908,1,0,0,0,0,0,0,0,0,0,0,0,0,0,0,0,0,0,0,0,1.0717
1,1,0,1,1,0,0,0,0,0,1,0,1,0,0,1,0,0,1,0.0953,0,0,0,0,0,0,0,0,0,0,0,0,0,0,0,1,0,1,0,0,0.8984
1,1,0,0,1,0,0,0,0,0,1,0,1,0,0,1,0,0,0,0.835,0,0,0,0,0,0,0,0,0,0,0,0,0,0,0,1,0,0,0,0,1.3597
1,1,1,1,1,0,0,0,0,0,1,0,1,0,1,0,0,0,1,0.1005,0,1,0,0,1,0,0,0,0,0,0,0,0,0,0,0,0,1,0,0,0.1104
1,1,0,0,1,0,0,0,0,0,0,1,1,0,0,1,0,0,0,0.0808,0,0,0,0,0,0,0,0,0,0,0,0,0,0,0,0,0,0,0,0,0.7596
1,0,0,1,1,0,0,1,0,0,0,0,1,0,0,0,1,1,1,0.0984,1,0,0,0,0,0,0,0,0,0,0,0,0,0,0,0,0,0,0,1,0.6693
1,0,1,1,1,0,0,1,0,0,0,0,1,0,0,0,1,1,1,0.9005,1,0,0,0,1,1,0,1,0,0,0,0,0,0,0,0,0,0,0,1,1.1778
1,1,0,0,1,0,0,0,0,1,0,0,1,0,0,1,0,0,0,0.6637,0,0,0,1,0,0,0,0,0,0,0,0,0,0,1,0,0,0,0,0,0.6432
1,0,0,1,1,0,0,1,0,0,0,0,1,0,1,0,0,1,1,0.9083,0,0,0,0,0,0,0,0,0,0,0,0,0,0,0,0,0,0,0,1,0.4419
1,0,1,0,1,0,0,0,0,1,0,0,1,0,0,0,1,0,1,0.6441,1,0,0,0,0,0,0,0,0,0,0,0,0,0,0,0,0,0,0,0,0.9288
1,0,1,0,1,0,0,0,0,0,0,1,1,0,0,0,1,0,1,0.8972,1,0,0,0,0,0,0,0,0,0,0,0,0,0,0,0,0,0,0,0,0.6754
1,1,1,1,1,0,0,0,0,1,0,0,1,0,1,0,0,1,0,0.1017,0,1,0,1,1,0,1,1,0,0,0,0,0,1,0,0,1,0,0,0,0.2082
1,0,1,1,1,0,0,1,0,0,0,0,1,1,0,0,0,1,1,0.887,0,0,0,0,1,1,0,1,1,0,0,0,0,0,0,0,0,0,0,1,0.7776
1,1,0,1,1,0,0,0,0,1,0,0,1,0,0,1,0,1,0,0.9062,0,0,0,1,0,0,0,0,0,0,0,0,0,0,1,0,1,0,0,0,0.7046
1,1,0,0,1,0,1,0,0,0,0,0,1,0,0,1,0,0,0,0.9129,0,0,0,0,0,0,0,0,0,0,0,0,0,0,0,0,0,0,0,0,0.7968
1,1,1,1,1,0,0,0,1,0,0,0,1,0,1,0,0,1,0,0.0984,0,1,0,0,1,0,0,1,0,0,0,0,1,0,0,0,0,0,0,0,1.0134
1,1,0,1,1,0,0,1,0,0,0,0,1,1,0,0,0,1,1,0.9124,0,0,1,0,0,0,0,0,1,0,0,0,0,0,0,0,0,0,0,1,-0.1127
1,1,0,1,1,1,0,0,0,0,0,0,1,0,0,1,0,1,0,0.707,0,0,0,0,0,0,0,0,0,0,0,0,0,0,0,0,0,0,0,0,0.7463
1,1,1,0,1,0,0,0,0,0,0,1,1,0,1,0,0,1,1,0.1105,0,1,0,0,0,0,0,1,0,0,0,0,0,0,0,0,0,0,1,1,0.8507
1,0,0,1,1,0,0,1,0,0,0,0,1,1,0,0,0,0,1,0.7954,0,0,0,0,0,0,0,0,1,0,0,0,0,0,0,0,0,0,0,0,0.4892
1,1,0,0,1,0,1,0,0,0,0,0,1,1,0,0,0,0,1,0.9181,0,0,0,0,0,0,0,0,0,0,0,0,0,0,0,0,0,0,0,0,0.7968
1,1,0,1,1,0,0,0,0,0,1,0,1,0,0,1,0,1,0,0.8426,0,0,0,0,0,0,0,0,0,0,0,0,0,0,0,1,0,0,0,0,1.3092
1,1,0,1,1,0,0,1,0,0,0,0,1,0,0,0,1,0,1,0.4723,1,0,1,0,0,0,0,0,0,0,0,0,0,0,0,0,0,0,0,0,0.5074
1,1,0,1,1,0,1,0,0,0,0,0,1,0,0,1,0,1,0,0.8884,0,0,0,0,0,0,0,0,0,0,0,1,0,0,0,0,0,0,0,0,0.177
1,0,1,0,1,1,0,0,0,0,0,0,1,0,0,0,1,0,1,0.7108,1,0,0,0,0,0,0,0,0,0,0,0,0,0,0,0,0,0,0,0,0.7126
1,1,0,0,1,0,0,0,0,0,0,1,1,0,0,0,1,0,1,0.9008,1,0,0,0,0,0,0,0,0,0,0,0,0,0,0,0,0,0,0,0,1.0345
1,1,1,0,1,0,0,0,0,0,1,0,1,0,1,0,0,1,1,0.7748,0,1,0,0,0,0,0,1,0,0,0,0,0,0,0,0,0,1,0,1,0.1709
1,1,0,0,1,0,0,0,0,0,1,0,1,0,0,0,1,0,1,0.8334,1,0,0,0,0,0,0,0,0,0,0,0,0,0,0,0,0,1,0,0,0.4558
1,1,0,1,1,0,0,1,0,0,0,0,1,0,0,0,1,1,1,0.3235,1,0,1,0,0,0,0,0,0,0,0,0,0,0,0,0,0,0,0,1,0.2875
1,1,1,0,1,0,0,0,0,1,0,0,1,0,1,0,0,1,1,0.0972,0,1,0,1,0,0,1,1,0,0,0,0,0,1,0,0,1,0,0,1,0.1058
1,0,0,1,1,0,0,0,1,0,0,0,1,0,0,1,0,0,0,0.6661,0,0,0,0,0,0,0,0,0,0,0,0,0,0,0,0,0,0,0,0,0.7968
1,1,0,1,1,0,0,0,1,0,0,0,1,0,0,1,0,1,0,0.8783,0,0,0,0,0,0,0,0,0,0,0,0,0,0,0,0,0,0,0,0,0.7463
1,1,1,0,1,0,1,0,0,0,0,0,1,0,1,0,0,1,1,0.9093,0,1,0,0,0,0,0,1,0,0,0,1,0,0,0,0,0,0,0,1,0.2174
1,1,0,1,1,0,0,1,0,0,0,0,1,1,0,0,0,0,1,0.0963,0,0,1,0,0,0,0,0,1,0,0,0,0,0,0,0,0,0,0,0,0.1073
1,1,0,1,1,0,0,1,0,0,0,0,1,0,0,1,0,1,1,0.0126,0,0,1,0,0,0,0,0,0,0,0,0,0,0,0,0,0,0,0,1,0.0126
1,0,1,0,1,0,0,0,0,0,0,1,1,0,0,1,0,1,1,0.1043,0,0,0,0,0,0,0,1,0,0,0,0,0,0,0,0,0,0,1,1,0.4952
1,0,1,1,1,0,0,0,0,0,0,1,1,0,0,1,0,1,0,0.0102,0,0,0,0,1,0,0,1,0,0,1,0,0,0,0,0,0,0,1,0,0.6988
1,1,1,0,1,0,0,0,1,0,0,0,1,0,1,0,0,1,1,0.7826,0,1,0,0,0,0,0,1,0,0,0,0,1,0,0,0,0,0,0,1,0.9109
1,1,0,0,1,0,0,0,0,0,1,0,1,0,0,1,0,1,1,0.9139,0,0,0,0,0,0,0,0,0,0,0,0,0,0,0,1,0,1,0,1,0.6784
1,0,1,0,1,0,0,1,0,0,0,0,1,1,0,0,0,0,1,0.0988,0,0,0,0,0,1,0,0,1,0,0,0,0,0,0,0,0,0,0,0,0.8512
1,1,0,0,1,0,0,0,0,1,0,0,1,0,0,0,1,0,1,0.7719,1,0,0,1,0,0,0,0,0,0,0,0,0,0,0,0,0,0,0,0,1.1685
1,1,0,0,1,1,0,0,0,0,0,0,1,0,0,1,0,0,0,0.9018,0,0,0,0,0,0,0,0,0,0,0,0,0,0,0,0,0,0,0,0,0.7968
1,1,0,0,1,0,1,0,0,0,0,0,1,0,1,0,0,0,1,0.9075,0,0,0,0,0,0,0,0,0,0,0,0,0,0,0,0,0,0,0,0,0.8443
1,1,1,0,1,1,0,0,0,0,0,0,1,0,1,0,0,1,1,0.5417,0,1,0,0,0,0,0,1,0,0,0,0,0,0,0,0,0,0,0,1,0.7867
1,1,0,0,1,1,0,0,0,0,0,0,1,0,0,1,0,1,1,0.7303,0,0,0,0,0,0,0,0,0,0,0,0,0,0,0,0,0,0,0,1,0.5768
1,1,0,0,1,0,0,0,0,1,0,0,1,1,0,0,0,0,1,0.9165,0,0,0,1,0,0,0,0,0,0,0,0,0,0,0,0,0,0,0,0,0.8936
1,1,0,0,1,0,0,0,0,0,1,0,1,1,0,0,0,0,1,0.782,0,0,0,0,0,0,0,0,0,0,0,0,0,0,0,0,0,1,0,0,0.181
1,1,0,0,1,0,0,1,0,0,0,0,1,1,0,0,0,0,1,0.8997,0,0,1,0,0,0,0,0,1,0,0,0,0,0,0,0,0,0,0,0,0.1073
1,0,0,0,1,0,1,0,0,0,0,0,1,0,1,0,0,1,0,0.6767,0,0,0,0,0,0,0,0,0,0,0,1,0,0,0,0,0,0,0,0,0.2244
1,1,0,0,1,0,1,0,0,0,0,0,1,0,0,1,0,1,1,0.9095,0,0,0,0,0,0,0,0,0,0,0,1,0,0,0,0,0,0,0,1,0.0075
1,0,0,1,1,0,0,0,0,0,0,1,1,0,0,1,0,0,0,0.7954,0,0,0,0,0,0,0,0,0,0,1,0,0,0,0,0,0,0,0,0,0.8608
1,1,0,0,1,0,0,0,0,1,0,0,1,0,0,1,0,1,1,0.9127,0,0,0,1,0,0,0,0,0,0,0,0,0,0,1,0,1,0,0,1,0.5352
1,1,1,0,1,0,1,0,0,0,0,0,1,0,0,0,1,1,1,0.9156,1,1,0,0,0,0,0,1,0,0,0,1,0,0,0,0,0,0,0,1,0.4448
1,0,0,0,1,0,0,1,0,0,0,0,1,0,0,0,1,0,1,0.0939,1,0,0,0,0,0,0,0,0,0,0,0,0,0,0,0,0,0,0,0,0.8893
1,1,0,1,1,0,0,1,0,0,0,0,1,0,0,0,1,1,0,0.1961,0,0,1,0,0,0,0,0,0,0,0,0,0,0,0,0,0,0,0,0,0.1962
1,1,1,0,1,0,0,0,0,0,1,0,1,0,0,0,1,1,1,0.7649,1,1,0,0,0,0,0,1,0,0,0,0,0,0,0,0,0,1,0,1,0.3983
1,1,0,0,1,0,0,0,1,0,0,0,1,0,0,1,0,1,1,0.9139,0,0,0,0,0,0,0,0,0,0,0,0,0,0,0,0,0,0,0,1,0.5768
1,0,0,1,1,0,0,0,0,0,1,0,1,0,0,1,0,0,0,0.8884,0,0,0,0,0,0,0,0,0,0,0,0,0,0,0,1,0,0,0,0,1.3597
1,1,1,0,1,1,0,0,0,0,0,0,1,0,0,0,1,1,1,0.91,1,1,0,0,0,0,0,1,0,0,0,0,0,0,0,0,0,0,0,1,1.0141
1,0,0,1,1,0,0,0,0,1,0,0,1,0,0,1,0,0,0,0.0963,0,0,0,0,0,0,0,0,0,0,0,0,0,0,1,0,0,0,0,0,0.7626
1,1,1,0,1,0,0,0,1,0,0,0,1,0,0,0,1,1,1,0.1001,1,1,0,0,0,0,0,1,0,0,0,0,0,0,0,0,0,0,0,1,1.0141
1,0,0,1,1,1,0,0,0,0,0,0,1,0,0,1,0,0,0,0.9039,0,0,0,0,0,0,0,0,0,0,0,0,0,0,0,0,0,0,0,0,0.7968
1,1,0,0,1,0,0,0,0,0,0,1,1,1,0,0,0,0,1,0.9158,0,0,0,0,0,0,0,0,0,1,0,0,0,0,0,0,0,0,0,0,0.9344
1,0,0,0,1,0,1,0,0,0,0,0,1,0,1,0,0,0,1,0.7328,0,0,0,0,0,0,0,0,0,0,0,0,0,0,0,0,0,0,0,0,0.8443
1,0,0,0,1,0,1,0,0,0,0,0,1,1,0,0,0,0,1,0.9176,0,0,0,0,0,0,0,0,0,0,0,0,0,0,0,0,0,0,0,0,0.7968
1,1,1,0,1,0,0,0,0,0,0,1,1,0,0,0,1,1,1,0.9075,1,1,0,0,0,0,0,1,0,0,0,0,0,0,0,0,0,0,1,1,1.0781
1,1,0,1,1,1,0,0,0,0,0,0,1,1,0,0,0,1,1,0.8331,0,0,0,0,0,0,0,0,0,0,0,0,0,0,0,0,0,0,0,1,0.5768
1,1,0,1,1,1,0,0,0,0,0,0,1,0,0,1,0,1,1,0.7119,0,0,0,0,0,0,0,0,0,0,0,0,0,0,0,0,0,0,0,1,0.5768
1,1,1,0,1,0,0,0,0,1,0,0,1,0,0,0,1,1,1,0.5538,1,1,0,1,0,0,1,1,0,0,0,0,0,0,0,0,1,0,0,1,1.1742
1,0,1,0,1,0,1,0,0,0,0,0,1,0,1,0,0,0,0,0.6767,0,0,0,0,0,0,0,0,0,0,0,0,0,0,0,0,0,0,0,0,0.4852
1,0,0,1,1,0,0,0,0,1,0,0,1,0,1,0,0,0,0,0.8735,0,0,0,0,0,0,0,0,0,0,0,0,0,1,0,0,0,0,0,0,0.2196
1,1,0,0,1,1,0,0,0,0,0,0,1,0,0,0,1,0,1,0.88,1,0,0,0,0,0,0,0,0,0,0,0,0,0,0,0,0,0,0,0,1.0717
1,0,0,1,1,0,0,0,0,0,1,0,1,0,1,0,0,0,0,0.6685,0,0,0,0,0,0,0,0,0,0,0,0,0,0,0,0,0,0,0,0,0.6898
1,0,1,0,1,0,1,0,0,0,0,0,1,0,1,0,0,0,1,0.9127,0,0,0,0,0,0,0,0,0,0,0,0,0,0,0,0,0,0,0,0,0.4852
1,0,0,1,1,1,0,0,0,0,0,0,1,0,1,0,0,0,0,0.7817,0,0,0,0,0,0,0,0,0,0,0,0,0,0,0,0,0,0,0,0,0.8443
1,0,0,0,1,0,1,0,0,0,0,0,1,0,0,0,1,0,1,0.4112,1,0,0,0,0,0,0,0,0,0,0,0,0,0,0,0,0,0,0,0,1.0717
1,1,0,1,1,0,1,0,0,0,0,0,1,1,0,0,0,1,1,0.8898,0,0,0,0,0,0,0,0,0,0,0,1,0,0,0,0,0,0,0,1,0.0075
1,1,1,0,1,0,0,0,0,0,1,0,1,1,0,0,0,1,1,0.8909,0,1,0,0,0,0,0,1,0,0,0,0,0,0,0,0,0,1,0,1,0.1234
1,0,0,1,1,0,0,0,0,0,0,1,1,0,1,0,0,0,0,0.6952,0,0,0,0,0,0,0,0,0,0,1,0,0,0,0,0,0,0,0,0,0.9082
1,1,0,1,1,0,0,1,0,0,0,0,1,0,1,0,0,0,1,0.6623,0,0,1,0,0,0,0,0,0,0,0,0,0,0,0,0,0,0,0,0,0.2801
1,1,1,0,1,0,0,0,1,0,0,0,1,1,0,0,0,1,1,0.9177,0,1,0,0,0,0,0,1,0,0,0,0,0,0,0,0,0,0,0,1,0.7393
1,0,1,0,1,0,0,0,0,1,0,0,1,1,0,0,0,0,1,0.9038,0,0,0,0,0,0,0,0,0,0,0,0,0,0,0,0,0,0,0,0,0.654
1,0,1,0,1,0,0,0,0,0,0,1,1,1,0,0,0,0,1,0.8996,0,0,0,0,0,0,0,0,0,1,0,0,0,0,0,0,0,0,0,0,0.5753
1,1,0,0,1,0,0,0,0,0,0,1,1,0,1,0,0,0,0,0.8046,0,0,0,0,0,0,0,0,0,0,0,0,0,0,0,0,0,0,0,0,0.8071
1,0,1,0,1,0,0,0,0,0,1,0,1,1,0,0,0,0,1,0.8756,0,0,0,0,0,0,0,0,0,0,0,0,0,0,0,0,0,1,0,0,-0.1781
1,1,0,0,1,0,0,1,0,0,0,0,1,0,1,0,0,0,1,0.8682,0,0,1,0,0,0,0,0,0,0,0,0,0,0,0,0,0,0,0,0,0.2801
1,1,0,0,1,1,0,0,0,0,0,0,1,0,1,0,0,0,1,0.9075,0,0,0,0,0,0,0,0,0,0,0,0,0,0,0,0,0,0,0,0,0.8443
1,0,0,0,1,0,0,1,0,0,0,0,1,0,0,1,0,1,0,0.1035,0,0,0,0,0,0,0,0,0,0,0,0,0,0,0,0,0,0,0,0,0.564
1,1,0,1,1,0,0,1,0,0,0,0,1,1,0,0,0,1,0,0.8877,0,0,1,0,0,0,0,0,1,0,0,0,0,0,0,0,0,0,0,0,0.0567
1,1,1,0,1,0,0,0,0,1,0,0,1,1,0,0,0,1,1,0.8993,0,1,0,1,0,0,1,1,0,0,0,0,0,0,0,0,1,0,0,1,0.8993
1,1,0,1,1,0,1,0,0,0,0,0,1,0,0,1,0,1,1,0.9025,0,0,0,0,0,0,0,0,0,0,0,1,0,0,0,0,0,0,0,1,0.0075
1,1,1,0,1,0,0,0,0,0,0,1,1,1,0,0,0,1,1,0.161,0,1,0,0,0,0,0,1,0,1,0,0,0,0,0,0,0,0,1,1,0.978
1,1,1,0,1,0,0,0,0,0,0,1,1,0,0,1,0,1,1,0.8972,0,1,0,0,0,0,0,1,0,0,0,0,0,0,0,0,0,0,1,1,0.8032
1,0,0,0,1,0,1,0,0,0,0,0,1,0,0,0,1,1,0,0.0958,0,0,0,0,0,0,0,0,0,0,0,1,0,0,0,0,0,0,0,0,0.1911
1,0,0,0,1,0,1,0,0,0,0,0,1,1,0,0,0,1,0,0.7381,0,0,0,0,0,0,0,0,0,0,0,1,0,0,0,0,0,0,0,0,0.177
1,1,1,0,1,0,0,0,0,0,1,0,1,0,0,1,0,0,1,0.008,0,1,0,0,0,0,0,0,0,0,0,0,0,0,0,1,0,1,0,0,0.8474
1,1,0,0,1,1,0,0,0,0,0,0,1,0,1,0,0,0,0,0.8331,0,0,0,0,0,0,0,0,0,0,0,0,0,0,0,0,0,0,0,0,0.8443
1,0,0,1,1,0,0,0,0,0,0,1,1,1,0,0,0,0,1,0.8038,0,0,0,0,0,0,0,0,0,1,1,0,0,0,0,0,0,0,0,0,1.0356
1,1,0,0,1,0,0,0,0,0,1,0,1,0,1,0,0,0,0,0.6834,0,0,0,0,0,0,0,0,0,0,0,0,0,0,0,0,0,0,0,0,0.6898
1,1,0,0,1,0,0,0,0,1,0,0,1,0,1,0,0,0,0,0.1001,0,0,0,1,0,0,0,0,0,0,0,0,0,1,0,0,0,0,0,0,0.1001
1,1,1,0,1,0,0,0,0,0,1,0,1,0,0,1,0,1,1,0.8334,0,1,0,0,0,0,0,1,0,0,0,0,0,0,0,1,0,1,0,1,0.8408
1,1,1,0,1,0,0,0,0,1,0,0,1,0,0,1,0,1,1,0.0853,0,1,0,1,0,0,1,1,0,0,0,0,0,0,1,0,1,0,0,1,0.6489
1,0,0,1,1,0,0,0,0,0,1,0,1,1,0,0,0,0,1,0.1028,0,0,0,0,0,0,0,0,0,0,0,0,0,0,0,0,0,1,0,0,0.181
1,1,1,0,1,0,0,0,1,0,0,0,1,0,0,1,0,1,1,0.0086,0,1,0,0,0,0,0,1,0,0,0,0,0,0,0,0,0,0,0,1,0.7393
1,0,0,0,1,0,0,0,0,0,1,0,1,0,1,0,0,1,0,0.8988,0,0,0,0,0,0,0,0,0,0,0,0,0,0,0,0,0,0,0,0,0.6393
1,1,0,1,1,0,0,1,0,0,0,0,1,0,1,0,0,1,0,0.6341,0,0,1,0,0,0,0,0,0,0,0,0,0,0,0,0,0,0,0,0,0.2295
1,1,1,0,1,0,0,0,1,0,0,0,1,0,0,1,0,0,1,0.9008,0,1,0,0,0,0,0,0,0,0,0,0,0,0,0,0,0,0,0,0,0.7458
1,0,0,0,1,0,0,1,0,0,0,0,1,0,0,1,0,0,1,0.8965,0,0,0,0,0,0,0,0,0,0,0,0,0,0,0,0,0,0,0,0,0.6145
1,0,1,1,1,0,0,0,0,0,0,1,1,0,0,1,0,0,1,0.0034,0,0,0,0,1,0,0,0,0,0,1,0,0,0,0,0,0,0,0,0,0.4347
1,1,0,1,1,0,0,0,1,0,0,0,1,0,0,0,1,1,1,0.3151,1,0,0,0,0,0,0,0,0,0,0,0,0,0,0,0,0,0,0,1,0.8517
1,1,0,1,1,0,0,0,0,0,0,1,1,0,0,0,1,1,1,0.8993,1,0,0,0,0,0,0,0,0,0,1,0,0,0,0,0,0,0,1,1,1.0168
1,0,1,0,1,0,1,0,0,0,0,0,1,1,0,0,0,0,0,0.1008,0,0,0,0,0,0,0,0,0,0,0,0,0,0,0,0,0,0,0,0,0.4377
1,0,0,0,1,0,0,0,0,0,0,1,1,0,1,0,0,1,0,0.6804,0,0,0,0,0,0,0,0,0,0,0,0,0,0,0,0,0,0,1,0,0.8577
1,1,1,0,1,0,0,0,0,1,0,0,1,0,0,1,0,0,1,0.7377,0,1,0,1,0,0,0,0,0,0,0,0,0,0,1,0,0,0,0,0,0.5921
1,0,0,0,1,0,0,0,0,1,0,0,1,0,1,0,0,1,0,0.8735,0,0,0,0,0,0,0,0,0,0,0,0,0,1,0,0,1,0,0,0,0.281
1,0,0,1,1,0,1,0,0,0,0,0,1,0,0,0,1,0,0,0.7347,0,0,0,0,0,0,0,0,0,0,0,0,0,0,0,0,0,0,0,0,0.8109
1,1,1,0,1,1,0,0,0,0,0,0,1,1,0,0,0,1,1,0.9052,0,1,0,0,0,0,0,1,0,0,0,0,0,0,0,0,0,0,0,1,0.7393
1,0,0,1,1,0,0,1,0,0,0,0,1,0,0,1,0,0,1,0.8918,0,0,0,0,0,0,0,0,0,0,0,0,0,0,0,0,0,0,0,0,0.6145
1,1,0,0,1,0,0,1,0,0,0,0,1,0,0,0,1,1,1,0.0826,1,0,1,0,0,0,0,0,0,0,0,0,0,0,0,0,0,0,0,1,0.2875
1,1,1,0,1,0,1,0,0,0,0,0,1,1,0,0,0,1,1,0.7544,0,1,0,0,0,0,0,1,0,0,0,1,0,0,0,0,0,0,0,1,0.1699
1,0,0,1,1,0,1,0,0,0,0,0,1,0,1,0,0,0,1,0.0994,0,0,0,0,0,0,0,0,0,0,0,0,0,0,0,0,0,0,0,0,0.8443
1,0,0,1,1,0,0,0,0,1,0,0,1,1,0,0,0,0,1,0.9008,0,0,0,0,0,0,0,0,0,0,0,0,0,0,0,0,0,0,0,0,1.0131
1,1,0,1,1,0,0,0,0,0,1,0,1,0,0,0,1,1,1,0.5538,1,0,0,0,0,0,0,0,0,0,0,0,0,0,0,0,0,1,0,1,0.2359
1,0,1,0,1,1,0,0,0,0,0,0,1,0,1,0,0,0,0,0.0108,0,0,0,0,0,0,0,0,0,0,0,0,0,0,0,0,0,0,0,0,0.4852
1,0,1,0,1,1,0,0,0,0,0,0,1,0,1,0,0,0,1,0.8057,0,0,0,0,0,0,0,0,0,0,0,0,0,0,0,0,0,0,0,0,0.4852
1,1,0,0,1,0,0,1,0,0,0,0,1,1,0,0,0,1,1,0.0039,0,0,1,0,0,0,0,0,1,0,0,0,0,0,0,0,0,0,0,1,-0.1127
1,0,0,0,1,0,0,0,0,0,0,1,1,0,1,0,0,0,1,0.0092,0,0,0,0,0,0,0,0,0,0,0,0,0,0,0,0,0,0,0,0,0.8071
1,1,0,1,1,0,0,0,0,1,0,0,1,0,0,0,1,1,1,0.098,1,0,0,1,0,0,0,0,0,0,0,0,0,0,0,0,1,0,0,1,1.0605
1,0,1,0,1,0,0,1,0,0,0,0,1,0,0,1,0,0,1,0.8996,0,0,0,0,0,1,0,0,0,0,0,0,0,0,0,0,0,0,0,0,0.9765
1,0,0,0,1,0,0,0,0,0,1,0,1,0,1,0,0,0,1,0.1034,0,0,0,0,0,0,0,0,0,0,0,0,0,0,0,0,0,1,0,0,0.2285
1,0,1,0,1,0,0,1,0,0,0,0,1,0,0,1,0,0,0,0.0926,0,0,0,0,0,1,0,0,0,0,0,0,0,0,0,0,0,0,0,0,0.9765
1,0,1,1,1,0,0,0,0,0,0,1,1,0,0,0,1,1,1,0.7277,1,0,0,0,1,0,0,1,0,0,1,0,0,0,0,0,0,0,1,1,0.8041
1,1,1,0,1,0,1,0,0,0,0,0,1,0,0,1,0,0,1,0.7991,0,1,0,0,0,0,0,0,0,0,0,0,0,0,0,0,0,0,0,0,0.7458
1,0,1,1,1,0,0,0,0,1,0,0,1,0,0,0,1,1,1,0.911,1,0,0,0,1,0,1,1,0,0,0,0,0,0,0,0,1,0,0,1,0.9186
1,1,1,0,1,0,1,0,0,0,0,0,1,0,0,1,0,1,1,0.9137,0,1,0,0,0,0,0,1,0,0,0,1,0,0,0,0,0,0,0,1,0.1699
1,0,1,1,1,0,0,0,0,0,1,0,1,0,0,0,1,1,1,0.0958,1,0,0,0,1,0,0,1,0,0,0,0,0,0,0,0,0,1,0,1,0.0232
1,0,0,1,1,0,0,0,0,0,1,0,1,0,1,0,0,0,1,0.0984,0,0,0,0,0,0,0,0,0,0,0,0,0,0,0,0,0,1,0,0,0.2285
1,0,0,1,1,0,1,0,0,0,0,0,1,0,0,0,1,0,1,0.9109,1,0,0,0,0,0,0,0,0,0,0,0,0,0,0,0,0,0,0,0,1.0717
1,0,0,1,1,0,1,0,0,0,0,0,1,1,0,0,0,0,0,0.7347,0,0,0,0,0,0,0,0,0,0,0,0,0,0,0,0,0,0,0,0,0.7968
1,0,1,1,1,0,0,0,1,0,0,0,1,0,0,0,1,1,1,0.91,1,0,0,0,1,0,0,1,0,0,0,0,0,0,0,0,0,0,0,1,0.639
1,1,1,0,1,1,0,0,0,0,0,0,1,0,0,1,0,0,1,0.9181,0,1,0,0,0,0,0,0,0,0,0,0,0,0,0,0,0,0,0,0,0.7458
1,1,1,0,1,0,0,0,0,0,1,0,1,0,0,1,0,1,0,0.0067,0,1,0,0,0,0,0,1,0,0,0,0,0,0,0,1,0,0,0,0,1.4716
1,1,1,0,1,1,0,0,0,0,0,0,1,0,0,1,0,1,1,0.1105,0,1,0,0,0,0,0,1,0,0,0,0,0,0,0,0,0,0,0,1,0.7393
1,1,1,1,1,0,0,0,0,0,1,0,1,0,0,0,1,0,1,0.3452,1,1,0,0,1,0,0,0,0,0,0,0,0,0,0,0,0,1,0,0,0.3378
1,1,1,1,1,0,0,0,1,0,0,0,1,0,0,0,1,1,0,0.8918,0,1,0,0,1,0,0,1,0,0,0,0,0,0,0,0,0,0,0,0,0.8558
1,1,0,0,1,0,0,1,0,0,0,0,1,0,1,0,0,1,1,0.4483,0,0,1,0,0,0,0,0,0,0,0,0,0,0,0,0,0,0,0,1,0.0601
1,1,1,1,1,0,0,0,0,1,0,0,1,0,0,0,1,1,0,0.1045,0,1,0,1,1,0,1,1,0,0,0,0,0,0,0,0,1,0,0,0,1.0158
1,0,0,1,1,0,0,0,0,0,0,1,1,0,1,0,0,0,1,0.9031,0,0,0,0,0,0,0,0,0,0,1,0,0,0,0,0,0,0,0,0,0.9082
1,0,0,1,1,0,0,0,0,1,0,0,1,0,1,0,0,0,1,0.9132,0,0,0,0,0,0,0,0,0,0,0,0,0,1,0,0,0,0,0,0,0.2196
1,0,0,1,1,1,0,0,0,0,0,0,1,1,0,0,0,0,1,0.9097,0,0,0,0,0,0,0,0,0,0,0,0,0,0,0,0,0,0,0,0,0.7968
1,0,0,0,1,0,0,0,0,1,0,0,1,0,1,0,0,0,1,0.9084,0,0,0,0,0,0,0,0,0,0,0,0,0,1,0,0,0,0,0,0,0.2196
1,1,1,1,1,0,0,0,0,0,0,1,1,0,0,0,1,0,1,0.9017,1,1,0,0,1,0,0,0,0,0,1,0,0,0,0,0,0,0,0,0,1.0175
1,1,0,1,1,0,1,0,0,0,0,0,1,0,0,0,1,1,1,0.9032,1,0,0,0,0,0,0,0,0,0,0,1,0,0,0,0,0,0,0,1,0.2823
1,0,1,0,1,0,0,0,0,1,0,0,1,0,1,0,0,0,1,0.8316,0,0,0,0,0,0,0,0,0,0,0,0,0,1,0,0,0,0,0,0,-0.1395
1,0,0,0,1,1,0,0,0,0,0,0,1,0,1,0,0,1,0,0.894,0,0,0,0,0,0,0,0,0,0,0,0,0,0,0,0,0,0,0,0,0.7938
1,1,1,0,1,0,0,1,0,0,0,0,1,0,0,0,1,0,1,0.8426,1,1,1,0,0,1,0,0,0,0,0,0,0,0,0,0,0,0,0,0,1.1775
1,1,0,0,1,0,1,0,0,0,0,0,1,0,0,0,1,0,0,0.91,0,0,0,0,0,0,0,0,0,0,0,0,0,0,0,0,0,0,0,0,0.8109
1,0,1,0,1,0,0,0,0,0,0,1,1,0,1,0,0,0,0,0.7295,0,0,0,0,0,0,0,0,0,0,0,0,0,0,0,0,0,0,0,0,0.448
1,1,0,1,1,1,0,0,0,0,0,0,1,0,0,0,1,1,1,0.91,1,0,0,0,0,0,0,0,0,0,0,0,0,0,0,0,0,0,0,1,0.8517
1,0,1,0,1,0,0,0,0,0,1,0,1,0,1,0,0,0,1,0.8005,0,0,0,0,0,0,0,0,0,0,0,0,0,0,0,0,0,1,0,0,-0.1306
1,0,1,0,1,1,0,0,0,0,0,0,1,1,0,0,0,0,1,0.4398,0,0,0,0,0,0,0,0,0,0,0,0,0,0,0,0,0,0,0,0,0.4377
1,1,1,1,1,0,0,0,1,0,0,0,1,0,0,0,1,0,1,0.9032,1,1,0,0,1,0,0,0,0,0,0,0,0,0,0,0,0,0,0,0,0.9536
1,0,0,1,1,0,0,0,0,0,0,1,1,0,0,1,0,1,1,0.885,0,0,0,0,0,0,0,0,0,0,1,0,0,0,0,0,0,0,1,1,0.7419
1,0,1,1,1,1,0,0,0,0,0,0,1,0,0,0,1,1,1,0.9015,1,0,0,0,1,0,0,1,0,0,0,0,0,0,0,0,0,0,0,1,0.639
1,1,1,0,1,0,0,1,0,0,0,0,1,1,0,0,0,1,0,0.3007,0,1,1,0,0,1,0,1,1,0,0,0,0,0,0,0,0,0,0,0,0.9403
1,1,1,1,1,0,0,0,0,0,1,0,1,0,0,0,1,1,0,0.0033,0,1,0,0,1,0,0,1,0,0,0,0,0,0,0,0,0,0,0,0,0.7013
1,1,1,1,1,0,0,0,0,0,0,1,1,0,0,0,1,1,0,0.908,0,1,0,0,1,0,0,1,0,0,1,0,0,0,0,0,0,0,1,0,1.0209
1,1,0,0,1,0,1,0,0,0,0,0,1,1,0,0,0,0,0,0.8798,0,0,0,0,0,0,0,0,0,0,0,0,0,0,0,0,0,0,0,0,0.7968
1,1,0,0,1,0,0,1,0,0,0,0,1,0,0,1,0,0,0,0.6441,0,0,1,0,0,0,0,0,0,0,0,0,0,0,0,0,0,0,0,0,0.2326
1,1,1,0,1,0,1,0,0,0,0,0,1,0,0,1,0,1,0,0.8695,0,1,0,0,0,0,0,1,0,0,0,1,0,0,0,0,0,0,0,0,0.3394
1,0,1,0,1,0,1,0,0,0,0,0,1,0,0,0,1,0,0,0.9049,0,0,0,0,0,0,0,0,0,0,0,0,0,0,0,0,0,0,0,0,0.4518
1,0,1,0,1,0,0,0,0,0,1,0,1,0,1,0,0,0,0,0.8875,0,0,0,0,0,0,0,0,0,0,0,0,0,0,0,0,0,0,0,0,0.3307
1,0,1,0,1,0,0,0,0,1,0,0,1,0,1,0,0,0,0,0.8798,0,0,0,0,0,0,0,0,0,0,0,0,0,1,0,0,0,0,0,0,-0.1395
1,0,1,0,1,0,0,0,0,0,0,1,1,0,1,0,0,0,1,0.8504,0,0,0,0,0,0,0,0,0,0,0,0,0,0,0,0,0,0,0,0,0.448
1,0,0,0,1,1,0,0,0,0,0,0,1,0,1,0,0,0,1,0.4361,0,0,0,0,0,0,0,0,0,0,0,0,0,0,0,0,0,0,0,0,0.8443
1,1,1,0,1,1,0,0,0,0,0,0,1,0,0,1,0,1,0,0.0971,0,1,0,0,0,0,0,1,0,0,0,0,0,0,0,0,0,0,0,0,0.9087
1,1,1,0,1,0,0,0,0,1,0,0,1,0,0,1,0,1,0,0.1034,0,1,0,1,0,0,1,1,0,0,0,0,0,0,1,0,1,0,0,0,0.8183
1,1,1,0,1,0,0,0,1,0,0,0,1,0,0,1,0,1,0,0.7381,0,1,0,0,0,0,0,1,0,0,0,0,0,0,0,0,0,0,0,0,0.9087
1,0,1,0,1,0,1,0,0,0,0,0,1,0,0,0,1,0,1,0.87,1,0,0,0,0,0,0,0,0,0,0,0,0,0,0,0,0,0,0,0,0.7126
1,0,1,1,1,0,1,0,0,0,0,0,1,0,0,0,1,1,1,0.5138,1,0,0,0,1,0,0,1,0,0,0,1,0,0,0,0,0,0,0,1,0.0697
1,0,1,0,1,0,0,1,0,0,0,0,1,0,1,0,0,0,1,0.9143,0,0,0,0,0,1,0,0,0,0,0,0,0,0,0,0,0,0,0,0,1.024
1,1,0,0,1,0,0,1,0,0,0,0,1,1,0,0,0,0,0,0.8975,0,0,1,0,0,0,0,0,1,0,0,0,0,0,0,0,0,0,0,0,0.1073
1,1,0,0,1,0,0,1,0,0,0,0,1,0,0,1,0,0,1,0.8996,0,0,1,0,0,0,0,0,0,0,0,0,0,0,0,0,0,0,0,0,0.2326
1,1,0,0,1,0,1,0,0,0,0,0,1,0,0,0,1,0,1,0.917,1,0,0,0,0,0,0,0,0,0,0,0,0,0,0,0,0,0,0,0,1.0717
1,1,1,1,1,0,0,0,0,1,0,0,1,0,0,0,1,0,1,0.0958,1,1,0,1,1,0,0,0,0,0,0,0,0,0,0,0,0,0,0,0,1.0504
1,1,1,1,1,0,0,0,1,0,0,0,1,1,0,0,0,1,0,0.8343,0,1,0,0,1,0,0,1,0,0,0,0,0,0,0,0,0,0,0,0,0.8417
1,0,1,0,1,0,0,0,0,0,1,0,1,0,0,0,1,0,0,0.9129,0,0,0,0,0,0,0,0,0,0,0,0,0,0,0,0,0,0,0,0,0.2974
1,1,1,0,1,0,0,1,0,0,0,0,1,0,0,0,1,1,0,0.7068,0,1,1,0,0,1,0,1,0,0,0,0,0,0,0,0,0,0,0,0,1.0797
1,1,0,0,1,1,0,0,0,0,0,0,1,1,0,0,0,0,1,0.7888,0,0,0,0,0,0,0,0,0,0,0,0,0,0,0,0,0,0,0,0,0.7968
1,1,1,1,1,0,0,0,0,1,0,0,1,1,0,0,0,1,0,0.9165,0,1,0,1,1,0,1,1,0,0,0,0,0,0,0,0,1,0,0,0,1.0017
1,1,1,0,1,0,0,1,0,0,0,0,1,1,0,0,0,0,1,0.0116,0,1,1,0,0,1,0,0,1,0,0,0,0,0,0,0,0,0,0,0,0.7773
1,1,1,1,1,0,0,0,0,1,0,0,1,0,0,1,0,0,0,0.7315,0,1,0,1,1,0,0,0,0,0,0,0,0,0,1,0,0,0,0,0,0.5251
1,1,1,1,1,0,1,0,0,0,0,0,1,0,0,1,0,0,0,0.0033,0,1,0,0,1,0,0,0,0,0,0,0,0,0,0,0,0,0,0,0,0.6787
1,1,1,1,1,0,0,0,0,0,0,1,1,1,0,0,0,1,0,0.9114,0,1,0,0,1,0,0,1,0,1,1,0,0,0,0,0,0,0,1,0,1.1816
1,0,0,0,1,0,0,0,1,0,0,0,1,0,0,1,0,0,1,0.1915,0,0,0,0,0,0,0,0,0,0,0,0,0,0,0,0,0,0,0,0,0.7968
1,1,1,1,1,0,0,0,0,0,1,0,1,1,0,0,0,1,0,0.7327,0,1,0,0,1,0,0,1,0,0,0,0,0,0,0,0,0,0,0,0,0.6872
1,1,1,0,1,0,0,1,0,0,0,0,1,0,1,0,0,0,1,0.7951,0,1,1,0,0,1,0,0,0,0,0,0,0,0,0,0,0,0,0,0,0.9501
1,1,1,1,1,0,0,0,0,0,1,0,1,0,0,1,0,0,0,0.4472,0,1,0,0,1,0,0,0,0,0,0,0,0,0,0,1,0,0,0,0,1.2416
1,0,1,0,1,0,0,0,0,0,0,1,1,0,0,0,1,0,0,0.9097,0,0,0,0,0,0,0,0,0,0,0,0,0,0,0,0,0,0,0,0,0.4147
1,1,1,1,1,0,1,0,0,0,0,0,1,0,0,0,1,1,0,0.0951,0,1,0,0,1,0,0,1,0,0,0,1,0,0,0,0,0,0,0,0,0.2864
1,0,0,0,1,1,0,0,0,0,0,0,1,0,0,0,1,0,1,0.9001,1,0,0,0,0,0,0,0,0,0,0,0,0,0,0,0,0,0,0,0,1.0717
1,1,1,1,1,1,0,0,0,0,0,0,1,0,0,0,1,1,0,0.9062,0,1,0,0,1,0,0,1,0,0,0,0,0,0,0,0,0,0,0,0,0.8558
1,1,0,0,1,0,0,0,0,0,0,1,1,0,1,0,0,0,1,0.1107,0,0,0,0,0,0,0,0,0,0,0,0,0,0,0,0,0,0,0,0,0.8071
1,1,1,0,1,0,0,1,0,0,0,0,1,0,0,1,0,0,0,0.0888,0,1,1,0,0,1,0,0,0,0,0,0,0,0,0,0,0,0,0,0,0.9026
1,1,0,0,1,0,0,0,0,0,1,0,1,0,1,0,0,0,1,0.1201,0,0,0,0,0,0,0,0,0,0,0,0,0,0,0,0,0,1,0,0,0.2285
1,1,0,0,1,0,0,0,0,1,0,0,1,0,1,0,0,0,1,0.8798,0,0,0,1,0,0,0,0,0,0,0,0,0,1,0,0,0,0,0,0,0.1001
1,0,1,0,1,0,0,0,0,1,0,0,1,0,0,0,1,0,0,0.7345,0,0,0,0,0,0,0,0,0,0,0,0,0,0,0,0,0,0,0,0,0.6681
1,1,1,1,1,1,0,0,0,0,0,0,1,0,0,0,1,0,1,0.0862,1,1,0,0,1,0,0,0,0,0,0,0,0,0,0,0,0,0,0,0,0.9536
1,1,0,1,1,0,0,0,0,0,0,1,1,0,0,1,0,0,1,0.1003,0,0,0,0,0,0,0,0,0,0,1,0,0,0,0,0,0,0,0,0,0.8608
1,0,0,1,1,1,0,0,0,0,0,0,1,0,0,1,0,0,1,0.9086,0,0,0,0,0,0,0,0,0,0,0,0,0,0,0,0,0,0,0,0,0.7968
1,1,1,1,1,0,0,0,1,0,0,0,1,0,0,1,0,0,0,0.7381,0,1,0,0,1,0,0,0,0,0,0,0,0,0,0,0,0,0,0,0,0.6787
1,0,1,1,1,0,0,0,1,0,0,0,1,1,0,0,0,1,1,0.7068,0,0,0,0,1,0,0,1,0,0,0,0,0,0,0,0,0,0,0,1,0.3642
1,1,0,0,1,0,0,0,0,1,0,0,1,0,0,1,0,0,1,0.8975,0,0,0,1,0,0,0,0,0,0,0,0,0,0,1,0,0,0,0,0,0.6432
1,1,1,1,1,1,0,0,0,0,0,0,1,0,0,1,0,0,0,0.8863,0,1,0,0,1,0,0,0,0,0,0,0,0,0,0,0,0,0,0,0,0.6787
1,1,0,0,1,0,0,0,0,0,1,0,1,0,0,1,0,0,1,0.1017,0,0,0,0,0,0,0,0,0,0,0,0,0,0,0,1,0,1,0,0,0.8984
1,0,1,1,1,0,0,0,0,0,1,0,1,1,0,0,0,1,1,0.0102,0,0,0,0,1,0,0,1,0,0,0,0,0,0,0,0,0,1,0,1,-0.2516
1,1,1,1,1,0,1,0,0,0,0,0,1,0,1,0,0,0,0,0.8327,0,1,0,0,1,0,0,0,0,0,0,0,0,0,0,0,0,0,0,0,0.7262
1,1,1,1,1,0,1,0,0,0,0,0,1,0,0,0,1,0,1,0.8471,1,1,0,0,1,0,0,0,0,0,0,0,0,0,0,0,0,0,0,0,0.9536
1,1,0,0,1,0,1,0,0,0,0,0,1,0,0,1,0,0,1,0.0034,0,0,0,0,0,0,0,0,0,0,0,0,0,0,0,0,0,0,0,0,0.7968
1,1,1,1,1,1,0,0,0,0,0,0,1,0,0,1,0,0,1,0.0033,0,1,0,0,1,0,0,0,0,0,0,0,0,0,0,0,0,0,0,0,0.6787
1,1,1,1,1,1,0,0,0,0,0,0,1,0,1,0,0,0,0,0.8698,0,1,0,0,1,0,0,0,0,0,0,0,0,0,0,0,0,0,0,0,0.7262
1,0,1,1,1,0,0,0,0,1,0,0,1,1,0,0,0,1,1,0.9177,0,0,0,0,1,0,1,1,0,0,0,0,0,0,0,0,1,0,0,1,0.6437
1,1,1,1,1,0,0,1,0,0,0,0,1,1,0,0,0,0,0,0.0039,0,1,1,0,1,1,0,0,1,0,0,0,0,0,0,0,0,0,0,0,0.7103
1,1,0,0,1,0,0,0,0,1,0,0,1,0,0,0,1,0,0,0.0086,0,0,0,1,0,0,0,0,0,0,0,0,0,0,0,0,0,0,0,0,0.9077
1,1,1,1,1,0,0,0,0,0,1,0,1,0,1,0,0,0,0,0.8875,0,1,0,0,1,0,0,0,0,0,0,0,0,0,0,0,0,0,0,0,0.5717
1,0,1,1,1,0,0,0,0,0,0,1,1,1,0,0,0,1,1,0.7176,0,0,0,0,1,0,0,1,0,1,1,0,0,0,0,0,0,0,1,1,0.7041
1,0,1,0,1,0,0,1,0,0,0,0,1,1,0,0,0,0,0,0.8734,0,0,0,0,0,1,0,0,1,0,0,0,0,0,0,0,0,0,0,0,0.8512
1,1,0,0,1,0,0,0,0,0,0,1,1,0,0,1,0,0,1,0.0088,0,0,0,0,0,0,0,0,0,0,0,0,0,0,0,0,0,0,0,0,0.7596
1,0,0,1,1,0,0,0,0,0,1,0,1,0,0,0,1,0,0,0.8682,0,0,0,0,0,0,0,0,0,0,0,0,0,0,0,0,0,0,0,0,0.6564
1,0,1,0,1,0,0,0,0,0,1,0,1,0,0,1,0,0,1,0.8664,0,0,0,0,0,0,0,0,0,0,0,0,0,0,0,1,0,1,0,0,0.5393
1,0,0,1,1,0,0,0,0,0,0,1,1,0,0,0,1,0,0,0.3879,0,0,0,0,0,0,0,0,0,0,1,0,0,0,0,0,0,0,0,0,0.8749
1,1,1,1,1,1,0,0,0,0,0,0,1,0,0,1,0,1,0,0.0917,0,1,0,0,1,0,0,1,0,0,0,0,0,0,0,0,0,0,0,0,0.8417
1,1,1,1,1,0,0,1,0,0,0,0,1,0,0,0,1,0,0,0.9066,0,1,1,0,1,1,0,0,0,0,0,0,0,0,0,0,0,0,0,0,0.8497
1,0,0,0,1,1,0,0,0,0,0,0,1,0,0,0,1,1,0,0.0964,0,0,0,0,0,0,0,0,0,0,0,0,0,0,0,0,0,0,0,0,0.7604
1,0,1,0,1,0,0,0,1,0,0,0,1,0,0,1,0,0,0,0.8862,0,0,0,0,0,0,0,0,0,0,0,0,0,0,0,0,0,0,0,0,0.4377
1,1,1,1,1,0,0,0,0,1,0,0,1,0,1,0,0,0,0,0.9127,0,1,0,1,1,0,0,0,0,0,0,0,0,1,0,0,0,0,0,0,-0.018
1,0,0,1,1,1,0,0,0,0,0,0,1,0,0,0,1,0,0,0.8696,0,0,0,0,0,0,0,0,0,0,0,0,0,0,0,0,0,0,0,0,0.8109
1,0,1,0,1,0,0,0,0,1,0,0,1,0,0,1,0,0,1,0.6685,0,0,0,0,0,0,0,0,0,0,0,0,0,0,1,0,0,0,0,0,0.4036
1,0,0,0,1,0,0,0,1,0,0,0,1,0,0,0,1,1,1,0.7955,1,0,0,0,0,0,0,0,0,0,0,0,0,0,0,0,0,0,0,1,0.8517
1,1,1,1,1,0,0,0,0,1,0,0,1,1,0,0,0,0,1,0.9008,0,1,0,1,1,0,0,0,0,0,0,0,0,0,0,0,0,0,0,0,0.7755
1,1,1,1,1,0,0,0,1,0,0,0,1,1,0,0,0,0,1,0.664,0,1,0,0,1,0,0,0,0,0,0,0,0,0,0,0,0,0,0,0,0.6787
1,1,1,1,1,0,0,0,0,0,0,1,1,1,0,0,0,0,1,0.3119,0,1,0,0,1,0,0,0,0,1,1,0,0,0,0,0,0,0,0,0,0.9175
1,1,0,0,1,0,0,0,0,0,1,0,1,0,0,0,1,0,0,0.7182,0,0,0,0,0,0,0,0,0,0,0,0,0,0,0,0,0,0,0,0,0.6564
1,1,1,1,1,0,0,0,0,0,1,0,1,1,0,0,0,0,1,0.3938,0,1,0,0,1,0,0,0,0,0,0,0,0,0,0,0,0,1,0,0,0.0629
1,0,0,1,1,0,0,0,0,1,0,0,1,0,0,0,1,0,0,0.097,0,0,0,0,0,0,0,0,0,0,0,0,0,0,0,0,0,0,0,0,1.0272
1,0,1,0,1,0,0,0,0,0,0,1,1,0,0,1,0,0,1,0.0819,0,0,0,0,0,0,0,0,0,0,0,0,0,0,0,0,0,0,0,0,0.4005
1,1,1,1,1,0,1,0,0,0,0,0,1,1,0,0,0,1,0,0.8877,0,1,0,0,1,0,0,1,0,0,0,1,0,0,0,0,0,0,0,0,0.2723
1,1,1,1,1,0,0,0,1,0,0,0,1,0,1,0,0,0,0,0.8504,0,1,0,0,1,0,0,0,0,0,0,0,1,0,0,0,0,0,0,0,0.8504
1,1,0,1,1,0,0,0,0,0,0,1,1,0,0,1,0,1,0,0.8996,0,0,0,0,0,0,0,0,0,0,1,0,0,0,0,0,0,0,1,0,0.9114
1,0,0,1,1,0,0,1,0,0,0,0,1,1,0,0,0,0,0,0.6507,0,0,0,0,0,0,0,0,1,0,0,0,0,0,0,0,0,0,0,0,0.4892
1,1,1,1,1,0,0,0,0,1,0,0,1,1,0,0,0,0,0,0.901,0,1,0,1,1,0,0,0,0,0,0,0,0,0,0,0,0,0,0,0,0.7755
1,0,0,0,1,0,0,0,0,0,0,1,1,0,0,0,1,1,0,0.9062,0,0,0,0,0,0,0,0,0,0,0,0,0,0,0,0,0,0,1,0,0.8244
1,1,0,0,1,0,0,0,1,0,0,0,1,0,1,0,0,0,0,0.906,0,0,0,0,0,0,0,0,0,0,0,0,1,0,0,0,0,0,0,0,0.9685
1,0,1,0,1,1,0,0,0,0,0,0,1,0,0,0,1,0,0,0.6344,0,0,0,0,0,0,0,0,0,0,0,0,0,0,0,0,0,0,0,0,0.4518
1,1,1,1,1,0,1,0,0,0,0,0,1,1,0,0,0,0,0,0.3237,0,1,0,0,1,0,0,0,0,0,0,0,0,0,0,0,0,0,0,0,0.6787
1,0,0,1,1,0,0,1,0,0,0,0,1,0,0,0,1,0,1,0.9154,1,0,0,0,0,0,0,0,0,0,0,0,0,0,0,0,0,0,0,0,0.8893
1,0,1,0,1,1,0,0,0,0,0,0,1,0,0,1,0,0,1,0.8696,0,0,0,0,0,0,0,0,0,0,0,0,0,0,0,0,0,0,0,0,0.4377
1,0,1,0,1,0,1,0,0,0,0,0,1,0,0,1,0,0,1,0.803,0,0,0,0,0,0,0,0,0,0,0,0,0,0,0,0,0,0,0,0,0.4377
1,0,1,0,1,0,0,1,0,0,0,0,1,0,0,0,1,0,1,0.8973,1,0,0,0,0,1,0,0,0,0,0,0,0,0,0,0,0,0,0,0,1.2514
1,0,0,1,1,0,0,0,0,0,1,0,1,0,0,1,0,0,1,0.8754,0,0,0,0,0,0,0,0,0,0,0,0,0,0,0,1,0,1,0,0,0.8984
1,0,0,0,1,0,0,0,0,1,0,0,1,0,0,0,1,1,0,0.8876,0,0,0,0,0,0,0,0,0,0,0,0,0,0,0,0,1,0,0,0,1.0886
1,0,0,1,1,0,1,0,0,0,0,0,1,0,0,1,0,0,1,0.7108,0,0,0,0,0,0,0,0,0,0,0,0,0,0,0,0,0,0,0,0,0.7968
1,1,1,1,1,0,0,0,1,0,0,0,1,1,0,0,0,0,0,0.0048,0,1,0,0,1,0,0,0,0,0,0,0,0,0,0,0,0,0,0,0,0.6787
1,0,0,1,1,0,0,1,0,0,0,0,1,0,0,1,0,0,0,0.9103,0,0,0,0,0,0,0,0,0,0,0,0,0,0,0,0,0,0,0,0,0.6145
1,1,0,0,1,1,0,0,0,0,0,0,1,0,0,1,0,0,1,0.6418,0,0,0,0,0,0,0,0,0,0,0,0,0,0,0,0,0,0,0,0,0.7968
1,1,1,1,1,0,0,0,0,0,1,0,1,1,0,0,0,0,0,0.8875,0,1,0,0,1,0,0,0,0,0,0,0,0,0,0,0,0,0,0,0,0.5242
1,1,1,1,1,1,0,0,0,0,0,0,1,1,0,0,0,0,0,0.8971,0,1,0,0,1,0,0,0,0,0,0,0,0,0,0,0,0,0,0,0,0.6787
1,0,0,1,1,0,0,0,0,1,0,0,1,0,0,1,0,0,1,0.9113,0,0,0,0,0,0,0,0,0,0,0,0,0,0,1,0,0,0,0,0,0.7626
1,0,0,0,1,0,0,0,0,0,1,0,1,0,0,0,1,0,1,0.4118,1,0,0,0,0,0,0,0,0,0,0,0,0,0,0,0,0,1,0,0,0.4558
1,1,0,1,1,0,0,0,0,0,1,0,1,1,0,0,0,1,1,0.8057,0,0,0,0,0,0,0,0,0,0,0,0,0,0,0,0,0,1,0,1,-0.039
1,0,0,1,1,0,0,0,0,0,0,1,1,1,0,0,0,0,0,0.8056,0,0,0,0,0,0,0,0,0,1,1,0,0,0,0,0,0,0,0,0,1.0356
1,0,1,0,1,0,0,0,1,0,0,0,1,0,1,0,0,0,0,0.6344,0,0,0,0,0,0,0,0,0,0,0,0,1,0,0,0,0,0,0,0,0.6094
1,1,0,1,1,0,0,0,1,0,0,0,1,1,0,0,0,1,1,0.9124,0,0,0,0,0,0,0,0,0,0,0,0,0,0,0,0,0,0,0,1,0.5768
1,0,0,0,1,0,0,0,0,1,0,0,1,0,0,0,1,0,1,0.8967,1,0,0,0,0,0,0,0,0,0,0,0,0,0,0,0,0,0,0,0,1.2879
1,0,0,0,1,0,0,0,1,0,0,0,1,0,0,1,0,1,1,0.9132,0,0,0,0,0,0,0,0,0,0,0,0,0,0,0,0,0,0,0,1,0.5768
1,1,1,1,1,0,1,0,0,0,0,0,1,0,0,0,1,0,0,0.9147,0,1,0,0,1,0,0,0,0,0,0,0,0,0,0,0,0,0,0,0,0.6928
1,1,0,0,1,1,0,0,0,0,0,0,1,0,0,0,1,0,0,0.2964,0,0,0,0,0,0,0,0,0,0,0,0,0,0,0,0,0,0,0,0,0.8109
1,1,0,1,1,0,0,0,0,0,0,1,1,1,0,0,0,1,1,0.8898,0,0,0,0,0,0,0,0,0,1,1,0,0,0,0,0,0,0,1,1,0.9167
1,0,1,1,1,0,1,0,0,0,0,0,1,1,0,0,0,1,1,0.0088,0,0,0,0,1,0,0,1,0,0,0,1,0,0,0,0,0,0,0,1,-0.2052
1,0,1,1,1,1,0,0,0,0,0,0,1,0,0,1,0,1,1,0.6256,0,0,0,0,1,0,0,1,0,0,0,0,0,0,0,0,0,0,0,1,0.3642
1,1,0,1,1,0,0,1,0,0,0,0,1,0,1,0,0,1,1,0.0977,0,0,1,0,0,0,0,0,0,0,0,0,0,0,0,0,0,0,0,1,0.0601
1,0,0,0,1,0,0,0,0,0,1,0,1,0,0,0,1,1,0,0.0149,0,0,0,0,0,0,0,0,0,0,0,0,0,0,0,0,0,0,0,0,0.6059
1,0,0,1,1,0,0,0,0,0,0,1,1,0,0,1,0,0,1,0.0142,0,0,0,0,0,0,0,0,0,0,1,0,0,0,0,0,0,0,0,0,0.8608
1,1,0,0,1,0,0,1,0,0,0,0,1,0,0,0,1,0,1,0.0848,1,0,1,0,0,0,0,0,0,0,0,0,0,0,0,0,0,0,0,0,0.5074
1,1,1,0,1,0,0,0,0,0,0,1,1,0,0,1,0,0,1,0.5138,0,1,0,0,0,0,0,0,0,0,0,0,0,0,0,0,0,0,0,0,0.7086
1,1,1,1,1,0,0,0,0,0,1,0,1,0,0,0,1,0,0,0.3151,0,1,0,0,1,0,0,0,0,0,0,0,0,0,0,0,0,0,0,0,0.5383
1,1,0,1,1,0,0,0,0,1,0,0,1,1,0,0,0,1,1,0.8917,0,0,0,1,0,0,0,0,0,0,0,0,0,0,0,0,1,0,0,1,0.7856
1,0,0,0,1,0,0,0,1,0,0,0,1,0,1,0,0,1,0,0.7381,0,0,0,0,0,0,0,0,0,0,0,0,1,0,0,0,0,0,0,0,0.918
1,1,0,1,1,0,0,0,0,1,0,0,1,0,0,1,0,1,1,0.352,0,0,0,1,0,0,0,0,0,0,0,0,0,0,1,0,1,0,0,1,0.5352
1,0,1,1,1,0,0,0,0,1,0,0,1,0,0,1,0,0,0,0.7328,0,0,0,0,1,0,0,0,0,0,0,0,0,0,1,0,0,0,0,0,0.3365
1,1,1,0,1,0,0,0,0,0,0,1,1,0,0,1,0,1,0,0.0878,0,1,0,0,0,0,0,1,0,0,0,0,0,0,0,0,0,0,1,0,0.9727
1,1,0,1,1,0,0,0,0,0,1,0,1,0,0,1,0,1,1,0.0085,0,0,0,0,0,0,0,0,0,0,0,0,0,0,0,1,0,1,0,1,0.6784
1,0,0,0,1,0,0,0,0,0,0,1,1,0,0,0,1,0,1,0.0092,1,0,0,0,0,0,0,0,0,0,0,0,0,0,0,0,0,0,0,0,1.0345
1,1,0,1,1,0,0,0,1,0,0,0,1,0,0,1,0,1,1,0.3819,0,0,0,0,0,0,0,0,0,0,0,0,0,0,0,0,0,0,0,1,0.5768
1,1,1,1,1,0,0,0,1,0,0,0,1,0,0,0,1,0,0,0.9115,0,1,0,0,1,0,0,0,0,0,0,0,0,0,0,0,0,0,0,0,0.6928
1,0,1,1,1,0,0,0,0,0,1,0,1,0,0,1,0,0,0,0.0103,0,0,0,0,1,0,0,0,0,0,0,0,0,0,0,1,0,0,0,0,0.9336
1,0,0,1,1,0,0,1,0,0,0,0,1,0,1,0,0,0,0,0.9139,0,0,0,0,0,0,0,0,0,0,0,0,0,0,0,0,0,0,0,0,0.6619
1,0,1,0,1,0,0,0,0,0,0,1,1,1,0,0,0,0,0,0.8996,0,0,0,0,0,0,0,0,0,1,0,0,0,0,0,0,0,0,0,0,0.5753
1,1,1,1,1,0,1,0,0,0,0,0,1,1,0,0,0,0,1,0.8909,0,1,0,0,1,0,0,0,0,0,0,0,0,0,0,0,0,0,0,0,0.6787
1,1,1,1,1,1,0,0,0,0,0,0,1,0,0,0,1,0,0,0.9136,0,1,0,0,1,0,0,0,0,0,0,0,0,0,0,0,0,0,0,0,0.6928
1,0,0,0,1,0,0,0,0,0,1,0,1,1,0,0,0,1,0,0.3879,0,0,0,0,0,0,0,0,0,0,0,0,0,0,0,0,0,0,0,0,0.5918
1,1,1,1,1,0,0,0,0,1,0,0,1,0,0,0,1,0,0,0.0938,0,1,0,1,1,0,0,0,0,0,0,0,0,0,0,0,0,0,0,0,0.7896
1,1,0,1,1,0,0,0,0,0,0,1,1,0,0,1,0,1,1,0.0182,0,0,0,0,0,0,0,0,0,0,1,0,0,0,0,0,0,0,1,1,0.7419
1,0,1,1,1,0,0,1,0,0,0,0,1,0,1,0,0,1,1,0.8972,0,0,0,0,1,1,0,1,0,0,0,0,0,0,0,0,0,0,0,1,0.9504
1,0,1,1,1,0,0,0,0,0,1,0,1,0,0,0,1,1,0,0.88,0,0,0,0,1,0,0,1,0,0,0,0,0,0,0,0,0,0,0,0,0.3933
1,0,1,1,1,0,0,0,1,0,0,0,1,0,0,0,1,1,0,0.8917,0,0,0,0,1,0,0,1,0,0,0,0,0,0,0,0,0,0,0,0,0.5478
1,1,0,0,1,0,0,1,0,0,0,0,1,0,1,0,0,0,0,0.0852,0,0,1,0,0,0,0,0,0,0,0,0,0,0,0,0,0,0,0,0,0.2801
1,0,1,1,1,0,0,0,0,0,0,1,1,0,0,1,0,0,0,0.3614,0,0,0,0,1,0,0,0,0,0,1,0,0,0,0,0,0,0,0,0,0.4347
1,1,1,0,1,1,0,0,0,0,0,0,1,0,0,1,0,0,0,0.9017,0,1,0,0,0,0,0,0,0,0,0,0,0,0,0,0,0,0,0,0,0.7458
1,0,1,1,1,0,0,0,0,1,0,0,1,0,0,0,1,1,0,0.8993,0,0,0,0,1,0,1,1,0,0,0,0,0,0,0,0,1,0,0,0,0.8273
1,0,0,0,1,0,0,0,1,0,0,0,1,0,1,0,0,0,1,0.1136,0,0,0,0,0,0,0,0,0,0,0,0,1,0,0,0,0,0,0,0,0.9685
1,0,0,0,1,0,0,0,1,0,0,0,1,0,1,0,0,1,1,0.9144,0,0,0,0,0,0,0,0,0,0,0,0,1,0,0,0,0,0,0,1,0.7485
1,0,0,0,1,0,0,0,0,1,0,0,1,1,0,0,0,0,1,0.6457,0,0,0,0,0,0,0,0,0,0,0,0,0,0,0,0,0,0,0,0,1.0131
1,1,0,0,1,1,0,0,0,0,0,0,1,1,0,0,0,0,0,0.7421,0,0,0,0,0,0,0,0,0,0,0,0,0,0,0,0,0,0,0,0,0.7968
1,1,1,1,1,0,0,0,0,0,0,1,1,0,0,1,0,0,0,0.9003,0,1,0,0,1,0,0,0,0,0,1,0,0,0,0,0,0,0,0,0,0.7427
1,0,1,1,1,0,1,0,0,0,0,0,1,0,0,0,1,1,0,0.0994,0,0,0,0,1,0,0,1,0,0,0,1,0,0,0,0,0,0,0,0,-0.0216
1,1,0,1,1,1,0,0,0,0,0,0,1,0,0,0,1,1,0,0.9036,0,0,0,0,0,0,0,0,0,0,0,0,0,0,0,0,0,0,0,0,0.7604
1,0,1,1,1,0,1,0,0,0,0,0,1,0,0,1,0,0,0,0.3627,0,0,0,0,1,0,0,0,0,0,0,0,0,0,0,0,0,0,0,0,0.3707
1,1,1,1,1,1,0,0,0,0,0,0,1,1,0,0,0,1,0,0.899,0,1,0,0,1,0,0,1,0,0,0,0,0,0,0,0,0,0,0,0,0.8417
1,1,0,1,1,0,0,0,0,0,1,0,1,0,0,1,0,0,0,0.6834,0,0,0,0,0,0,0,0,0,0,0,0,0,0,0,1,0,0,0,0,1.3597
1,0,0,1,1,1,0,0,0,0,0,0,1,1,0,0,0,0,0,0.7908,0,0,0,0,0,0,0,0,0,0,0,0,0,0,0,0,0,0,0,0,0.7968
1,0,0,0,1,0,0,0,1,0,0,0,1,1,0,0,0,1,1,0.9043,0,0,0,0,0,0,0,0,0,0,0,0,0,0,0,0,0,0,0,1,0.5768
1,0,1,1,1,0,0,0,0,1,0,0,1,0,0,1,0,1,1,0.9171,0,0,0,0,1,0,1,1,0,0,0,0,0,0,1,0,1,0,0,1,0.3933
1,0,1,1,1,0,1,0,0,0,0,0,1,0,0,0,1,0,1,0.8996,1,0,0,0,1,0,0,0,0,0,0,0,0,0,0,0,0,0,0,0,0.6456
1,0,1,1,1,0,0,0,0,1,0,0,1,0,0,0,1,0,1,0.8752,1,0,0,0,1,0,0,0,0,0,0,0,0,0,0,0,0,0,0,0,0.8618
1,1,0,1,1,1,0,0,0,0,0,0,1,0,0,0,1,0,1,0.1255,1,0,0,0,0,0,0,0,0,0,0,0,0,0,0,0,0,0,0,0,1.0717
1,0,0,0,1,0,0,0,1,0,0,0,1,0,0,0,1,0,1,0.8996,1,0,0,0,0,0,0,0,0,0,0,0,0,0,0,0,0,0,0,0,1.0717
1,1,0,1,1,0,0,0,0,0,0,1,1,0,0,1,0,0,0,0.8345,0,0,0,0,0,0,0,0,0,0,1,0,0,0,0,0,0,0,0,0,0.8608
1,0,1,0,1,0,0,1,0,0,0,0,1,0,1,0,0,0,0,0.7392,0,0,0,0,0,1,0,0,0,0,0,0,0,0,0,0,0,0,0,0,1.024
1,0,1,1,1,0,0,0,0,0,1,0,1,0,0,0,1,0,1,0.0938,1,0,0,0,1,0,0,0,0,0,0,0,0,0,0,0,0,1,0,0,0.0297
1,0,1,1,1,0,0,0,0,0,1,0,1,0,0,1,0,1,1,0.7085,0,0,0,0,1,0,0,1,0,0,0,0,0,0,0,1,0,1,0,1,0.4658
1,0,1,1,1,0,0,0,0,0,0,1,1,0,0,1,0,1,1,0.8868,0,0,0,0,1,0,0,1,0,0,1,0,0,0,0,0,0,0,1,1,0.5293
1,0,1,1,1,0,0,0,1,0,0,0,1,0,0,0,1,0,1,0.8991,1,0,0,0,1,0,0,0,0,0,0,0,0,0,0,0,0,0,0,0,0.6456
1,1,0,0,1,0,0,0,0,0,1,0,1,1,0,0,0,0,0,0.4723,0,0,0,0,0,0,0,0,0,0,0,0,0,0,0,0,0,0,0,0,0.6423
1,0,1,1,1,0,1,0,0,0,0,0,1,0,0,1,0,1,1,0.0118,0,0,0,0,1,0,0,1,0,0,0,1,0,0,0,0,0,0,0,1,-0.2052
1,1,1,1,1,0,0,0,0,0,0,1,1,0,1,0,0,0,0,0.8009,0,1,0,0,1,0,0,0,0,0,1,0,0,0,0,0,0,0,0,0,0.7902
1,1,0,1,1,1,0,0,0,0,0,0,1,1,0,0,0,0,1,0.8533,0,0,0,0,0,0,0,0,0,0,0,0,0,0,0,0,0,0,0,0,0.7968
1,1,0,1,1,0,0,0,0,1,0,0,1,0,0,1,0,0,0,0.6286,0,0,0,1,0,0,0,0,0,0,0,0,0,0,1,0,0,0,0,0,0.6432
1,1,0,0,1,0,0,0,0,1,0,0,1,1,0,0,0,0,0,0.7549,0,0,0,1,0,0,0,0,0,0,0,0,0,0,0,0,0,0,0,0,0.8936
1,1,0,1,1,0,1,0,0,0,0,0,1,0,0,1,0,0,0,0.8984,0,0,0,0,0,0,0,0,0,0,0,0,0,0,0,0,0,0,0,0,0.7968
1,1,0,0,1,1,0,0,0,0,0,0,1,0,0,1,0,1,0,0.9084,0,0,0,0,0,0,0,0,0,0,0,0,0,0,0,0,0,0,0,0,0.7463
1,0,1,1,1,0,0,0,0,1,0,0,1,1,0,0,0,0,1,0.8998,0,0,0,0,1,0,0,0,0,0,0,0,0,0,0,0,0,0,0,0,0.5869
1,0,1,1,1,0,1,0,0,0,0,0,1,1,0,0,0,0,1,0.7411,0,0,0,0,1,0,0,0,0,0,0,0,0,0,0,0,0,0,0,0,0.3707
1,1,0,0,1,0,0,0,0,0,0,1,1,0,0,0,1,0,0,0.8404,0,0,0,0,0,0,0,0,0,0,0,0,0,0,0,0,0,0,0,0,0.7737
1,1,1,1,1,0,0,1,0,0,0,0,1,0,1,0,0,0,1,0.9179,0,1,1,0,1,1,0,0,0,0,0,0,0,0,0,0,0,0,0,0,0.8831
1,0,1,1,1,0,0,1,0,0,0,0,1,0,0,1,0,0,0,0.9145,0,0,0,0,1,1,0,0,0,0,0,0,0,0,0,0,0,0,0,0,0.9095
1,1,0,1,1,0,0,0,0,1,0,0,1,0,1,0,0,0,0,0.9119,0,0,0,1,0,0,0,0,0,0,0,0,0,1,0,0,0,0,0,0,0.1001
1,0,1,1,1,0,0,0,1,0,0,0,1,1,0,0,0,0,1,0.9154,0,0,0,0,1,0,0,0,0,0,0,0,0,0,0,0,0,0,0,0,0.3707
1,0,1,1,1,0,0,0,1,0,0,0,1,0,0,1,0,1,1,0.8747,0,0,0,0,1,0,0,1,0,0,0,0,0,0,0,0,0,0,0,1,0.3642
1,1,1,1,1,1,0,0,0,0,0,0,1,1,0,0,0,0,1,0.7446,0,1,0,0,1,0,0,0,0,0,0,0,0,0,0,0,0,0,0,0,0.6787
1,1,1,1,1,0,1,0,0,0,0,0,1,0,0,1,0,0,1,0.0024,0,1,0,0,1,0,0,0,0,0,0,0,0,0,0,0,0,0,0,0,0.6787
1,1,1,1,1,0,0,0,0,0,0,1,1,1,0,0,0,0,0,0.886,0,1,0,0,1,0,0,0,0,1,1,0,0,0,0,0,0,0,0,0,0.9175
1,1,1,1,1,0,0,0,0,0,1,0,1,0,0,1,0,0,1,0.9151,0,1,0,0,1,0,0,0,0,0,0,0,0,0,0,1,0,1,0,0,0.7803
1,0,1,1,1,0,0,0,0,0,1,0,1,1,0,0,0,0,1,0.7392,0,0,0,0,1,0,0,0,0,0,0,0,0,0,0,0,0,1,0,0,-0.2451
1,1,1,1,1,0,0,1,0,0,0,0,1,0,1,0,0,1,0,0.1032,0,1,1,0,1,1,0,1,0,0,0,0,0,0,0,0,0,0,0,0,1.046
1,0,1,1,1,0,1,0,0,0,0,0,1,0,1,0,0,0,1,0.0976,0,0,0,0,1,0,0,0,0,0,0,0,0,0,0,0,0,0,0,0,0.4182
1,1,1,1,1,0,0,0,0,0,0,1,1,0,0,1,0,0,1,0.683,0,1,0,0,1,0,0,0,0,0,1,0,0,0,0,0,0,0,0,0,0.7427
1,1,0,1,1,1,0,0,0,0,0,0,1,0,1,0,0,0,1,0.4375,0,0,0,0,0,0,0,0,0,0,0,0,0,0,0,0,0,0,0,0,0.8443
1,1,1,1,1,0,0,0,1,0,0,0,1,0,0,1,0,0,1,0.9029,0,1,0,0,1,0,0,0,0,0,0,0,0,0,0,0,0,0,0,0,0.6787
1,1,0,0,1,0,0,0,1,0,0,0,1,0,1,0,0,0,1,0.7182,0,0,0,0,0,0,0,0,0,0,0,0,1,0,0,0,0,0,0,0,0.9685
1,1,1,1,1,0,0,0,0,1,0,0,1,0,0,1,0,0,1,0.8863,0,1,0,1,1,0,0,0,0,0,0,0,0,0,1,0,0,0,0,0,0.5251
1,1,1,1,1,0,0,0,0,0,0,1,1,0,0,1,0,1,0,0.907,0,1,0,0,1,0,0,1,0,0,1,0,0,0,0,0,0,0,1,0,1.0068
1,0,1,1,1,0,0,0,0,0,1,0,1,0,1,0,0,0,1,0.0116,0,0,0,0,1,0,0,0,0,0,0,0,0,0,0,0,0,1,0,0,-0.1977
1,1,0,1,1,0,0,1,0,0,0,0,1,0,0,1,0,0,0,0.9086,0,0,1,0,0,0,0,0,0,0,0,0,0,0,0,0,0,0,0,0,0.2326
1,0,1,0,1,1,0,0,0,0,0,0,1,0,0,1,0,1,0,0.6952,0,0,0,0,0,0,0,1,0,0,0,0,0,0,0,0,0,0,0,0,0.6007
1,0,0,0,1,0,0,0,0,1,0,0,1,1,0,0,0,1,0,0.8999,0,0,0,0,0,0,0,0,0,0,0,0,0,0,0,0,1,0,0,0,1.0745
1,0,0,1,1,0,0,0,0,0,1,0,1,0,0,1,0,1,0,0.5269,0,0,0,0,0,0,0,0,0,0,0,0,0,0,0,1,0,0,0,0,1.3092
1,1,1,1,1,0,0,0,0,0,0,1,1,0,0,0,1,0,0,0.6804,0,1,0,0,1,0,0,0,0,0,1,0,0,0,0,0,0,0,0,0,0.7568
1,0,0,1,1,0,1,0,0,0,0,0,1,0,0,1,0,1,0,0.6965,0,0,0,0,0,0,0,0,0,0,0,1,0,0,0,0,0,0,0,0,0.177
1,0,0,1,1,0,1,0,0,0,0,0,1,0,0,1,0,0,0,0.3614,0,0,0,0,0,0,0,0,0,0,0,0,0,0,0,0,0,0,0,0,0.7968
1,0,1,1,1,0,0,0,1,0,0,0,1,0,1,0,0,0,1,0.4962,0,0,0,0,1,0,0,0,0,0,0,0,1,0,0,0,0,0,0,0,0.5424
1,0,0,1,1,0,0,0,0,0,0,1,1,0,0,1,0,1,0,0.7413,0,0,0,0,0,0,0,0,0,0,1,0,0,0,0,0,0,0,1,0,0.9114
1,0,1,0,1,0,0,1,0,0,0,0,1,0,0,0,1,0,0,0.9034,0,0,0,0,0,1,0,0,0,0,0,0,0,0,0,0,0,0,0,0,0.9906
1,1,1,1,1,0,0,0,1,0,0,0,1,0,0,1,0,1,0,0.717,0,1,0,0,1,0,0,1,0,0,0,0,0,0,0,0,0,0,0,0,0.8417
1,1,1,1,1,0,0,0,0,0,1,0,1,0,0,1,0,1,0,0.7331,0,1,0,0,1,0,0,1,0,0,0,0,0,0,0,1,0,0,0,0,1.4046
1,0,1,1,1,0,0,0,0,1,0,0,1,0,1,0,0,0,1,0.7992,0,0,0,0,1,0,0,0,0,0,0,0,0,1,0,0,0,0,0,0,-0.2066
1,0,1,0,1,0,0,0,1,0,0,0,1,0,1,0,0,0,1,0.9015,0,0,0,0,0,0,0,0,0,0,0,0,1,0,0,0,0,0,0,0,0.6094
1,1,0,0,1,0,0,0,0,0,0,1,1,1,0,0,0,0,0,0.8468,0,0,0,0,0,0,0,0,0,1,0,0,0,0,0,0,0,0,0,0,0.9344
1,1,1,0,1,0,0,1,0,0,0,0,1,0,1,0,0,1,1,0.6514,0,1,1,0,0,1,0,1,0,0,0,0,0,0,0,0,0,0,0,1,0.9436
1,0,1,1,1,0,0,0,0,0,1,0,1,1,0,0,0,1,0,0.91,0,0,0,0,1,0,0,1,0,0,0,0,0,0,0,0,0,0,0,0,0.3792
1,0,0,0,1,0,0,0,1,0,0,0,1,0,0,0,1,1,0,0.8754,0,0,0,0,0,0,0,0,0,0,0,0,0,0,0,0,0,0,0,0,0.7604
1,0,0,0,1,0,0,0,0,0,1,0,1,1,0,0,0,0,1,0.0963,0,0,0,0,0,0,0,0,0,0,0,0,0,0,0,0,0,1,0,0,0.181
1,1,1,1,1,0,1,0,0,0,0,0,1,0,0,1,0,1,0,0.221,0,1,0,0,1,0,0,1,0,0,0,1,0,0,0,0,0,0,0,0,0.2723
1,0,1,0,1,1,0,0,0,0,0,0,1,1,0,0,0,0,0,0.8862,0,0,0,0,0,0,0,0,0,0,0,0,0,0,0,0,0,0,0,0,0.4377
1,0,1,1,1,0,0,0,1,0,0,0,1,1,0,0,0,1,0,0.352,0,0,0,0,1,0,0,1,0,0,0,0,0,0,0,0,0,0,0,0,0.5336
1,0,1,0,1,0,0,0,0,0,1,0,1,1,0,0,0,0,0,0.874,0,0,0,0,0,0,0,0,0,0,0,0,0,0,0,0,0,0,0,0,0.2832
1,0,0,1,1,0,0,0,0,1,0,0,1,1,0,0,0,0,0,0.4011,0,0,0,0,0,0,0,0,0,0,0,0,0,0,0,0,0,0,0,0,1.0131
1,1,1,1,1,0,0,0,0,1,0,0,1,0,0,1,0,1,0,0.665,0,1,0,1,1,0,1,1,0,0,0,0,0,0,1,0,1,0,0,0,0.7513
1,0,0,0,1,0,0,0,1,0,0,0,1,1,0,0,0,0,1,0.9008,0,0,0,0,0,0,0,0,0,0,0,0,0,0,0,0,0,0,0,0,0.7968
1,0,0,1,1,0,0,1,0,0,0,0,1,0,0,1,0,1,0,0.9176,0,0,0,0,0,0,0,0,0,0,0,0,0,0,0,0,0,0,0,0,0.564
1,0,1,1,1,1,0,0,0,0,0,0,1,1,0,0,0,1,1,0.8316,0,0,0,0,1,0,0,1,0,0,0,0,0,0,0,0,0,0,0,1,0.3642
1,0,0,0,1,0,0,0,0,0,0,1,1,1,0,0,0,1,0,0.7955,0,0,0,0,0,0,0,0,0,1,0,0,0,0,0,0,0,0,1,0,0.985
1,0,0,1,1,0,1,0,0,0,0,0,1,0,1,0,0,0,0,0.7331,0,0,0,0,0,0,0,0,0,0,0,0,0,0,0,0,0,0,0,0,0.8443
1,0,0,0,1,1,0,0,0,0,0,0,1,1,0,0,0,1,0,0.0878,0,0,0,0,0,0,0,0,0,0,0,0,0,0,0,0,0,0,0,0,0.7463
1,1,0,0,1,0,0,1,0,0,0,0,1,0,0,0,1,0,0,0.0182,0,0,1,0,0,0,0,0,0,0,0,0,0,0,0,0,0,0,0,0,0.2467
1,0,1,0,1,1,0,0,0,0,0,0,1,0,1,0,0,1,0,0.8973,0,0,0,0,0,0,0,1,0,0,0,0,0,0,0,0,0,0,0,0,0.6482
1,0,1,1,1,0,1,0,0,0,0,0,1,1,0,0,0,1,0,0.6607,0,0,0,0,1,0,0,1,0,0,0,1,0,0,0,0,0,0,0,0,-0.0357
1,0,0,1,1,0,0,0,0,0,1,0,1,0,1,0,0,1,0,0.891,0,0,0,0,0,0,0,0,0,0,0,0,0,0,0,0,0,0,0,0,0.6393
1,0,1,1,1,0,0,0,0,0,0,1,1,0,0,0,1,1,0,0.9099,0,0,0,0,1,0,0,1,0,0,1,0,0,0,0,0,0,0,1,0,0.7129
1,0,1,1,1,0,0,0,0,1,0,0,1,1,0,0,0,1,0,0.916,0,0,0,0,1,0,1,1,0,0,0,0,0,0,0,0,1,0,0,0,0.8132
1,0,1,0,1,0,0,0,0,1,0,0,1,1,0,0,0,0,0,0.916,0,0,0,0,0,0,0,0,0,0,0,0,0,0,0,0,0,0,0,0,0.654
1,1,0,1,1,1,0,0,0,0,0,0,1,1,0,0,0,1,0,0.0039,0,0,0,0,0,0,0,0,0,0,0,0,0,0,0,0,0,0,0,0,0.7463
1,0,0,1,1,0,0,0,0,0,0,1,1,0,1,0,0,1,0,0.897,0,0,0,0,0,0,0,0,0,0,1,0,0,0,0,0,0,0,1,0,0.9589
1,0,1,1,1,0,0,0,0,1,0,0,1,0,1,0,0,0,0,0.8993,0,0,0,0,1,0,0,0,0,0,0,0,0,1,0,0,0,0,0,0,-0.2066
1,0,0,0,1,0,0,0,0,0,0,1,1,1,0,0,0,0,1,0.8056,0,0,0,0,0,0,0,0,0,1,0,0,0,0,0,0,0,0,0,0,0.9344
1,0,1,1,1,0,0,0,0,0,0,1,1,0,0,0,1,0,1,0.7392,1,0,0,0,1,0,0,0,0,0,1,0,0,0,0,0,0,0,0,0,0.7095
1,0,1,1,1,0,0,0,0,0,1,0,1,0,1,0,0,1,0,0.0963,0,0,0,0,1,0,0,1,0,0,0,0,0,0,0,0,0,0,0,0,0.4266
1,0,0,0,1,0,0,0,1,0,0,0,1,1,0,0,0,1,0,0.8468,0,0,0,0,0,0,0,0,0,0,0,0,0,0,0,0,0,0,0,0,0.7463
1,0,1,1,1,0,0,0,1,0,0,0,1,0,1,0,0,1,0,0.1037,0,0,0,0,1,0,0,1,0,0,0,0,1,0,0,0,0,0,0,0,0.7053
1,0,0,1,1,0,0,1,0,0,0,0,1,0,0,0,1,0,0,0.9157,0,0,0,0,0,0,0,0,0,0,0,0,0,0,0,0,0,0,0,0,0.6286
1,0,0,1,1,0,1,0,0,0,0,0,1,1,0,0,0,1,0,0.7331,0,0,0,0,0,0,0,0,0,0,0,1,0,0,0,0,0,0,0,0,0.177
1,1,0,0,1,0,1,0,0,0,0,0,1,0,1,0,0,0,0,0.5417,0,0,0,0,0,0,0,0,0,0,0,0,0,0,0,0,0,0,0,0,0.8443
1,0,0,1,1,0,1,0,0,0,0,0,1,0,0,0,1,1,0,0.1107,0,0,0,0,0,0,0,0,0,0,0,1,0,0,0,0,0,0,0,0,0.1911
1,0,0,0,1,1,0,0,0,0,0,0,1,1,0,0,0,0,1,0.6799,0,0,0,0,0,0,0,0,0,0,0,0,0,0,0,0,0,0,0,0,0.7968
1,0,0,1,1,0,0,0,0,0,1,0,1,1,0,0,0,0,0,0.1035,0,0,0,0,0,0,0,0,0,0,0,0,0,0,0,0,0,0,0,0,0.6423
1,1,0,0,1,1,0,0,0,0,0,0,1,0,1,0,0,1,0,0.8734,0,0,0,0,0,0,0,0,0,0,0,0,0,0,0,0,0,0,0,0,0.7938
1,0,1,1,1,0,0,0,0,1,0,0,1,0,1,0,0,1,0,0.9151,0,0,0,0,1,0,1,1,0,0,0,0,0,1,0,0,1,0,0,0,0.0197
1,1,0,1,1,1,0,0,0,0,0,0,1,0,1,0,0,1,0,0.7446,0,0,0,0,0,0,0,0,0,0,0,0,0,0,0,0,0,0,0,0,0.7938
1,0,1,1,1,0,1,0,0,0,0,0,1,0,1,0,0,1,0,0.911,0,0,0,0,1,0,0,1,0,0,0,1,0,0,0,0,0,0,0,0,0.0118
1,0,0,1,1,0,1,0,0,0,0,0,1,0,1,0,0,1,1,0.8972,0,0,0,0,0,0,0,0,0,0,0,1,0,0,0,0,0,0,0,1,0.055
1,0,0,1,1,0,0,0,0,0,1,0,1,0,1,0,0,1,1,0.0109,0,0,0,0,0,0,0,0,0,0,0,0,0,0,0,0,0,1,0,1,0.0085
1,0,0,1,1,0,0,0,1,0,0,0,1,0,1,0,0,1,1,0.1066,0,0,0,0,0,0,0,0,0,0,0,0,1,0,0,0,0,0,0,1,0.7485
1,0,1,1,1,0,0,0,0,0,0,1,1,1,0,0,0,0,1,0.4582,0,0,0,0,1,0,0,0,0,1,1,0,0,0,0,0,0,0,0,0,0.6094
1,0,0,1,1,0,0,0,0,1,0,0,1,0,1,0,0,1,1,0.3836,0,0,0,0,0,0,0,0,0,0,0,0,0,1,0,0,1,0,0,1,0.1116
1,0,0,1,1,1,0,0,0,0,0,0,1,0,0,0,1,1,1,0.9024,1,0,0,0,0,0,0,0,0,0,0,0,0,0,0,0,0,0,0,1,0.8517
1,0,0,1,1,0,1,0,0,0,0,0,1,0,0,0,1,1,1,0.9031,1,0,0,0,0,0,0,0,0,0,0,1,0,0,0,0,0,0,0,1,0.2823
1,0,1,1,1,0,0,0,0,0,0,1,1,0,1,0,0,0,0,0.7991,0,0,0,0,1,0,0,0,0,0,1,0,0,0,0,0,0,0,0,0,0.4821
1,0,1,1,1,0,0,0,0,1,0,0,1,1,0,0,0,0,0,0.896,0,0,0,0,1,0,0,0,0,0,0,0,0,0,0,0,0,0,0,0,0.5869
1,0,1,1,1,0,0,0,0,0,1,0,1,0,1,0,0,0,0,0.0064,0,0,0,0,1,0,0,0,0,0,0,0,0,0,0,0,0,0,0,0,0.2637
1,1,0,1,1,0,0,0,0,1,0,0,1,0,1,0,0,0,1,0.1961,0,0,0,1,0,0,0,0,0,0,0,0,0,1,0,0,0,0,0,0,0.1001
1,0,0,1,1,0,0,1,0,0,0,0,1,0,1,0,0,1,0,0.8967,0,0,0,0,0,0,0,0,0,0,0,0,0,0,0,0,0,0,0,0,0.6114
1,0,0,1,1,1,0,0,0,0,0,0,1,0,1,0,0,1,1,0.8005,0,0,0,0,0,0,0,0,0,0,0,0,0,0,0,0,0,0,0,1,0.6243
1,0,0,1,1,0,0,0,1,0,0,0,1,0,1,0,0,0,1,0.4962,0,0,0,0,0,0,0,0,0,0,0,0,1,0,0,0,0,0,0,0,0.9685
1,0,1,1,1,0,0,0,0,0,0,1,1,0,1,0,0,0,1,0.1136,0,0,0,0,1,0,0,0,0,0,1,0,0,0,0,0,0,0,0,0,0.4821
1,1,0,1,1,0,0,0,0,0,0,1,1,0,1,0,0,0,0,0.1022,0,0,0,0,0,0,0,0,0,0,1,0,0,0,0,0,0,0,0,0,0.9082
1,0,0,1,1,0,0,0,1,0,0,0,1,0,0,0,1,1,1,0.3007,1,0,0,0,0,0,0,0,0,0,0,0,0,0,0,0,0,0,0,1,0.8517
1,0,0,1,1,0,0,0,1,0,0,0,1,0,0,0,1,0,1,0.7956,1,0,0,0,0,0,0,0,0,0,0,0,0,0,0,0,0,0,0,0,1.0717
1,1,0,1,1,0,0,0,0,0,1,0,1,0,1,0,0,0,1,0.1007,0,0,0,0,0,0,0,0,0,0,0,0,0,0,0,0,0,1,0,0,0.2285
1,0,0,1,1,1,0,0,0,0,0,0,1,1,0,0,0,1,1,0.9152,0,0,0,0,0,0,0,0,0,0,0,0,0,0,0,0,0,0,0,1,0.5768
1,0,1,1,1,0,0,0,0,0,0,1,1,1,0,0,0,1,0,0.0085,0,0,0,0,1,0,0,1,0,1,1,0,0,0,0,0,0,0,1,0,0.8735
1,0,0,1,1,0,0,0,1,0,0,0,1,1,0,0,0,1,1,0.9008,0,0,0,0,0,0,0,0,0,0,0,0,0,0,0,0,0,0,0,1,0.5768
1,0,0,1,1,0,1,0,0,0,0,0,1,1,0,0,0,1,1,0.6457,0,0,0,0,0,0,0,0,0,0,0,1,0,0,0,0,0,0,0,1,0.0075
1,1,0,1,1,0,0,0,0,1,0,0,1,0,1,0,0,1,0,0.9101,0,0,0,1,0,0,0,0,0,0,0,0,0,1,0,0,1,0,0,0,0.1616
1,0,0,1,1,0,0,1,0,0,0,0,1,1,0,0,0,1,0,0.9103,0,0,0,0,0,0,0,0,1,0,0,0,0,0,0,0,0,0,0,0,0.4386
1,1,0,1,1,0,0,0,0,1,0,0,1,1,0,0,0,0,0,0.8997,0,0,0,1,0,0,0,0,0,0,0,0,0,0,0,0,0,0,0,0,0.8936
1,1,1,0,1,1,0,0,0,0,0,0,1,0,1,0,0,0,0,0.695,0,1,0,0,0,0,0,0,0,0,0,0,0,0,0,0,0,0,0,0,0.7932
1,1,0,1,1,0,0,0,0,0,1,0,1,0,1,0,0,0,0,0.9078,0,0,0,0,0,0,0,0,0,0,0,0,0,0,0,0,0,0,0,0,0.6898
1,1,0,1,1,0,0,0,0,0,1,0,1,0,1,0,0,1,0,0.8545,0,0,0,0,0,0,0,0,0,0,0,0,0,0,0,0,0,0,0,0,0.6393
1,1,0,1,1,0,0,0,0,1,0,0,1,0,0,0,1,1,0,0.9107,0,0,0,1,0,0,0,0,0,0,0,0,0,0,0,0,1,0,0,0,0.9692
1,0,0,1,1,0,1,0,0,0,0,0,1,0,1,0,0,1,0,0.7315,0,0,0,0,0,0,0,0,0,0,0,1,0,0,0,0,0,0,0,0,0.2244
1,0,0,1,1,0,0,1,0,0,0,0,1,0,0,0,1,1,0,0.8752,0,0,0,0,0,0,0,0,0,0,0,0,0,0,0,0,0,0,0,0,0.5781
1,0,1,1,1,0,1,0,0,0,0,0,1,0,1,0,0,0,0,0.098,0,0,0,0,1,0,0,0,0,0,0,0,0,0,0,0,0,0,0,0,0.4182
1,0,1,1,1,1,0,0,0,0,0,0,1,1,0,0,0,0,1,0.0917,0,0,0,0,1,0,0,0,0,0,0,0,0,0,0,0,0,0,0,0,0.3707
1,1,0,1,1,0,0,0,1,0,0,0,1,1,0,0,0,0,1,0.1008,0,0,0,0,0,0,0,0,0,0,0,0,0,0,0,0,0,0,0,0,0.7968
1,1,0,1,1,0,1,0,0,0,0,0,1,0,1,0,0,0,1,0.919,0,0,0,0,0,0,0,0,0,0,0,0,0,0,0,0,0,0,0,0,0.8443
1,0,1,0,1,0,0,0,1,0,0,0,1,0,0,1,0,0,1,0.7392,0,0,0,0,0,0,0,0,0,0,0,0,0,0,0,0,0,0,0,0,0.4377
1,0,1,1,1,0,0,0,0,0,0,1,1,0,1,0,0,1,0,0.9098,0,0,0,0,1,0,0,1,0,0,1,0,0,0,0,0,0,0,1,0,0.7462
1,1,1,0,1,1,0,0,0,0,0,0,1,1,0,0,0,0,0,0.1028,0,1,0,0,0,0,0,0,0,0,0,0,0,0,0,0,0,0,0,0,0.7458
1,1,0,1,1,0,0,0,0,0,1,0,1,0,0,0,1,1,0,0.0862,0,0,0,0,0,0,0,0,0,0,0,0,0,0,0,0,0,0,0,0,0.6059
1,1,0,1,1,0,0,0,0,0,0,1,1,1,0,0,0,0,0,0.899,0,0,0,0,0,0,0,0,0,1,1,0,0,0,0,0,0,0,0,0,1.0356
1,1,0,1,1,0,0,0,0,0,1,0,1,1,0,0,0,0,0,0.87,0,0,0,0,0,0,0,0,0,0,0,0,0,0,0,0,0,0,0,0,0.6423
1,0,1,1,1,1,0,0,0,0,0,0,1,0,0,0,1,0,1,0.8996,1,0,0,0,1,0,0,0,0,0,0,0,0,0,0,0,0,0,0,0,0.6456
1,1,0,1,1,0,0,0,1,0,0,0,1,1,0,0,0,1,0,0.9153,0,0,0,0,0,0,0,0,0,0,0,0,0,0,0,0,0,0,0,0,0.7463
1,1,0,1,1,0,0,0,0,1,0,0,1,0,0,0,1,0,1,0.7649,1,0,0,1,0,0,0,0,0,0,0,0,0,0,0,0,0,0,0,0,1.1685
1,1,0,1,1,0,0,0,0,1,0,0,1,0,0,0,1,0,0,0.097,0,0,0,1,0,0,0,0,0,0,0,0,0,0,0,0,0,0,0,0,0.9077
1,0,1,1,1,0,0,0,0,1,0,0,1,0,0,0,1,0,0,0.7413,0,0,0,0,1,0,0,0,0,0,0,0,0,0,0,0,0,0,0,0,0.6011
1,0,0,1,1,0,0,0,1,0,0,0,1,0,0,1,0,0,1,0.8973,0,0,0,0,0,0,0,0,0,0,0,0,0,0,0,0,0,0,0,0,0.7968
1,1,0,1,1,0,1,0,0,0,0,0,1,0,1,0,0,1,0,0.8659,0,0,0,0,0,0,0,0,0,0,0,1,0,0,0,0,0,0,0,0,0.2244
1,1,0,1,1,0,0,0,0,0,0,1,1,0,1,0,0,0,1,0.6372,0,0,0,0,0,0,0,0,0,0,1,0,0,0,0,0,0,0,0,0,0.9082
1,1,0,1,1,0,0,0,0,0,1,0,1,0,0,0,1,0,1,0.7544,1,0,0,0,0,0,0,0,0,0,0,0,0,0,0,0,0,1,0,0,0.4558
1,0,1,1,1,1,0,0,0,0,0,0,1,0,1,0,0,0,1,0.0025,0,0,0,0,1,0,0,0,0,0,0,0,0,0,0,0,0,0,0,0,0.4182
1,1,0,1,1,0,0,0,1,0,0,0,1,0,0,0,1,0,1,0.9119,1,0,0,0,0,0,0,0,0,0,0,0,0,0,0,0,0,0,0,0,1.0717
1,0,1,1,1,0,0,0,0,0,0,1,1,1,0,0,0,0,0,0.662,0,0,0,0,1,0,0,0,0,1,1,0,0,0,0,0,0,0,0,0,0.6094
1,0,0,1,1,0,0,0,0,1,0,0,1,0,0,0,1,1,1,0.9052,1,0,0,0,0,0,0,0,0,0,0,0,0,0,0,0,1,0,0,1,1.1799
1,0,1,1,1,0,0,1,0,0,0,0,1,0,0,0,1,0,0,0.9139,0,0,0,0,1,1,0,0,0,0,0,0,0,0,0,0,0,0,0,0,0.9236
1,1,0,1,1,0,0,0,0,0,0,1,1,0,1,0,0,1,0,0.9017,0,0,0,0,0,0,0,0,0,0,1,0,0,0,0,0,0,0,1,0,0.9589
1,0,1,1,1,0,0,0,0,0,1,0,1,1,0,0,0,0,0,0.7888,0,0,0,0,1,0,0,0,0,0,0,0,0,0,0,0,0,0,0,0,0.2162
1,0,0,1,1,0,0,0,0,0,1,0,1,0,0,0,1,1,1,0.6514,1,0,0,0,0,0,0,0,0,0,0,0,0,0,0,0,0,1,0,1,0.2359
1,1,0,0,1,1,0,0,0,0,0,0,1,1,0,0,0,1,0,0.7826,0,0,0,0,0,0,0,0,0,0,0,0,0,0,0,0,0,0,0,0,0.7463
1,1,0,1,1,0,1,0,0,0,0,0,1,0,1,0,0,0,0,0.0953,0,0,0,0,0,0,0,0,0,0,0,0,0,0,0,0,0,0,0,0,0.8443
1,1,0,1,1,0,0,1,0,0,0,0,1,0,0,0,1,0,0,0.9162,0,0,1,0,0,0,0,0,0,0,0,0,0,0,0,0,0,0,0,0,0.2467
1,0,1,0,1,1,0,0,0,0,0,0,1,1,0,0,0,1,0,0.916,0,0,0,0,0,0,0,1,0,0,0,0,0,0,0,0,0,0,0,0,0.6007
1,1,0,1,1,0,1,0,0,0,0,0,1,1,0,0,0,0,0,0.9137,0,0,0,0,0,0,0,0,0,0,0,0,0,0,0,0,0,0,0,0,0.7968
1,1,0,1,1,0,1,0,0,0,0,0,1,0,0,0,1,0,1,0.9115,1,0,0,0,0,0,0,0,0,0,0,0,0,0,0,0,0,0,0,0,1.0717
1,0,0,1,1,0,0,0,0,0,1,0,1,1,0,0,0,1,1,0.803,0,0,0,0,0,0,0,0,0,0,0,0,0,0,0,0,0,1,0,1,-0.039
1,1,0,1,1,0,0,0,1,0,0,0,1,0,0,0,1,1,0,0.683,0,0,0,0,0,0,0,0,0,0,0,0,0,0,0,0,0,0,0,0,0.7604
1,0,0,1,1,0,0,0,0,1,0,0,1,0,0,0,1,1,0,0.1003,0,0,0,0,0,0,0,0,0,0,0,0,0,0,0,0,1,0,0,0,1.0886
1,0,0,1,1,0,0,0,0,1,0,0,1,1,0,0,0,1,1,0.9127,0,0,0,0,0,0,0,0,0,0,0,0,0,0,0,0,1,0,0,1,0.9051
1,0,0,1,1,0,0,0,0,0,0,1,1,1,0,0,0,1,0,0.782,0,0,0,0,0,0,0,0,0,1,1,0,0,0,0,0,0,0,1,0,1.0862
1,1,0,1,1,0,1,0,0,0,0,0,1,0,0,0,1,1,0,0.3235,0,0,0,0,0,0,0,0,0,0,0,1,0,0,0,0,0,0,0,0,0.1911
1,0,0,1,1,0,0,0,0,0,1,0,1,1,0,0,0,1,0,0.7956,0,0,0,0,0,0,0,0,0,0,0,0,0,0,0,0,0,0,0,0,0.5918
1,1,0,1,1,0,0,0,0,0,0,1,1,0,0,0,1,1,0,0.6462,0,0,0,0,0,0,0,0,0,0,1,0,0,0,0,0,0,0,1,0,0.9255
1,0,1,1,1,1,0,0,0,0,0,0,1,0,0,0,1,1,0,0.1,0,0,0,0,1,0,0,1,0,0,0,0,0,0,0,0,0,0,0,0,0.5478
1,1,0,1,1,0,1,0,0,0,0,0,1,1,0,0,0,0,1,0.9162,0,0,0,0,0,0,0,0,0,0,0,0,0,0,0,0,0,0,0,0,0.7968
1,1,0,1,1,0,0,0,0,0,1,0,1,1,0,0,0,0,1,0.3123,0,0,0,0,0,0,0,0,0,0,0,0,0,0,0,0,0,1,0,0,0.181
1,1,0,1,1,0,0,0,0,1,0,0,1,1,0,0,0,0,1,0.1244,0,0,0,1,0,0,0,0,0,0,0,0,0,0,0,0,0,0,0,0,0.8936
1,0,1,1,1,0,0,0,1,0,0,0,1,0,0,1,0,0,0,0.0028,0,0,0,0,1,0,0,0,0,0,0,0,0,0,0,0,0,0,0,0,0.3707
1,1,0,1,1,0,0,0,1,0,0,0,1,0,0,1,0,0,0,0.9021,0,0,0,0,0,0,0,0,0,0,0,0,0,0,0,0,0,0,0,0,0.7968
1,0,0,1,1,0,0,0,0,0,1,0,1,0,0,0,1,1,0,0.1201,0,0,0,0,0,0,0,0,0,0,0,0,0,0,0,0,0,0,0,0,0.6059
1,1,0,1,1,0,0,0,1,0,0,0,1,0,1,0,0,1,0,0.9047,0,0,0,0,0,0,0,0,0,0,0,0,1,0,0,0,0,0,0,0,0.918
1,0,1,0,1,1,0,0,0,0,0,0,1,0,0,0,1,1,0,0.9017,0,0,0,0,0,0,0,1,0,0,0,0,0,0,0,0,0,0,0,0,0.6148
1,1,0,1,1,0,0,0,0,0,0,1,1,0,0,0,1,0,1,0.9055,1,0,0,0,0,0,0,0,0,0,1,0,0,0,0,0,0,0,0,0,1.1356
1,0,1,1,1,1,0,0,0,0,0,0,1,0,1,0,0,1,0,0.887,0,0,0,0,1,0,0,1,0,0,0,0,0,0,0,0,0,0,0,0,0.5811
1,1,0,1,1,0,1,0,0,0,0,0,1,1,0,0,0,1,0,0.4472,0,0,0,0,0,0,0,0,0,0,0,1,0,0,0,0,0,0,0,0,0.177
1,1,0,1,1,0,0,0,0,1,0,0,1,1,0,0,0,1,0,0.665,0,0,0,1,0,0,0,0,0,0,0,0,0,0,0,0,1,0,0,0,0.9551
1,0,1,1,1,1,0,0,0,0,0,0,1,1,0,0,0,1,0,0.394,0,0,0,0,1,0,0,1,0,0,0,0,0,0,0,0,0,0,0,0,0.5336
1,0,0,1,1,0,0,0,0,0,0,1,1,0,0,0,1,1,1,0.2084,1,0,0,0,0,0,0,0,0,0,1,0,0,0,0,0,0,0,1,1,1.0168
1,1,0,1,1,0,0,0,0,0,1,0,1,1,0,0,0,1,0,0.886,0,0,0,0,0,0,0,0,0,0,0,0,0,0,0,0,0,0,0,0,0.5918
1,0,1,1,1,0,1,0,0,0,0,0,1,1,0,0,0,0,0,0.9139,0,0,0,0,1,0,0,0,0,0,0,0,0,0,0,0,0,0,0,0,0.3707
1,1,0,1,1,0,0,0,1,0,0,0,1,0,1,0,0,0,1,0.6986,0,0,0,0,0,0,0,0,0,0,0,0,1,0,0,0,0,0,0,0,0.9685
1,1,0,1,1,0,0,1,0,0,0,0,1,1,0,0,0,0,0,0.0976,0,0,1,0,0,0,0,0,1,0,0,0,0,0,0,0,0,0,0,0,0.1073
1,0,0,1,1,0,0,0,0,0,0,1,1,0,0,0,1,1,0,0.8043,0,0,0,0,0,0,0,0,0,0,1,0,0,0,0,0,0,0,1,0,0.9255
1,0,0,1,1,0,0,0,0,1,0,0,1,0,0,1,0,1,0,0.0984,0,0,0,0,0,0,0,0,0,0,0,0,0,0,1,0,1,0,0,0,0.8241
1,0,1,1,1,0,1,0,0,0,0,0,1,0,0,0,1,0,0,0.9076,0,0,0,0,1,0,0,0,0,0,0,0,0,0,0,0,0,0,0,0,0.3848
1,0,1,0,1,0,0,1,0,0,0,0,1,0,0,1,0,1,1,0.0988,0,0,0,0,0,1,0,1,0,0,0,0,0,0,0,0,0,0,0,1,0.97
1,1,0,0,1,0,0,0,0,0,1,0,1,1,0,0,0,1,1,0.0028,0,0,0,0,0,0,0,0,0,0,0,0,0,0,0,0,0,1,0,1,-0.039
1,0,1,1,1,0,0,0,0,0,1,0,1,0,0,0,1,0,0,0.9083,0,0,0,0,1,0,0,0,0,0,0,0,0,0,0,0,0,0,0,0,0.2303
1,0,0,1,1,0,0,0,0,1,0,0,1,0,1,0,0,1,0,0.8425,0,0,0,0,0,0,0,0,0,0,0,0,0,1,0,0,1,0,0,0,0.281
1,1,0,0,1,0,0,0,1,0,0,0,1,0,1,0,0,1,1,0.8957,0,0,0,0,0,0,0,0,0,0,0,0,1,0,0,0,0,0,0,1,0.7485
1,0,1,0,1,1,0,0,0,0,0,0,1,1,0,0,0,1,1,0.0998,0,0,0,0,0,0,0,1,0,0,0,0,0,0,0,0,0,0,0,1,0.4312
1,0,0,1,1,0,0,0,1,0,0,0,1,0,0,1,0,1,0,0.8897,0,0,0,0,0,0,0,0,0,0,0,0,0,0,0,0,0,0,0,0,0.7463
1,1,0,0,1,0,0,0,0,1,0,0,1,1,0,0,0,1,1,0.8917,0,0,0,1,0,0,0,0,0,0,0,0,0,0,0,0,1,0,0,1,0.7856
1,1,0,0,1,0,1,0,0,0,0,0,1,1,0,0,0,1,1,0.0064,0,0,0,0,0,0,0,0,0,0,0,1,0,0,0,0,0,0,0,1,0.0075
1,1,0,0,1,1,0,0,0,0,0,0,1,0,0,0,1,1,0,0.0819,0,0,0,0,0,0,0,0,0,0,0,0,0,0,0,0,0,0,0,0,0.7604
1,0,1,1,1,0,0,0,0,0,0,1,1,0,0,0,1,0,0,0.9087,0,0,0,0,1,0,0,0,0,0,1,0,0,0,0,0,0,0,0,0,0.4488
1,0,0,1,1,0,0,0,0,0,0,1,1,1,0,0,0,1,1,0.7925,0,0,0,0,0,0,0,0,0,1,1,0,0,0,0,0,0,0,1,1,0.9167
1,1,0,1,1,0,0,0,0,0,0,1,1,1,0,0,0,0,1,0.394,0,0,0,0,0,0,0,0,0,1,1,0,0,0,0,0,0,0,0,0,1.0356
1,1,1,0,1,0,0,0,0,0,1,0,1,1,0,0,0,0,1,0.9073,0,1,0,0,0,0,0,0,0,0,0,0,0,0,0,0,0,1,0,0,0.1299
1,1,1,0,1,0,1,0,0,0,0,0,1,1,0,0,0,0,1,0.8043,0,1,0,0,0,0,0,0,0,0,0,0,0,0,0,0,0,0,0,0,0.7458
1,1,1,0,1,0,0,0,0,1,0,0,1,1,0,0,0,0,1,0.9036,0,1,0,1,0,0,0,0,0,0,0,0,0,0,0,0,0,0,0,0,0.8425
1,0,1,1,1,0,0,1,0,0,0,0,1,1,0,0,0,0,0,0.9103,0,0,0,0,1,1,0,0,1,0,0,0,0,0,0,0,0,0,0,0,0.7841
1,1,0,1,1,0,0,0,0,0,0,1,1,0,0,0,1,0,0,0.7345,0,0,0,0,0,0,0,0,0,0,1,0,0,0,0,0,0,0,0,0,0.8749
1,0,0,1,1,0,0,0,1,0,0,0,1,0,1,0,0,1,0,0.6591,0,0,0,0,0,0,0,0,0,0,0,0,1,0,0,0,0,0,0,0,0.918
1,0,0,1,1,0,0,0,0,1,0,0,1,1,0,0,0,1,0,0.9143,0,0,0,0,0,0,0,0,0,0,0,0,0,0,0,0,1,0,0,0,1.0745
1,0,1,1,1,0,0,1,0,0,0,0,1,0,1,0,0,0,0,0.0032,0,0,0,0,1,1,0,0,0,0,0,0,0,0,0,0,0,0,0,0,0.9569
1,1,1,0,1,0,0,0,1,0,0,0,1,0,1,0,0,0,1,0.3627,0,1,0,0,0,0,0,0,0,0,0,0,1,0,0,0,0,0,0,0,0.9174
1,1,0,1,1,0,0,0,0,0,1,0,1,0,0,0,1,0,0,0.0926,0,0,0,0,0,0,0,0,0,0,0,0,0,0,0,0,0,0,0,0,0.6564
1,0,1,1,1,0,0,1,0,0,0,0,1,0,0,1,0,1,0,0.8875,0,0,0,0,1,1,0,1,0,0,0,0,0,0,0,0,0,0,0,0,1.0724
1,1,1,0,1,1,0,0,0,0,0,0,1,0,0,0,1,0,0,0.9086,0,1,0,0,0,0,0,0,0,0,0,0,0,0,0,0,0,0,0,0,0.7599
1,1,0,0,1,1,0,0,0,0,0,0,1,1,0,0,0,1,1,0.0025,0,0,0,0,0,0,0,0,0,0,0,0,0,0,0,0,0,0,0,1,0.5768
1,1,0,1,1,0,1,0,0,0,0,0,1,0,0,0,1,0,0,0.9115,0,0,0,0,0,0,0,0,0,0,0,0,0,0,0,0,0,0,0,0,0.8109
1,1,1,0,1,0,1,0,0,0,0,0,1,0,0,0,1,0,0,0.9037,0,1,0,0,0,0,0,0,0,0,0,0,0,0,0,0,0,0,0,0,0.7599
1,1,1,0,1,1,0,0,0,0,0,0,1,1,0,0,0,0,1,0.916,0,1,0,0,0,0,0,0,0,0,0,0,0,0,0,0,0,0,0,0,0.7458
1,1,1,0,1,0,0,0,0,0,1,0,1,1,0,0,0,1,0,0.0067,0,1,0,0,0,0,0,1,0,0,0,0,0,0,0,0,0,0,0,0,0.7542
1,1,1,0,1,0,0,0,0,1,0,0,1,1,0,0,0,1,0,0.2215,0,1,0,1,0,0,1,1,0,0,0,0,0,0,0,0,1,0,0,0,1.0688
1,1,1,0,1,0,0,0,0,0,1,0,1,0,0,0,1,0,0,0.8972,0,1,0,0,0,0,0,0,0,0,0,0,0,0,0,0,0,0,0,0,0.6054
1,1,0,1,1,1,0,0,0,0,0,0,1,0,0,0,1,0,0,0.8783,0,0,0,0,0,0,0,0,0,0,0,0,0,0,0,0,0,0,0,0,0.8109
1,1,0,1,1,0,0,0,0,0,0,1,1,1,0,0,0,1,0,0.0939,0,0,0,0,0,0,0,0,0,1,1,0,0,0,0,0,0,0,1,0,1.0862
1,1,1,0,1,0,0,0,1,0,0,0,1,0,1,0,0,1,0,0.2215,0,1,0,0,0,0,0,1,0,0,0,0,1,0,0,0,0,0,0,0,1.0804
1,0,1,1,1,0,0,1,0,0,0,0,1,0,0,1,0,0,1,0.9031,0,0,0,0,1,1,0,0,0,0,0,0,0,0,0,0,0,0,0,0,0.9095
1,0,1,1,1,0,0,0,1,0,0,0,1,0,0,0,1,0,0,0.0082,0,0,0,0,1,0,0,0,0,0,0,0,0,0,0,0,0,0,0,0,0.3848
1,1,1,0,1,0,1,0,0,0,0,0,1,1,0,0,0,1,0,0.8637,0,1,0,0,0,0,0,1,0,0,0,1,0,0,0,0,0,0,0,0,0.3394
1,0,1,0,1,0,0,0,1,0,0,0,1,0,1,0,0,1,1,0.4361,0,0,0,0,0,0,0,1,0,0,0,0,1,0,0,0,0,0,0,1,0.6029
1,0,1,0,1,0,1,0,0,0,0,0,1,1,0,0,0,1,1,0.0799,0,0,0,0,0,0,0,1,0,0,0,1,0,0,0,0,0,0,0,1,-0.1381
1,1,0,1,1,0,0,1,0,0,0,0,1,0,1,0,0,0,0,0.8747,0,0,1,0,0,0,0,0,0,0,0,0,0,0,0,0,0,0,0,0,0.2801
1,1,1,0,1,0,0,0,0,0,0,1,1,1,0,0,0,0,1,0.4582,0,1,0,0,0,0,0,0,0,1,0,0,0,0,0,0,0,0,0,0,0.8834
1,0,1,0,1,0,0,0,0,1,0,0,1,1,0,0,0,1,0,0.1177,0,0,0,0,0,0,1,1,0,0,0,0,0,0,0,0,1,0,0,0,0.8802
1,1,1,0,1,0,0,0,0,0,0,1,1,0,0,0,1,0,0,0.914,0,1,0,0,0,0,0,0,0,0,0,0,0,0,0,0,0,0,0,0,0.7227
1,1,1,0,1,0,1,0,0,0,0,0,1,0,0,1,0,0,0,0.0033,0,1,0,0,0,0,0,0,0,0,0,0,0,0,0,0,0,0,0,0,0.7458
1,0,0,1,1,0,0,1,0,0,0,0,1,0,0,1,0,1,1,0.9023,0,0,0,0,0,0,0,0,0,0,0,0,0,0,0,0,0,0,0,1,0.3945
1,0,1,0,1,0,0,0,0,0,1,0,1,1,0,0,0,1,1,0.0385,0,0,0,0,0,0,0,1,0,0,0,0,0,0,0,0,0,1,0,1,-0.1846
1,1,1,0,1,1,0,0,0,0,0,0,1,1,0,0,0,1,0,0.0067,0,1,0,0,0,0,0,1,0,0,0,0,0,0,0,0,0,0,0,0,0.9087
1,0,1,0,1,0,0,0,0,1,0,0,1,1,0,0,0,1,1,0.9152,0,0,0,0,0,0,1,1,0,0,0,0,0,0,0,0,1,0,0,1,0.7107
1,0,1,0,1,0,1,0,0,0,0,0,1,0,0,0,1,1,1,0.4579,1,0,0,0,0,0,0,1,0,0,0,1,0,0,0,0,0,0,0,1,0.1367
1,0,1,0,1,0,0,0,0,0,1,0,1,0,0,0,1,1,1,0.0871,1,0,0,0,0,0,0,1,0,0,0,0,0,0,0,0,0,1,0,1,0.0903
1,1,1,0,1,0,0,0,0,0,1,0,1,0,0,1,0,0,0,0.732,0,1,0,0,0,0,0,0,0,0,0,0,0,0,0,1,0,0,0,0,1.3087
1,1,1,0,1,0,0,0,0,0,0,1,1,0,0,1,0,0,0,0.0971,0,1,0,0,0,0,0,0,0,0,0,0,0,0,0,0,0,0,0,0,0.7086
1,1,1,0,1,0,0,1,0,0,0,0,1,0,1,0,0,0,0,0.0808,0,1,1,0,0,1,0,0,0,0,0,0,0,0,0,0,0,0,0,0,0.9501
1,1,1,0,1,0,0,0,0,0,0,1,1,1,0,0,0,1,0,0.8637,0,1,0,0,0,0,0,1,0,1,0,0,0,0,0,0,0,0,1,0,1.1475
1,0,1,1,1,1,0,0,0,0,0,0,1,0,0,0,1,0,0,0.0082,0,0,0,0,1,0,0,0,0,0,0,0,0,0,0,0,0,0,0,0,0.3848
1,1,0,1,1,0,0,0,1,0,0,0,1,0,0,0,1,0,0,0.4011,0,0,0,0,0,0,0,0,0,0,0,0,0,0,0,0,0,0,0,0,0.8109
1,1,0,1,1,0,0,1,0,0,0,0,1,0,0,1,0,0,1,0.8897,0,0,1,0,0,0,0,0,0,0,0,0,0,0,0,0,0,0,0,0,0.2326
1,0,1,0,1,0,0,0,0,1,0,0,1,0,0,0,1,1,1,0.9075,1,0,0,0,0,0,1,1,0,0,0,0,0,0,0,0,1,0,0,1,0.9856
1,1,0,0,1,0,0,0,0,1,0,0,1,1,0,0,0,1,0,0.9038,0,0,0,1,0,0,0,0,0,0,0,0,0,0,0,0,1,0,0,0,0.9551
1,0,1,0,1,0,0,0,1,0,0,0,1,0,0,0,1,1,1,0.0871,1,0,0,0,0,0,0,1,0,0,0,0,0,0,0,0,0,0,0,1,0.7061
1,0,1,0,1,1,0,0,0,0,0,0,1,0,1,0,0,1,1,0.9131,0,0,0,0,0,0,0,1,0,0,0,0,0,0,0,0,0,0,0,1,0.4787
1,1,0,1,1,0,0,1,0,0,0,0,1,0,0,1,0,1,0,0.734,0,0,1,0,0,0,0,0,0,0,0,0,0,0,0,0,0,0,0,0,0.1821
1,0,1,0,1,1,0,0,0,0,0,0,1,0,0,0,1,1,1,0.1201,1,0,0,0,0,0,0,1,0,0,0,0,0,0,0,0,0,0,0,1,0.7061
1,1,1,0,1,0,1,0,0,0,0,0,1,0,1,0,0,0,0,0.8345,0,1,0,0,0,0,0,0,0,0,0,0,0,0,0,0,0,0,0,0,0.7932
1,1,1,0,1,0,0,0,0,0,1,0,1,0,0,0,1,0,1,0.919,1,1,0,0,0,0,0,0,0,0,0,0,0,0,0,0,0,1,0,0,0.4048
1,0,1,0,1,0,0,0,0,0,0,1,1,1,0,0,0,1,1,0.0062,0,0,0,0,0,0,0,1,0,1,0,0,0,0,0,0,0,0,1,1,0.67
1,1,0,1,1,0,0,0,1,0,0,0,1,0,1,0,0,0,0,0.0998,0,0,0,0,0,0,0,0,0,0,0,0,1,0,0,0,0,0,0,0,0.9685
1,1,1,0,1,0,0,0,0,1,0,0,1,1,0,0,0,0,0,0.91,0,1,0,1,0,0,0,0,0,0,0,0,0,0,0,0,0,0,0,0,0.8425
1,1,1,0,1,0,0,0,0,1,0,0,1,0,0,0,1,0,1,0.9139,1,1,0,1,0,0,0,0,0,0,0,0,0,0,0,0,0,0,0,0,1.1174
1,1,1,0,1,0,0,0,1,0,0,0,1,0,0,0,1,0,1,0.7393,1,1,0,0,0,0,0,0,0,0,0,0,0,0,0,0,0,0,0,0,1.0206
1,1,1,0,1,0,0,0,0,0,1,0,1,0,1,0,0,0,0,0.897,0,1,0,0,0,0,0,0,0,0,0,0,0,0,0,0,0,0,0,0,0.6387
1,1,0,0,1,0,0,1,0,0,0,0,1,0,1,0,0,1,0,0.8092,0,0,1,0,0,0,0,0,0,0,0,0,0,0,0,0,0,0,0,0,0.2295
1,1,1,0,1,0,0,0,0,0,0,1,1,0,1,0,0,0,0,0.8009,0,1,0,0,0,0,0,0,0,0,0,0,0,0,0,0,0,0,0,0,0.756
1,0,1,1,1,1,0,0,0,0,0,0,1,0,0,1,0,0,0,0.5138,0,0,0,0,1,0,0,0,0,0,0,0,0,0,0,0,0,0,0,0,0.3707
1,1,1,0,1,0,1,0,0,0,0,0,1,0,0,0,1,0,1,0.3494,1,1,0,0,0,0,0,0,0,0,0,0,0,0,0,0,0,0,0,0,1.0206
1,1,0,1,1,1,0,0,0,0,0,0,1,0,0,1,0,0,0,0.9107,0,0,0,0,0,0,0,0,0,0,0,0,0,0,0,0,0,0,0,0,0.7968
1,0,1,1,1,0,0,0,1,0,0,0,1,0,1,0,0,0,0,0.9109,0,0,0,0,1,0,0,0,0,0,0,0,1,0,0,0,0,0,0,0,0.5424
1,0,1,0,1,0,0,0,0,0,0,1,1,0,0,0,1,1,1,0.914,1,0,0,0,0,0,0,1,0,0,0,0,0,0,0,0,0,0,1,1,0.77
1,1,1,0,1,0,1,0,0,0,0,0,1,0,0,0,1,1,0,0.0951,0,1,0,0,0,0,0,1,0,0,0,1,0,0,0,0,0,0,0,0,0.3535
1,1,1,0,1,0,0,0,0,1,0,0,1,0,1,0,0,0,0,0.9101,0,1,0,1,0,0,0,0,0,0,0,0,0,1,0,0,0,0,0,0,0.0491
1,1,0,0,1,0,0,1,0,0,0,0,1,0,0,1,0,1,1,0.8974,0,0,1,0,0,0,0,0,0,0,0,0,0,0,0,0,0,0,0,1,0.0126
1,1,1,0,1,0,0,0,0,0,0,1,1,1,0,0,0,0,0,0.9103,0,1,0,0,0,0,0,0,0,1,0,0,0,0,0,0,0,0,0,0,0.8834
1,1,1,0,1,0,0,0,0,0,1,0,1,0,0,0,1,1,0,0.0948,0,1,0,0,0,0,0,1,0,0,0,0,0,0,0,0,0,0,0,0,0.7683
1,1,0,0,1,0,0,0,1,0,0,0,1,1,0,0,0,1,1,0.5492,0,0,0,0,0,0,0,0,0,0,0,0,0,0,0,0,0,0,0,1,0.5768
1,1,0,0,1,0,1,0,0,0,0,0,1,0,1,0,0,1,0,0.901,0,0,0,0,0,0,0,0,0,0,0,1,0,0,0,0,0,0,0,0,0.2244
1,1,1,0,1,0,0,0,0,1,0,0,1,0,0,0,1,1,0,0.3938,0,1,0,1,0,0,1,1,0,0,0,0,0,0,0,0,1,0,0,0,1.0829
1,0,1,0,1,0,0,1,0,0,0,0,1,0,1,0,0,1,0,0.3123,0,0,0,0,0,1,0,1,0,0,0,0,0,0,0,0,0,0,0,0,1.1869
1,1,1,0,1,1,0,0,0,0,0,0,1,0,0,0,1,0,1,0.4494,1,1,0,0,0,0,0,0,0,0,0,0,0,0,0,0,0,0,0,0,1.0206
1,1,1,0,1,0,0,0,0,0,1,0,1,1,0,0,0,0,0,0.9103,0,1,0,0,0,0,0,0,0,0,0,0,0,0,0,0,0,0,0,0,0.5913
1,1,0,0,1,0,0,0,0,1,0,0,1,0,0,0,1,1,1,0.6372,1,0,0,1,0,0,0,0,0,0,0,0,0,0,0,0,1,0,0,1,1.0605
1,1,1,0,1,0,0,1,0,0,0,0,1,0,0,1,0,0,1,0.7902,0,1,1,0,0,1,0,0,0,0,0,0,0,0,0,0,0,0,0,0,0.9026
1,1,0,0,1,0,0,0,0,0,0,1,1,1,0,0,0,1,0,0.0799,0,0,0,0,0,0,0,0,0,1,0,0,0,0,0,0,0,0,1,0,0.985
1,0,1,1,1,0,0,0,1,0,0,0,1,1,0,0,0,0,0,0.9022,0,0,0,0,1,0,0,0,0,0,0,0,0,0,0,0,0,0,0,0,0.3707
1,0,1,0,1,0,0,1,0,0,0,0,1,1,0,0,0,1,0,0.4375,0,0,0,0,0,1,0,1,1,0,0,0,0,0,0,0,0,0,0,0,1.0141
1,1,0,0,1,0,0,0,0,0,1,0,1,0,0,0,1,1,1,0.8915,1,0,0,0,0,0,0,0,0,0,0,0,0,0,0,0,0,1,0,1,0.2359
1,1,0,0,1,1,0,0,0,0,0,0,1,0,0,0,1,1,1,0.662,1,0,0,0,0,0,0,0,0,0,0,0,0,0,0,0,0,0,0,1,0.8517
1,1,0,0,1,0,1,0,0,0,0,0,1,0,0,0,1,1,1,0.4662,1,0,0,0,0,0,0,0,0,0,0,1,0,0,0,0,0,0,0,1,0.2823
1,1,1,0,1,0,0,0,0,1,0,0,1,0,0,1,0,0,0,0.6563,0,1,0,1,0,0,0,0,0,0,0,0,0,0,1,0,0,0,0,0,0.5921
1,1,1,0,1,0,0,0,1,0,0,0,1,1,0,0,0,0,1,0.9039,0,1,0,0,0,0,0,0,0,0,0,0,0,0,0,0,0,0,0,0,0.7458
1,1,1,0,1,0,0,0,0,0,0,1,1,0,0,0,1,0,1,0.9066,1,1,0,0,0,0,0,0,0,0,0,0,0,0,0,0,0,0,0,0,0.9834
1,1,1,0,1,0,0,0,0,0,0,1,1,0,0,0,1,1,0,0.9025,0,1,0,0,0,0,0,1,0,0,0,0,0,0,0,0,0,0,1,0,0.9868
1,1,0,1,1,1,0,0,0,0,0,0,1,0,1,0,0,0,0,0.6799,0,0,0,0,0,0,0,0,0,0,0,0,0,0,0,0,0,0,0,0,0.8443
1,1,0,0,1,0,0,0,0,0,1,0,1,1,0,0,0,1,0,0.874,0,0,0,0,0,0,0,0,0,0,0,0,0,0,0,0,0,0,0,0,0.5918
1,1,1,0,1,0,0,1,0,0,0,0,1,0,0,1,0,1,0,0.1096,0,1,1,0,0,1,0,1,0,0,0,0,0,0,0,0,0,0,0,0,1.0656
1,1,0,0,1,0,1,0,0,0,0,0,1,0,1,0,0,1,1,0.0033,0,0,0,0,0,0,0,0,0,0,0,1,0,0,0,0,0,0,0,1,0.055
1,0,1,0,1,0,1,0,0,0,0,0,1,0,1,0,0,1,0,0.906,0,0,0,0,0,0,0,1,0,0,0,1,0,0,0,0,0,0,0,0,0.0788
1,0,1,1,1,1,0,0,0,0,0,0,1,0,1,0,0,0,0,0.7908,0,0,0,0,1,0,0,0,0,0,0,0,0,0,0,0,0,0,0,0,0.4182
1,1,0,0,1,0,0,1,0,0,0,0,1,1,0,0,0,1,0,0.6986,0,0,1,0,0,0,0,0,1,0,0,0,0,0,0,0,0,0,0,0,0.0567
1,1,0,0,1,0,0,0,0,0,1,0,1,0,1,0,0,1,1,0.8957,0,0,0,0,0,0,0,0,0,0,0,0,0,0,0,0,0,1,0,1,0.0085
1,1,1,0,1,1,0,0,0,0,0,0,1,0,0,0,1,1,0,0.8972,0,1,0,0,0,0,0,1,0,0,0,0,0,0,0,0,0,0,0,0,0.9228
1,1,1,0,1,0,0,0,0,1,0,0,1,0,0,0,1,0,0,0.0086,0,1,0,1,0,0,0,0,0,0,0,0,0,0,0,0,0,0,0,0,0.8567
1,1,1,0,1,0,0,0,1,0,0,0,1,1,0,0,0,1,0,0.8756,0,1,0,0,0,0,0,1,0,0,0,0,0,0,0,0,0,0,0,0,0.9087
1,1,0,0,1,0,0,0,0,1,0,0,1,0,1,0,0,1,1,0.7377,0,0,0,1,0,0,0,0,0,0,0,0,0,1,0,0,1,0,0,1,-0.0079
1,1,1,0,1,0,0,0,0,1,0,0,1,0,1,0,0,0,1,0.6576,0,1,0,1,0,0,0,0,0,0,0,0,0,1,0,0,0,0,0,0,0.0491
1,1,1,0,1,0,0,0,0,0,0,1,1,0,1,0,0,0,1,0.8404,0,1,0,0,0,0,0,0,0,0,0,0,0,0,0,0,0,0,0,0,0.756
1,0,1,0,1,0,0,0,1,0,0,0,1,1,0,0,0,1,1,0.896,0,0,0,0,0,0,0,1,0,0,0,0,0,0,0,0,0,0,0,1,0.4312
1,0,1,0,1,0,0,0,0,0,1,0,1,1,0,0,0,1,0,0.8038,0,0,0,0,0,0,0,1,0,0,0,0,0,0,0,0,0,0,0,0,0.4462
1,1,1,0,1,1,0,0,0,0,0,0,1,0,1,0,0,0,1,0.9158,0,1,0,0,0,0,0,0,0,0,0,0,0,0,0,0,0,0,0,0,0.7932
1,1,1,0,1,0,0,0,0,0,1,0,1,0,1,0,0,0,1,0.0108,0,1,0,0,0,0,0,0,0,0,0,0,0,0,0,0,0,1,0,0,0.1774
1,1,1,0,1,0,1,0,0,0,0,0,1,0,1,0,0,0,1,0.1007,0,1,0,0,0,0,0,0,0,0,0,0,0,0,0,0,0,0,0,0,0.7932
1,1,1,1,1,0,0,1,0,0,0,0,1,0,0,1,0,0,0,0.7549,0,1,1,0,1,1,0,0,0,0,0,0,0,0,0,0,0,0,0,0,0.8356
1,0,1,0,1,0,0,0,0,0,0,1,1,1,0,0,0,1,0,0.0086,0,0,0,0,0,0,0,1,0,1,0,0,0,0,0,0,0,0,1,0,0.8394
1,1,0,1,1,0,0,0,1,0,0,0,1,1,0,0,0,0,0,0.9156,0,0,0,0,0,0,0,0,0,0,0,0,0,0,0,0,0,0,0,0,0.7968
1,0,1,0,1,0,1,0,0,0,0,0,1,0,0,0,1,1,0,0.9049,0,0,0,0,0,0,0,1,0,0,0,1,0,0,0,0,0,0,0,0,0.0455
1,0,1,0,1,0,0,0,0,0,0,1,1,0,0,1,0,1,0,0.1022,0,0,0,0,0,0,0,1,0,0,0,0,0,0,0,0,0,0,1,0,0.6646
1,0,1,1,1,1,0,0,0,0,0,0,1,1,0,0,0,0,0,0.9132,0,0,0,0,1,0,0,0,0,0,0,0,0,0,0,0,0,0,0,0,0.3707
1,1,1,0,1,0,0,1,0,0,0,0,1,1,0,0,0,0,0,0.0109,0,1,1,0,0,1,0,0,1,0,0,0,0,0,0,0,0,0,0,0,0.7773
1,0,1,0,1,0,0,0,0,0,1,0,1,0,0,1,0,1,0,0.6341,0,0,0,0,0,0,0,1,0,0,0,0,0,0,0,1,0,0,0,0,1.1636
1,1,1,0,1,0,0,0,1,0,0,0,1,0,0,0,1,1,0,0.9171,0,1,0,0,0,0,0,1,0,0,0,0,0,0,0,0,0,0,0,0,0.9228
1,1,1,0,1,0,0,0,1,0,0,0,1,1,0,0,0,0,0,0.8751,0,1,0,0,0,0,0,0,0,0,0,0,0,0,0,0,0,0,0,0,0.7458
1,1,0,0,1,0,0,0,0,1,0,0,1,0,0,0,1,1,0,0.9144,0,0,0,1,0,0,0,0,0,0,0,0,0,0,0,0,1,0,0,0,0.9692
1,1,1,0,1,0,0,0,0,0,0,1,1,0,1,0,0,1,0,0.6256,0,1,0,0,0,0,0,1,0,0,0,0,0,0,0,0,0,0,1,0,1.0201
1,1,0,0,1,0,1,0,0,0,0,0,1,0,0,0,1,1,0,0.0927,0,0,0,0,0,0,0,0,0,0,0,1,0,0,0,0,0,0,0,0,0.1911
1,0,1,0,1,0,0,0,0,1,0,0,1,0,0,0,1,1,0,0.9145,0,0,0,0,0,0,1,1,0,0,0,0,0,0,0,0,1,0,0,0,0.8943
1,1,1,0,1,0,0,0,0,1,0,0,1,0,1,0,0,1,0,0.9127,0,1,0,1,0,0,1,1,0,0,0,0,0,1,0,0,1,0,0,0,0.2753
1,1,1,1,1,0,0,1,0,0,0,0,1,0,1,0,0,0,0,0.9056,0,1,1,0,1,1,0,0,0,0,0,0,0,0,0,0,0,0,0,0,0.8831
1,0,1,0,1,0,0,0,1,0,0,0,1,0,1,0,0,1,0,0.664,0,0,0,0,0,0,0,1,0,0,0,0,1,0,0,0,0,0,0,0,0.7724
1,1,1,0,1,0,0,0,0,0,1,0,1,0,1,0,0,1,0,0.7277,0,1,0,0,0,0,0,1,0,0,0,0,0,0,0,0,0,0,0,0,0.8017
1,1,1,0,1,0,1,0,0,0,0,0,1,0,1,0,0,1,0,0.9023,0,1,0,0,0,0,0,1,0,0,0,1,0,0,0,0,0,0,0,0,0.3868
1,1,0,0,1,1,0,0,0,0,0,0,1,0,1,0,0,1,1,0.7085,0,0,0,0,0,0,0,0,0,0,0,0,0,0,0,0,0,0,0,1,0.6243
1,1,0,0,1,0,0,1,0,0,0,0,1,0,0,1,0,1,0,0.0149,0,0,1,0,0,0,0,0,0,0,0,0,0,0,0,0,0,0,0,0,0.1821
1,0,1,0,1,0,1,0,0,0,0,0,1,0,1,0,0,1,1,0.9034,0,0,0,0,0,0,0,1,0,0,0,1,0,0,0,0,0,0,0,1,-0.0907
1,1,0,0,1,0,0,0,1,0,0,0,1,0,0,0,1,1,1,0.9105,1,0,0,0,0,0,0,0,0,0,0,0,0,0,0,0,0,0,0,1,0.8517
1,1,0,0,1,0,0,0,0,0,0,1,1,0,0,1,0,1,0,0.8915,0,0,0,0,0,0,0,0,0,0,0,0,0,0,0,0,0,0,1,0,0.8103
1,0,1,0,1,0,0,0,0,0,1,0,1,0,1,0,0,1,1,0.0988,0,0,0,0,0,0,0,1,0,0,0,0,0,0,0,0,0,1,0,1,-0.1371
1,0,1,0,1,0,0,0,0,1,0,0,1,0,1,0,0,1,1,0.915,0,0,0,0,0,0,1,1,0,0,0,0,0,1,0,0,1,0,0,1,-0.0828
1,1,1,0,1,1,0,0,0,0,0,0,1,0,1,0,0,1,0,0.6286,0,1,0,0,0,0,0,1,0,0,0,0,0,0,0,0,0,0,0,0,0.9562
1,0,1,0,1,0,0,0,0,0,0,1,1,0,1,0,0,1,1,0.8971,0,0,0,0,0,0,0,1,0,0,0,0,0,0,0,0,0,0,1,1,0.5426
1,1,1,0,1,0,0,1,0,0,0,0,1,0,1,0,0,1,0,0.6623,0,1,1,0,0,1,0,1,0,0,0,0,0,0,0,0,0,0,0,0,1.1131
1,1,0,1,1,1,0,0,0,0,0,0,1,1,0,0,0,0,0,0.7817,0,0,0,0,0,0,0,0,0,0,0,0,0,0,0,0,0,0,0,0,0.7968
1,1,0,0,1,0,0,0,0,0,1,0,1,0,0,1,0,1,0,0.8327,0,0,0,0,0,0,0,0,0,0,0,0,0,0,0,1,0,0,0,0,1.3092
1,1,0,0,1,0,1,0,0,0,0,0,1,0,0,1,0,1,0,0.0118,0,0,0,0,0,0,0,0,0,0,0,1,0,0,0,0,0,0,0,0,0.177
1,0,0,1,1,1,0,0,0,0,0,0,1,1,0,0,0,1,0,0.0032,0,0,0,0,0,0,0,0,0,0,0,0,0,0,0,0,0,0,0,0,0.7463
1,0,1,0,1,0,0,0,0,1,0,0,1,0,0,1,0,1,0,0.9086,0,0,0,0,0,0,1,1,0,0,0,0,0,0,1,0,1,0,0,0,0.6298
1,1,0,0,1,0,0,0,0,0,1,0,1,0,1,0,0,1,0,0.695,0,0,0,0,0,0,0,0,0,0,0,0,0,0,0,0,0,0,0,0,0.6393
1,1,0,0,1,0,0,0,1,0,0,0,1,0,1,0,0,1,0,0.7414,0,0,0,0,0,0,0,0,0,0,0,0,1,0,0,0,0,0,0,0,0.918
1,0,1,0,1,0,0,1,0,0,0,0,1,0,0,1,0,1,0,0.3452,0,0,0,0,0,1,0,1,0,0,0,0,0,0,0,0,0,0,0,0,1.1394
1,0,1,0,1,0,1,0,0,0,0,0,1,0,0,1,0,1,0,0.1087,0,0,0,0,0,0,0,1,0,0,0,1,0,0,0,0,0,0,0,0,0.0313
1,1,0,0,1,0,0,0,0,0,0,1,1,0,1,0,0,1,0,0.9003,0,0,0,0,0,0,0,0,0,0,0,0,0,0,0,0,0,0,1,0,0.8577
1,1,1,0,1,0,0,0,1,0,0,0,1,0,1,0,0,0,0,0.4494,0,1,0,0,0,0,0,0,0,0,0,0,1,0,0,0,0,0,0,0,0.9174
1,0,0,1,1,1,0,0,0,0,0,0,1,0,0,1,0,1,0,0.7303,0,0,0,0,0,0,0,0,0,0,0,0,0,0,0,0,0,0,0,0,0.7463
1,0,1,0,1,0,0,0,0,0,1,0,1,0,1,0,0,1,0,0.8991,0,0,0,0,0,0,0,1,0,0,0,0,0,0,0,0,0,0,0,0,0.4937
1,1,0,0,1,0,0,0,0,1,0,0,1,0,0,1,0,1,0,0.7902,0,0,0,1,0,0,0,0,0,0,0,0,0,0,1,0,1,0,0,0,0.7046
1,0,1,0,1,0,1,0,0,0,0,0,1,1,0,0,0,1,0,0.8832,0,0,0,0,0,0,0,1,0,0,0,1,0,0,0,0,0,0,0,0,0.0313
1,0,1,0,1,0,0,1,0,0,0,0,1,0,0,0,1,1,0,0.0142,0,0,0,0,0,1,0,1,0,0,0,0,0,0,0,0,0,0,0,0,1.1536
1,0,1,0,1,0,0,0,0,0,0,1,1,0,1,0,0,1,0,0.9036,0,0,0,0,0,0,0,1,0,0,0,0,0,0,0,0,0,0,1,0,0.7121
1,0,1,0,1,0,0,0,0,0,1,0,1,0,0,0,1,1,0,0.732,0,0,0,0,0,0,0,1,0,0,0,0,0,0,0,0,0,0,0,0,0.4603
1,1,0,0,1,0,1,0,0,0,0,0,1,1,0,0,0,1,0,0.8832,0,0,0,0,0,0,0,0,0,0,0,1,0,0,0,0,0,0,0,0,0.177
1,1,1,0,1,0,0,0,1,0,0,0,1,0,0,1,0,0,0,0.707,0,1,0,0,0,0,0,0,0,0,0,0,0,0,0,0,0,0,0,0,0.7458
1,0,0,1,1,1,0,0,0,0,0,0,1,0,1,0,0,1,0,0.4118,0,0,0,0,0,0,0,0,0,0,0,0,0,0,0,0,0,0,0,0,0.7938
1,1,0,0,1,0,0,1,0,0,0,0,1,0,0,0,1,1,0,0.9105,0,0,1,0,0,0,0,0,0,0,0,0,0,0,0,0,0,0,0,0,0.1962
1,0,1,0,1,0,0,0,0,0,0,1,1,0,0,0,1,1,0,0.6637,0,0,0,0,0,0,0,1,0,0,0,0,0,0,0,0,0,0,1,0,0.6788
1,1,0,0,1,0,0,0,0,1,0,0,1,0,1,0,0,1,0,0.9005,0,0,0,1,0,0,0,0,0,0,0,0,0,1,0,0,1,0,0,0,0.1616
1,1,0,0,1,0,0,0,0,0,0,1,1,0,0,0,1,1,0,0.7951,0,0,0,0,0,0,0,0,0,0,0,0,0,0,0,0,0,0,1,0,0.8244
1,0,1,0,1,0,0,0,0,1,0,0,1,0,1,0,0,1,0,0.9041,0,0,0,0,0,0,1,1,0,0,0,0,0,1,0,0,1,0,0,0,0.0867
1,1,1,0,1,0,1,0,0,0,0,0,1,1,0,0,0,0,0,0.8695,0,1,0,0,0,0,0,0,0,0,0,0,0,0,0,0,0,0,0,0,0.7458
1,1,0,0,1,0,0,0,0,0,1,0,1,0,0,0,1,1,0,0.4579,0,0,0,0,0,0,0,0,0,0,0,0,0,0,0,0,0,0,0,0,0.6059
1,0,0,1,1,1,0,0,0,0,0,0,1,0,0,0,1,1,0,0.1137,0,0,0,0,0,0,0,0,0,0,0,0,0,0,0,0,0,0,0,0,0.7604
1,1,1,0,1,0,0,1,0,0,0,0,1,0,0,0,1,0,0,0.9147,0,1,1,0,0,1,0,0,0,0,0,0,0,0,0,0,0,0,0,0,0.9168
1,1,1,0,1,0,0,0,1,0,0,0,1,0,0,0,1,0,0,0.9086,0,1,0,0,0,0,0,0,0,0,0,0,0,0,0,0,0,0,0,0,0.7599
